altitude_m,pressure_kpa,temp_c,air_density_kg_m3,density_ratio,battery_soh_pct,payload_kg,current_load_a,usable_capacity_pct,flight_endurance_min,hotspot_delta_c,risk_score,recommendation
3279.889321126731,67.64887882378302,2.7734740664386663,0.8541111719514729,0.6972336097563043,93.05749064409785,2.585606946663199,10.845248022353072,74.78263769892116,23.612252706173955,20.651166461676524,40.43757196481079,REDUCE_LOAD_PAYLOAD
2282.4032938224577,76.74707800714212,9.632693577497449,0.9454780948734645,0.7718188529579301,80.45369036326139,2.1814514085345666,24.633763427132827,70.94508646994677,10.349836340662073,48.16284119964601,43.11592842510717,CRITICAL_ABORT
5860.801971063956,48.08850979771594,-8.117305241905566,0.6320978534434781,0.5159982477089617,82.17147515643697,0.20482539676131628,14.375691870083571,55.832454036113305,15.421628211664059,36.990600928775855,65.56227184331189,PREHEAT_BATTERY
664.3235599578941,93.59476765157513,29.197759909863876,1.078418337478653,0.8803414999825737,94.70686548484599,2.9820123414110906,9.817735241603161,94.70686548484599,34.136806260945704,17.541459173803883,22.80100527197844,REDUCE_LOAD_PAYLOAD
2535.2905698716677,74.35195432175082,0.3304660086540743,0.9471276728385354,0.7731654472151309,89.71203401233107,2.021328133343521,16.394581227167684,69.59566352453415,16.87539941891481,30.222821398372496,41.41015311255611,REDUCE_LOAD_PAYLOAD
252.14805102843175,98.33234477387848,14.429160341541762,1.1911910800876333,0.9724008817041904,82.16590429819246,2.590836299160919,22.857966197422414,76.94774720628547,12.758354970059418,36.99516060190261,31.14321296693872,REDUCE_LOAD_PAYLOAD
4439.424724601582,58.19122354341358,-6.966434737682191,0.761585558121578,0.6217024964257779,74.01934768662129,2.010559219902141,23.083947030214603,51.26451552724657,8.857010096582194,51.09764697271402,70.73955951450553,CRITICAL_ABORT
5508.459313194904,50.448966351421824,-7.891297619897553,0.6625597975175466,0.5408651408306502,95.97243613957383,1.9672452892898238,8.186420572959603,65.45696425127352,26.322231237220603,19.5258861180814,61.300906000609096,PREHEAT_BATTERY
1680.2239773029366,82.70263685460819,16.5629121000689,0.9944751922915764,0.8118164835033277,85.19571405916955,0.6871564379110673,23.067027660773796,81.85750725889567,15.800989510381397,41.53134368267594,31.399859852188566,REDUCE_LOAD_PAYLOAD
5150.050060794725,52.94545164415653,-3.126468120246461,0.6830767330459049,0.5576136596293101,72.74016635387427,1.1148548605645958,12.615231697497595,53.56282257788928,15.97437518648107,30.372396791299902,61.084506954024775,REDUCE_LOAD_PAYLOAD
1753.3093827713865,81.96049418738286,7.605001370159448,1.016996634235964,0.8302013340701746,74.41919134233036,0.6354107677758232,8.662530187463192,63.90353751049926,34.47641632500357,15.858212595490388,26.761229587988048,NOMINAL_FLIGHT
5464.620969863491,50.74909963067641,-22.100755618957077,0.7042257027022406,0.5748781246548903,93.10965811276861,0.7826651825013697,22.412434596168865,48.42180674630702,8.72541589567496,53.35625067003282,83.19193725289797,CRITICAL_ABORT
4523.771421580704,57.54744206160381,-0.11444326376384595,0.7342589777719558,0.5993950838954741,66.54509467306094,3.8919095216812196,22.68573485179954,51.285994816433856,5.622251526629706,52.774718486939896,72.44131702421703,REPLACE_BATTERY
4829.440661048632,55.26253392735308,-10.53234566164228,0.7330765467349305,0.5984298340693309,99.7232265460087,0.6124537830887937,18.13592835731995,65.0126886792829,14.63896948775396,41.60997264989438,60.085681393292994,PREHEAT_BATTERY
108.039333602727,100.03382051652133,14.205305009639087,1.2127466547272354,0.98999726916509,69.56230879001771,1.0770816972208306,17.76537387403809,64.96705586021433,17.103238316262455,26.86842024680026,25.981702058510677,REPLACE_BATTERY
5776.862142444155,48.64256070735009,-11.824285196090104,0.6484503535617799,0.5293472273973714,92.86239838889281,2.36235863095434,21.82304463456413,59.1722126552327,8.884191651022112,55.07422353203485,78.3383369436038,CRITICAL_ABORT
4360.02595242194,58.802556239262906,0.6257097503507785,0.748244858355878,0.6108121292701044,78.8171360870089,2.4407143049465674,21.367262396074757,61.409038875376645,8.568895673875907,50.13287487048097,60.06967147278175,CRITICAL_ABORT
1828.5065723168,81.20254542265432,12.504421619334414,0.9903099464925926,0.808416282851096,82.22756641506135,0.6158965189753163,23.13179304852597,75.2012542871449,14.482461644294734,42.13600249866466,33.07532786851621,REDUCE_LOAD_PAYLOAD
4976.367989153082,54.190693698498066,-9.63563386040748,0.7164120176665203,0.5848261368706288,95.82277021126022,3.1748697031408493,17.39670660914396,63.449408929692325,10.474787092465945,39.29545311246444,70.39738968087211,CRITICAL_ABORT
1689.1271904895798,82.61193959698032,13.2238621010882,1.0049672081982255,0.820381394447531,79.45189163562246,3.1408114716513,24.450000576457747,73.31439413142539,10.835793627154725,43.41243927215943,43.49312323662171,CRITICAL_ABORT
5236.523037396768,52.3341681563834,-10.8903135550829,0.6951783472704645,0.5674925283840526,83.8122813785632,0.9492708168155644,24.934496125866755,54.29782215088576,8.100932663303702,60.101351223232115,73.80092540699525,CRITICAL_ABORT
675.4823424716221,93.46912707964343,13.86912921423362,1.1344877036586904,0.9261124111499514,66.72548818432095,1.1546652107018418,9.981258369976754,62.06191523792307,29.26149098133749,17.714814336251223,25.90514236202342,REPLACE_BATTERY
4222.115864764774,59.87675428935881,-6.01715650592319,0.7808604244722239,0.6374370812018154,65.08216158536086,3.751951461837988,22.442243912420075,45.77907985106555,6.024340447928511,50.05046680475915,77.60600479270387,REPLACE_BATTERY
3244.190859869462,67.95864702437066,6.51915893591757,0.8465304733987141,0.6910452844071135,73.5679955550604,3.3026857839179122,16.496978381726013,62.26194916257824,11.680531997150638,33.185342778985486,50.4589069570285,CRITICAL_ABORT
579.2068211726449,94.55763332861017,22.843548369260308,1.1129016787311878,0.9084911663111737,88.82040825215685,2.7911881322500953,14.588627751097146,88.82040825215685,22.037126655843288,26.03647507293219,26.511695715181673,REDUCE_LOAD_PAYLOAD
1451.362969553034,85.06187405865876,16.40643972773938,1.0233970657791984,0.8354261761462843,69.24427126756979,0.3289328860424021,18.422229268006156,66.40756979724974,16.96884442362849,32.52178593749307,31.517624928872635,REPLACE_BATTERY
74.42421766388874,100.43411899145734,19.540500175917828,1.1954050777697671,0.9758408798120547,68.98166855815923,1.6730563236103029,8.95141447345412,68.62032202209122,32.70181028889756,14.963316406401658,22.935367171961396,REPLACE_BATTERY
2812.607792787035,71.79540292123669,5.810533536205936,0.8965950171693537,0.7319142997300846,79.38362128125661,2.237207488307308,16.609839019040358,66.54253323708453,14.277454908415669,31.696347097630934,41.97804283539451,REDUCE_LOAD_PAYLOAD
1807.5915645600023,81.4127857012334,2.3653295981457116,1.0294121649375643,0.8403364611735218,87.67429635128792,0.7496451519351077,22.805139690453334,70.0486729161761,15.040553944106145,38.183060375660204,34.514138019903044,REDUCE_LOAD_PAYLOAD
3590.144905786553,65.0045230632471,2.5564414318143536,0.8213705214832885,0.6705065481496232,89.92251972867757,1.792906328432898,11.62884577436247,72.04083609853699,22.175326152232696,23.369844206796667,41.10260652344804,NOMINAL_FLIGHT
1783.4268462517032,81.65624106417509,20.552014038431764,0.9685563839756118,0.7906582726331525,71.24577359344312,2.40410350995476,15.248628211080227,71.24577359344312,17.42593778111422,25.55315268462909,38.631867601074994,REPLACE_BATTERY
1799.514669041908,81.49409354292231,5.932493991017068,1.0172694141155265,0.8304240115228787,67.78558515802149,1.3095067204615969,23.971175091152883,56.91484011554653,9.710885725245724,44.243715271621625,41.06556935385966,REPLACE_BATTERY
4459.15919238962,58.04007895965893,-6.914173117121308,0.7594583232188169,0.6199659781378096,97.91389618809404,3.1237792758019487,15.285585242696854,67.87180048870248,12.990522895063558,34.45465771635898,61.92442946019419,PREHEAT_BATTERY
288.8570158701207,97.90269317636051,24.767963290394864,1.1448284075280961,0.9345538020637518,74.12332338967356,3.361798326555222,14.092249749650772,74.12332338967356,18.109024253343673,22.021126323993524,31.803929647229168,REDUCE_LOAD_PAYLOAD
5417.369971151923,51.0742145674438,-3.9486916403500825,0.66094752273184,0.5395489981484408,94.86712741630534,1.294437877736283,15.48912301809743,68.96697058949789,15.514723894975637,39.18549752362332,58.28387605680229,REDUCE_LOAD_PAYLOAD
5113.583246347089,53.20496503619288,-10.479414182756821,0.705639962573395,0.5760326225088939,95.22220076619864,3.3546286179698286,16.830697030798458,62.13578814556748,10.098300012593647,40.18610187392834,72.75503789069595,CRITICAL_ABORT
4006.828099358439,61.58537666653999,-4.505634292159337,0.7986239207913373,0.6519378945235406,92.03829071168906,0.4143062644120601,18.743852850234973,66.32608441084956,15.073224946946189,40.87851352176509,50.36648351611048,REDUCE_LOAD_PAYLOAD
3559.3294206443056,65.26336191340555,-7.980256946268401,0.8574087729217793,0.6999255289157381,70.90917623283995,3.3509163944906253,21.61177761558443,48.290926765228726,7.031774774329721,44.95625685979003,72.05385465647706,REPLACE_BATTERY
5353.814988837913,51.51416837639734,-9.282606780905903,0.6801166630396723,0.5551972759507529,93.763051073897,0.6110017266704664,15.685737497993342,62.462908344902885,15.818265387979364,38.195242867411075,62.25534666992122,PREHEAT_BATTERY
1111.9810771722866,88.66049423598095,27.982503199098858,1.025687262935562,0.8372957248453566,91.92376957345553,0.3317086100389042,21.897175896532385,91.92376957345553,20.57175816250773,37.9129424186833,23.69544975836089,REDUCE_LOAD_PAYLOAD
473.81497314497165,95.76095530744553,23.306994984381067,1.12530232616299,0.9186141438065224,85.8853046537176,2.567101617764045,17.07325124298537,85.8853046537176,20.045377853895772,28.619902106452887,27.574645860284235,REDUCE_LOAD_PAYLOAD
1437.0610194572287,85.2110968682477,15.547708477609447,1.0282418308659302,0.8393810864211675,76.80207123091334,1.8877494630211773,13.75416867625562,72.90389582957823,21.74632950772265,24.849839628725057,31.83369270809695,NOMINAL_FLIGHT
4767.469672201141,55.71973047497012,-4.378141315472492,0.7222169238720348,0.589564835813906,74.18780114932905,3.631562401651331,19.18516407803004,53.570209165880364,6.856771074066543,44.87581037950865,73.227736383819,CRITICAL_ABORT
208.02160035889995,98.8508320355439,23.59239957792414,1.160494732982981,0.9473426391697802,69.26612242281256,1.4527567843633968,20.201278330639354,69.26612242281256,15.412198932041415,34.01692178582712,29.538921427188875,REPLACE_BATTERY
3496.841010500938,65.79080408492156,-1.794538429556746,0.8446350044616333,0.6894979628258231,82.8414973415305,1.1486090537505147,17.486832585701286,62.25888629148959,14.42656569375009,35.672436653646315,49.35654477683976,REDUCE_LOAD_PAYLOAD
5972.625097147859,47.35836239361022,-9.705663553072558,0.6262536337052592,0.5112274560859259,85.48413064284463,2.0029396245767934,8.962454543290297,56.53539444920767,20.04897713252054,22.73466123350471,70.45615992352444,PREHEAT_BATTERY
5134.176563025237,53.058287943822535,-7.243340044105265,0.6951306950667915,0.5674536286259522,77.57686466805255,1.8237847430746452,10.888008877734023,53.48350156578944,18.250949704930473,26.546197672490734,65.86146681659213,PREHEAT_BATTERY
3128.674134261537,68.96890804892682,4.751684386968298,0.8645788748959528,0.7057786733844512,81.6375673688304,1.377712184868753,12.85006125513388,67.44644388726168,21.160959269929126,25.441405125663717,37.85188671941118,NOMINAL_FLIGHT
381.84545571985404,96.82113016432386,17.6411744014297,1.1599289158822235,0.9468807476589579,77.72300600792434,2.7749651947933143,12.804635301175383,75.63298682359404,20.801158068487254,20.861915843226488,28.11328038343912,REDUCE_LOAD_PAYLOAD
4988.241086314259,54.10481960879595,-0.9060274013688865,0.6923411240055415,0.5651764277596256,87.43521200622455,3.038247335655633,19.448153604196797,66.59689051249298,9.37406240514878,46.3038112706132,63.645301354190615,CRITICAL_ABORT
3593.8710490632634,64.97328123390216,4.963351907754337,0.8138706913404106,0.6643842378289065,96.54407227287972,3.4119358761205465,8.311927248451754,79.99470093506,26.349486273067658,17.318146086913952,39.99971608591236,REDUCE_LOAD_PAYLOAD
689.597982357401,93.31038991446839,17.753008927840384,1.1174400676677492,0.9121959736063258,70.73720917164307,3.8914264188413714,20.84659020984184,68.92522616839194,9.781381284024642,35.84126025650136,41.36543488357,REPLACE_BATTERY
563.1437089401372,94.7402403810728,26.348690160298794,1.1020010383895011,0.8995926843995927,78.34930834660932,1.0666247685300179,12.510822071717865,78.34930834660932,27.796509066608532,20.507989624764388,22.369083172522487,NOMINAL_FLIGHT
5457.760916619554,50.796196601976945,-12.963300149953138,0.6801247066062802,0.5552038421275757,69.93040113828015,2.864373929959846,13.27037138567374,43.65184159174376,8.985828380989478,31.87058701974624,82.62088353058012,REPLACE_BATTERY
4015.2015776284707,61.51819138267398,-5.008827717140246,0.799249740447526,0.652448767712266,86.87303196427412,1.577032941982981,16.97446707504671,62.10547530214842,12.8121462111406,37.48343477907211,56.1255950533693,PREHEAT_BATTERY
4975.720795900534,54.19537779803787,-11.140700760754907,0.7205896025058032,0.5882364102088189,90.51046783210086,2.7083278878044323,11.670735215962278,58.378890735081455,15.443245198958643,26.458253570484544,68.87388585660102,PREHEAT_BATTERY
5273.873401693604,52.07190942911693,-18.135519876448882,0.7113463556481324,0.580690902569904,97.61694564091096,1.9039267613968813,23.03601233078397,55.178473774164985,8.155617075270012,53.88872903834718,80.32228714100786,CRITICAL_ABORT
3430.6341122899335,66.35339310455893,5.05859017220646,0.8308737713378064,0.6782643031329031,74.76051741913378,3.9750924110717265,9.45126924855161,62.02640358058598,17.238137061782822,20.188310358839114,49.42320931564439,REDUCE_LOAD_PAYLOAD
3104.6781105302475,69.18028474017943,-4.33613211013836,0.8965471289596845,0.7318752073140281,98.25739220529005,2.9156085431629997,15.554500159118103,70.997656601726,14.755559325381391,31.299789891863686,50.19012570407307,REDUCE_LOAD_PAYLOAD
2582.564461925941,73.91100902775955,2.071111841152569,0.9355561006219982,0.7637192658138761,67.21419351372361,3.809965201737298,22.44017858073313,53.47632987030427,5.907496459385772,43.572569830185124,57.80613407700305,REPLACE_BATTERY
1901.6795267467157,80.47045837025863,2.261143030753681,1.0178819573350992,0.8309240468041625,86.10548521776059,3.339878197924743,18.46934620516101,68.69297831114294,12.21407495173787,32.17353922852543,42.84899007488295,REDUCE_LOAD_PAYLOAD
2607.575765152271,73.6785750973778,7.620409062555777,0.9141812978318371,0.7462704472096628,66.99964517701655,3.6116040446534843,12.969601769324768,57.5441636942193,14.04647789968922,25.555279243645703,48.08625904714455,REPLACE_BATTERY
4643.277934380938,56.64518675247994,-5.93290887483546,0.7384842370209552,0.6028442751191471,96.28209657166806,3.2576767888586997,15.152923532199832,67.81772343361666,12.82330005557795,34.382630156256205,62.81458687781423,PREHEAT_BATTERY
3611.5405860907895,64.82529657377063,-0.1084948755219508,0.8271005161152429,0.6751840947879534,83.5433169974519,1.8366365215036455,20.01380446582275,64.3921108737599,11.577373878424732,41.44146494601506,51.853022622180106,CRITICAL_ABORT
5355.139739729077,51.50496669609077,-15.021296781591877,0.6951127584991809,0.5674389865299435,88.42719227669787,1.0071538133875375,24.545432637186288,53.12327391184744,7.345660844135985,60.05431117231828,77.81844037200065,CRITICAL_ABORT
2660.2800862751265,73.19072310656081,1.84701067202848,0.9271937890975152,0.7568928890591959,94.10508740686583,1.4812807018020888,23.18335821245037,74.63059682645269,12.529653628376622,43.88448816143577,40.82992466366241,REDUCE_LOAD_PAYLOAD
3642.537472312524,64.56635303087111,3.6453557477014633,0.8126244894885453,0.6633669301947308,70.2608717869389,0.08094493055980179,13.821357742500405,57.161227969517014,19.013934457808247,29.58817761262986,41.87876136758552,REPLACE_BATTERY
3787.8453185519325,63.363612582734675,-2.3737542291299976,0.8152143506008661,0.6654811025313192,66.35070466783469,2.0959726698586687,24.969363947893576,49.42724097332266,7.618307126103245,53.040868176731514,65.56303868013961,REPLACE_BATTERY
3550.1829738379533,65.34034913720778,3.5056022777340266,0.8227813338142259,0.6716582316850823,95.76084010694983,2.020231201081635,8.059579280027991,77.75434194140705,34.65861417452337,16.097902060733205,36.39799848208104,NOMINAL_FLIGHT
4215.802638513098,59.926306441589624,-6.828960580956248,0.7838888415470945,0.6399092584057914,76.02266296106264,2.101001859321953,8.469705848743057,52.77112004366757,22.032948214642456,19.293900372245684,60.13958320047181,PREHEAT_BATTERY
1424.6008102488377,85.34127615379101,16.64540844723797,1.0259119331025337,0.8374791290632928,69.51426177745078,3.8961248998882554,22.005288757910293,66.85587348640236,9.240649485636672,39.24890217743912,46.79382140033758,REPLACE_BATTERY
3074.182665274744,69.44967030134504,11.53420286229448,0.8498636777248446,0.6937662675304853,81.39614329804803,3.645816013819357,11.390865676161884,73.54059439678517,18.34560241917509,21.760469260405543,44.950411517305575,REDUCE_LOAD_PAYLOAD
625.348816850086,94.03467112243207,23.86606169243836,1.102936536283227,0.9003563561495731,85.94071264936066,0.646851113320432,9.033077562736095,85.94071264936066,45.96628874137647,15.253205032104125,16.414156883609213,NOMINAL_FLIGHT
2307.0679658688755,76.51076288171355,7.941989130769908,0.9482361592216787,0.7740703340585132,66.08397111978786,1.4755300862235567,12.031517245020538,56.99998096048296,19.555822880804044,21.975328116160792,38.08065474599335,REPLACE_BATTERY
2926.0024117275866,70.77075986807135,7.266979175550325,0.8792087487040866,0.7177214275135401,74.62134803899806,1.6958247178530477,15.243702617674623,63.789579003766676,15.617392213205425,31.287712663731007,41.456439850648636,NOMINAL_FLIGHT
3913.345557272835,62.33948412074935,-1.6400719949244915,0.7998709758390181,0.6529558986440964,66.14799559969136,1.442131671406591,20.41962659736788,49.82949538678249,9.331914856370062,42.78085688775567,60.30390674430439,REPLACE_BATTERY
5703.186315517221,49.13311231107989,-12.031310127388304,0.6555091615820497,0.535109519658816,79.71173862184247,3.1939838544156522,18.613703951370493,50.60444442712158,7.518939149390826,46.67936040999926,83.95271230061921,CRITICAL_ABORT
3603.906399290135,64.88920035388804,-0.053446856128396725,0.8277489762406888,0.6757134499923989,96.32850101731856,2.0961506794703477,12.039560698527147,74.30691039227165,22.902011227178942,25.494928326587807,43.456249667615126,NOMINAL_FLIGHT
4461.563497059359,58.02168634261968,-4.821838760312789,0.7532975261357631,0.6149367560291943,99.39283440227493,2.2883992678865,16.555597617709935,71.26774723438831,13.448798729844354,37.41767446388765,56.53935736295906,REDUCE_LOAD_PAYLOAD
3037.5963569712167,69.77398047260165,6.3160904450579665,0.8697748160229513,0.7100202579779193,87.29666437262696,3.412054235951702,23.745639791775666,73.67868425178297,9.426795351808417,48.391749426876,49.20806681179694,CRITICAL_ABORT
3804.624188257988,63.22590728879824,-4.696850721586676,0.8204819207212737,0.6697811597724682,70.65731928246072,3.2237126136614345,21.85513220872388,50.764168042007526,7.773039914336506,44.86378300876664,69.30180184167905,REPLACE_BATTERY
425.59329680264057,96.31564996281965,17.154249435832945,1.1558085837584031,0.9435172112313495,96.7047286499757,0.5288460912811987,13.494226342140488,93.56747673828418,35.445647104346186,22.950686812777548,13.715681184779362,NOMINAL_FLIGHT
1526.349485051082,84.2829433810516,8.13601557801191,1.0438401595126425,0.8521144159286878,83.06867381200212,2.855658336334537,24.698497543046837,71.83368365850896,10.708949631445824,43.37016197044103,40.35748678234652,CRITICAL_ABORT
2171.118559230832,77.82067141830349,2.8863738424810403,0.9821348202120165,0.8017427103771563,70.38122592360213,1.7417445156081421,20.046546807397227,56.65017684940787,11.728125045096885,37.689620389008745,44.12725059591073,REPLACE_BATTERY
2834.9601300390814,71.59248076850655,0.4863456936435737,0.9114567768845628,0.7440463484771941,97.26043343080815,1.1785956122500019,9.06163904633529,75.62429960833907,35.752046917345766,18.263180602664022,32.76921786581151,NOMINAL_FLIGHT
273.8924730143024,98.07765828961023,24.01701145942768,1.1497725610964629,0.9385898457930308,91.5114167753086,0.20007528360874538,8.597732125906857,91.5114167753086,54.98959475069395,13.829391673060577,10.477631810302327,NOMINAL_FLIGHT
840.1445853199061,91.63095826096496,15.07512261796119,1.1075232308862784,0.9041005966418598,90.6096845453103,1.9489982413818039,10.86293513317051,85.52253046478639,31.677225816059515,16.98892514539814,22.013958308591583,NOMINAL_FLIGHT
1660.8858467478346,82.89991265226865,16.772314317294555,0.9961273834234975,0.8131652109579571,89.82132463280416,1.4217467228981255,20.373549756852498,86.51629359268826,17.94828734287413,36.329443534592215,30.80671721619371,REDUCE_LOAD_PAYLOAD
5829.196145406304,48.29652326393216,-12.716206201378162,0.6460423370721606,0.5273814996507433,72.01189373837548,1.0060521587056033,11.123561739321275,45.15399574311623,13.591298371056775,29.666226651893005,75.50576145349793,CRITICAL_ABORT
1988.0820426183045,79.61290172193056,2.234945655790751,1.0071304039071634,0.8221472684956435,72.38523420976341,2.77868691838783,16.695275076550168,57.72565934797913,12.82877726786053,30.984547279930965,45.01761947812514,REDUCE_LOAD_PAYLOAD
2892.246348672495,71.07453644417026,9.475276654737232,0.8760834660945054,0.7151701764036779,89.09025494495393,3.077941549262348,9.58542204307414,78.40104168393185,26.320589000211182,18.681076522915195,37.98338183876731,REDUCE_LOAD_PAYLOAD
1176.5862764303577,87.96612712259318,21.406182431161227,1.0403746893876025,0.8492854607245733,72.69029625386389,0.9791580761176992,23.655064683113316,72.69029625386389,13.75187083641032,38.99048111400385,34.28669785230075,REDUCE_LOAD_PAYLOAD
3664.6804264546095,64.38188733892906,-3.789736146129229,0.8326694360978781,0.6797301519166352,80.35350938810672,0.19778974671738903,13.847330430920648,58.56139721905895,18.902751949003957,28.682667682702757,47.85136738591221,NOMINAL_FLIGHT
1684.0992930958457,82.66314901035143,16.15431230935196,0.9954042417471355,0.8125748912221513,92.37006389578795,3.39501080226094,23.43824496153072,88.32048273391213,11.784078386414592,42.1073953397709,39.288627664930274,CRITICAL_ABORT
1241.9554706305607,87.26803716984891,12.64479825385536,1.0637592187543405,0.8683748724525229,92.43833813342444,0.039838964817213274,24.062885912479253,84.68744819645818,18.117311273518954,41.016893974144445,24.478449564198485,REDUCE_LOAD_PAYLOAD
3099.435770675874,69.22653332052876,5.342019374348494,0.8659688663004901,0.7069133602452979,80.86416203840508,3.748449975685888,8.104187004332573,67.35168138506435,23.056321872879455,16.787527018893137,43.69678489358911,REDUCE_LOAD_PAYLOAD
33.03479496252493,100.92877686643497,18.46278179796876,1.205732321961216,0.9842712832336455,92.72664783963359,2.5104794959308236,15.890298182378444,91.10167940368794,22.99732483447523,25.32344058031601,21.68685324591063,REDUCE_LOAD_PAYLOAD
45.98419589535197,100.77380297274765,15.735570464007328,1.2152461311233516,0.9920376580598788,94.35176286693199,1.2873865408052811,8.41915294701718,89.76489940142497,50.05230768683764,13.75618832280947,12.1243154355268,NOMINAL_FLIGHT
1314.4128546111467,86.4995000209255,14.542230496962704,1.0474370039345742,0.8550506154567952,87.91715129494911,0.9859116383069448,23.4477770271494,82.44707165765014,16.634519596208456,41.01958892044029,29.662240225273518,REDUCE_LOAD_PAYLOAD
220.32817500492686,98.70600730292627,22.949222131093794,1.161311608290631,0.948009476155617,72.99490483079471,0.036022657057900975,16.812928260487787,72.99490483079471,23.487090639621755,25.405696351494058,20.959872917010394,REDUCE_LOAD_PAYLOAD
648.1545247841483,93.77706298957348,18.798597120830017,1.1190066900799116,0.9134748490448258,74.59041231349417,0.9418856680435086,9.274048215874446,73.56882256181842,37.18486418563537,14.981734370604698,21.77075726953906,NOMINAL_FLIGHT
2033.1638960325097,79.16840515146967,5.864281884675891,0.9884800552875539,0.8069224941122888,76.01944043930574,0.5509132060685644,9.874704380701637,63.7691214920902,31.09625805446995,19.780282892150375,28.244065724277398,NOMINAL_FLIGHT
4815.514077478877,55.365012964944995,-8.300336814268388,0.7282465397725513,0.594486971242899,69.08814377068832,2.4486648828925826,14.519653416376563,46.79866155084123,9.434752776098236,33.9764052533981,72.76433800334772,REPLACE_BATTERY
3432.291860215805,66.33925910865085,4.036576671500939,0.8337596449142981,0.6806201182973861,74.56058671294808,0.6661823543752052,23.98398127883912,60.99182552669948,10.845759896420608,50.21589996160167,46.97017775880306,CRITICAL_ABORT
3076.0063557384983,69.43353664868759,4.781493537087075,0.8703100016861983,0.7104571442336313,72.33317285093862,2.114519350146477,19.779455576657377,59.78402026386754,11.51842803645959,40.068566742446556,47.68608857518528,CRITICAL_ABORT
1760.9329392487298,81.88339274541924,14.466441047879323,0.9918010634376212,0.8096335211735682,80.93650624330107,2.3604656893778833,22.749520725215252,75.8308232563948,11.908634850061318,41.54517735339064,39.4457903974251,CRITICAL_ABORT
5590.522316596898,49.89099686374718,-14.688971060151001,0.6724648080889787,0.548950863746105,96.79531417552927,1.192166793387658,14.229762987779655,58.51719386052726,15.189116789584839,33.27079539707251,70.36826875876604,PREHEAT_BATTERY
2382.0902474231502,75.79558469364119,15.37500296533032,0.9151723748016236,0.7470794896339784,68.65681108638853,0.14025979607487482,8.734632892349971,65.0368830427861,35.68826627949998,16.683336068918972,30.63239653375649,REPLACE_BATTERY
522.5566007746289,95.20291123755182,15.722515412191008,1.1481178119443587,0.9372390301586601,90.20937733815884,0.1490155224567844,24.56339983247504,85.8104682160249,17.83931715359211,39.55185718321719,21.77181287819437,REDUCE_LOAD_PAYLOAD
3702.3990967068075,64.06864817896998,3.3722073568393442,0.8071569571575721,0.6589036384959771,89.05490515445948,0.10538932877567042,8.291940841260283,72.17393909134199,39.175164233894506,18.73811387350734,32.751836919519945,NOMINAL_FLIGHT
683.0303608596084,93.38421880225982,26.469758119212354,1.0857891306185832,0.8863584739743535,68.35139695321752,2.956498668546185,24.110078102378512,68.35139695321752,9.871646314384595,40.66399453691284,40.61427170653022,REPLACE_BATTERY
2071.3388568101527,78.79358219467007,13.940837894478486,0.9561234310011589,0.7805089232662521,97.290034171703,1.2720388192571925,14.26751620543546,90.56977876510493,26.52885517045826,25.298467269101682,26.361953333438922,NOMINAL_FLIGHT
3044.4716323068533,69.71294293551796,4.198313254681305,0.8756495658874937,0.714815972153056,84.89652707548868,3.1852007438706544,8.171536885371985,69.60333215210801,27.547229681141133,16.698665720666536,40.855082393822855,REDUCE_LOAD_PAYLOAD
5245.335148111055,52.27219699237145,-11.736163696036755,0.6966018637874599,0.5686545826836407,77.73039323974895,1.7269312953713967,19.71567293931664,49.60813812198956,8.237565159904596,46.74011998353183,76.78094328654583,CRITICAL_ABORT
2961.279482040712,70.45441981102037,10.932121621966651,0.8639861664075542,0.7052948297204523,91.47885042233574,1.8119924033198553,24.66918516853302,82.02233279870643,13.116096644255537,48.93221677998077,41.85301527765591,REDUCE_LOAD_PAYLOAD
4213.552596189986,59.94397491928173,-9.502966501543272,0.7920727960238795,0.6465900375705138,74.0077910440572,2.051530410038295,24.415637288239072,49.11646811176042,6.805278504141428,52.28149304061837,73.42251115812721,CRITICAL_ABORT
5956.9010339944225,47.46048649455626,-18.570478022861966,0.6494581450157515,0.5301699142985726,89.27284429662122,2.8521258255004156,10.735929190441112,50.019266716235464,12.565226787974915,27.723718750664553,83.92469684847563,CRITICAL_ABORT
788.9347193878897,92.19946282807601,17.88413549652011,1.103638669706526,0.9009295262910415,66.38989226502865,1.0940114633188283,11.081212703124635,64.78851127768756,27.051415426448433,19.437039993118386,27.116927512989715,REPLACE_BATTERY
1648.389153117117,83.02759884143195,20.47373929229873,0.9850851268796735,0.8041511239834069,94.37928131632452,0.4863493981341076,17.61416154853422,94.37928131632452,25.676651764283932,32.46995682297508,23.975162104593036,REDUCE_LOAD_PAYLOAD
2367.4564535858785,75.93466014356964,11.51037123189627,0.9292990452108117,0.7586114654782136,80.68597964574614,2.224229340765846,18.834182049281516,72.87704788633815,14.747943442478064,36.44930965392614,40.21143902734731,REDUCE_LOAD_PAYLOAD
2530.9690712329884,74.39236894640568,3.708472244434347,0.9360801142031847,0.7641470320025997,87.28425200252796,1.307910492970957,20.570104532319718,71.07352252152609,15.351982031836503,39.407342851153004,38.01105842268601,REDUCE_LOAD_PAYLOAD
2466.1264515932744,75.00091565651759,7.418639537719197,0.9312577243879376,0.7602103872554592,72.74332369323393,1.7699652546721496,11.077856128026507,62.30992995989193,23.788511086206988,21.186778805685478,37.20965772349869,NOMINAL_FLIGHT
5445.6660153393295,50.87931907401285,-13.468444820187113,0.6825628322548862,0.5571941487794989,88.69757994304568,2.5877868333492215,24.303120474995385,54.855881258954945,6.975917362131304,59.924972324532675,82.17043880369478,CRITICAL_ABORT
4284.195866801138,59.39125670419082,-6.396218095375078,0.7756296069167193,0.6331670260544647,92.02840965626469,1.9765029645650825,18.858567356917042,64.33550717253165,11.55631090658861,39.654651728637475,60.18368742236672,CRITICAL_ABORT
3647.4312845442223,64.52554749163498,6.186144443246451,0.8047241086245251,0.6569176396934898,81.56246154095396,2.4811152684033715,22.399797620799433,68.71817202754191,10.426041357157729,48.05412884738783,50.47388178283305,CRITICAL_ABORT
1856.2363071766924,80.92448069548647,6.075748357033971,1.0096408327868553,0.8241965981933512,86.6204423421628,2.1768000084545114,17.18111715983092,72.87061920495353,16.103491976528854,29.848498158506132,33.98256063304336,REDUCE_LOAD_PAYLOAD
4942.742305327768,54.43449594463324,0.9160792940413742,0.6919287364152069,0.5648397848287403,80.97140733378394,2.9591854877443966,15.042706409028003,63.35553547989492,12.6382494709386,37.278043164231484,60.51594515252958,REDUCE_LOAD_PAYLOAD
5730.363068909934,48.95169878400386,-8.106211496991452,0.6434170808395938,0.5252384333384439,96.2931979240246,2.82374647084648,24.612109412114933,65.43981627707765,6.767061964614345,62.913402416159755,75.808267337899,CRITICAL_ABORT
4927.189695301359,54.547559778572975,-1.572424666440341,0.6997193259684337,0.5711994497701499,82.42542131800117,2.136759567234477,17.89606330393721,62.15489672940425,12.778212972634346,42.881457171663826,61.53043838717754,REDUCE_LOAD_PAYLOAD
9.390631148837425,101.21223978660244,22.624263337406266,1.1921066294726061,0.9731482689572294,94.46330481600866,2.7156120834388275,22.736850907586042,94.46330481600866,16.343200934594645,34.34912918369481,25.81827785354575,REDUCE_LOAD_PAYLOAD
3818.408221100442,63.11296221832038,-0.5693570325484195,0.806614456799228,0.6584607810605942,93.04732203945869,3.494238409090451,24.205970738226927,71.22859313680434,7.245327016527577,52.54912598456238,59.01769015869215,CRITICAL_ABORT
306.81228865260437,97.69309415820547,15.83996105113451,1.1776698515465869,0.9613631441196627,79.36766874719248,1.7290851511526744,19.481028659147206,75.60370118392616,16.555898283801124,31.26235901007614,27.183740801267007,REDUCE_LOAD_PAYLOAD
1545.6433220023312,84.08346370266544,12.330006371650832,1.0260708377316008,0.8376088471278373,73.05295721501163,1.6510522909951746,17.331957534817477,66.66535804837991,16.47569674709886,31.00222960117244,35.03833829854858,REDUCE_LOAD_PAYLOAD
357.14820208663014,97.10743944629026,25.14681092465266,1.1340869189094456,0.925785239926078,79.21287463959199,3.0569824834095205,8.05968446548106,79.21287463959199,35.36055451778032,12.4655775056549,25.65835338038915,REDUCE_LOAD_PAYLOAD
3622.7727176963263,64.73136799185632,7.93229264388086,0.8022759007916661,0.6549191026870743,93.9176081521327,2.330215348167976,8.680333892563102,80.99718774939339,30.78413158067409,18.01387150987631,37.208185891149895,REDUCE_LOAD_PAYLOAD
4119.539480955641,60.6859930947479,-7.312790710223924,0.7952709945662165,0.6492008118907889,72.96713875367874,0.2840271208903542,11.414470672868978,50.247666193343434,19.73897024419344,24.85312975090265,56.18128136778259,PREHEAT_BATTERY
686.9258283954307,93.3404228093553,18.70745243050337,1.1141442552817302,0.909505514515698,83.35527210502123,3.5684480627643254,11.16214334155192,82.12702864527077,22.386912951301575,17.868860796710866,29.91168833584662,REDUCE_LOAD_PAYLOAD
2303.033298269877,76.54937914522634,9.27378746008319,0.9442409882096453,0.7708089699670574,93.21338617862617,0.12313240895056055,12.33089951839737,81.81536303304908,31.965290859585156,23.582170984201188,23.66996198865815,NOMINAL_FLIGHT
2737.419053733252,72.48141307818142,0.22783013977143618,0.9236465413688777,0.7539971766276552,77.37171162949326,2.9935854248389724,13.183888840860234,59.931916107742694,15.435362237274097,23.55488603283262,48.75106122305789,REDUCE_LOAD_PAYLOAD
2214.3181305654994,77.40247914048508,13.563678360116256,0.9404785770814504,0.7677376139440412,87.4773372950944,3.0351765708172516,14.12111339036238,81.05876931413158,18.341436835544815,26.30251751237708,37.15436788313116,REDUCE_LOAD_PAYLOAD
726.1500029111583,92.90035909218705,16.660073322364426,1.1167253239441421,0.9116125093421568,73.59710509170851,3.812444341127722,15.1491407311709,70.7948832362135,13.410851296421667,26.396634322612424,36.86303895281527,REDUCE_LOAD_PAYLOAD
2513.6867411248527,74.55417102935945,7.684084426803336,0.9248356835672725,0.7549679049528755,68.8247805878856,0.21653763360928302,9.68072775375225,59.161682455353905,29.000738934088265,18.897861571908233,32.194952229087846,REPLACE_BATTERY
4507.068286850509,57.674469604857535,-6.555690724087697,0.7536595095191254,0.6152322526686738,92.80344787824997,2.387427443137964,8.720152843197294,64.70860775443467,23.823018435306867,19.81158427439724,56.86179840249813,PREHEAT_BATTERY
426.0459871995328,96.31043058883229,18.284008554604664,1.1512656407505932,0.9398086863270149,68.46390181930474,1.7113622825082118,19.4570556342414,67.12459026312517,15.355856483321396,32.873240903960244,31.61474456185792,REPLACE_BATTERY
481.0800844914207,95.67760931680961,21.837754523402992,1.1299228099736518,0.92238596732543,74.49834882778546,1.322531819438168,17.13469202233232,74.49834882778546,19.17336394134898,26.097702715878317,26.97218793943423,REDUCE_LOAD_PAYLOAD
2128.6277510159052,78.23378542735092,10.085871725556505,0.9622513689491928,0.7855113215911778,94.92882976991041,0.36127424119629215,15.550451437742034,84.199872583699,25.18943715378761,28.208824089748596,24.87695406192212,NOMINAL_FLIGHT
5650.35426971355,49.48734100158198,-13.586592164531403,0.6641911748262067,0.5421968774091483,77.12642504775336,2.2506164786852367,18.78547899986199,47.59570791941938,6.748006405775931,46.58070855158475,82.98116093237321,CRITICAL_ABORT
4011.4358803374844,61.54839841358719,-4.716641330595362,0.7987717922198312,0.6520586058937397,99.05658723299564,1.9161629026984546,22.070549922460188,71.1454412589887,11.645129704199693,48.22844372754817,55.81814753906327,CRITICAL_ABORT
4072.0197400353886,61.06387217842665,0.12949504368475218,0.778430318411515,0.6354533211522571,99.29070171708508,0.41821783260409706,15.270779454975479,76.79899897841202,21.420929672201712,34.28091331485744,40.577093375388934,NOMINAL_FLIGHT
2171.51994502719,77.81677741154711,19.15320669978469,0.9274320725114207,0.757087406131772,74.38966071587448,2.4499580283883335,18.89903090588365,73.67154432006026,13.105491472202065,35.43271807314258,42.157579578755644,REDUCE_LOAD_PAYLOAD
3561.9647472512306,65.24119354968506,2.5466653070626375,0.8243902243920959,0.6729716117486496,66.43423777874617,2.951812481011754,24.2107278051977,53.21594932668806,6.947406022832814,51.649642406377126,61.065879588175214,REPLACE_BATTERY
60.78710416646027,100.59688303847793,29.585474897473652,1.1576137007876361,0.9449907761531723,89.67721494718828,3.069113204214593,22.27361642964653,89.67721494718828,14.915555664092842,35.333963179612155,28.840910583047766,REDUCE_LOAD_PAYLOAD
3816.576278457253,63.12796356351914,-6.75885543573946,0.8255520205514687,0.6739200167767091,80.78452759269203,3.6214927530497096,15.242013778540962,56.14113054630222,10.075563210937904,32.947002280829906,65.8252095808401,CRITICAL_ABORT
5479.721685457421,50.6455518383346,-9.829383759004392,0.6700371668551314,0.5469691158001072,68.52634953858517,1.6378829675551088,18.960186242850632,45.22362346949768,8.35863823991983,46.18102120771632,78.29425421151079,REPLACE_BATTERY
3675.440810068915,64.29240031737945,-4.37720686030328,0.8333295540687493,0.6802690237295912,89.7632986642315,3.812291074488548,11.010205672570976,64.81806376421832,15.972191247229555,22.828090727354905,57.17778002482621,REDUCE_LOAD_PAYLOAD
5242.19156079807,52.29429744692529,-16.45886978284696,0.70971816240789,0.5793617652309305,66.09112181891724,3.4617176203307443,17.528877143216526,38.621595131057994,5.146953760428824,41.11145607350753,91.69696923628759,REPLACE_BATTERY
4343.838332796563,58.9278290377684,-6.931806200472838,0.7711256649676523,0.6294903387491039,95.45688416722848,1.1860062840957561,24.68258094935353,66.14946429145078,11.641123958009862,55.532661167927564,60.504387058321925,CRITICAL_ABORT
723.3504984221415,92.9317115015738,26.257718432323944,1.0812930024800231,0.8826881652898148,69.85283851896563,0.6371321493978339,16.81135695844288,69.85283851896563,19.808452221677758,28.003364196487702,27.247110827798792,REPLACE_BATTERY
5414.71984371505,51.09249884307074,-5.445599840799598,0.6648812456986417,0.5427602005703197,69.45591575613537,1.7415575845120537,23.769851086232503,49.30815495259662,7.399672135123669,59.26287386506666,75.6037666429763,REPLACE_BATTERY
398.6630661346493,96.6265591778801,23.62371368039678,1.1342623910246505,0.9259284824691024,71.14853042890046,1.6075948318238664,14.924693648555433,71.14853042890046,21.30978447290874,24.690269814704656,27.40684571080972,REPLACE_BATTERY
3203.8048352865826,68.31047453841474,-3.4882342288124395,0.8824911872012529,0.7204009691438799,98.60932254722232,2.302877221324817,24.98036206213873,72.20511148469845,10.158057085215509,50.121828534021695,52.98548653947015,CRITICAL_ABORT
852.822742760746,91.49065141961962,18.475248915115465,1.09293427559288,0.8921912453819427,89.26092760888461,2.333544929310992,17.846740598868482,87.70937967209692,19.450559927874018,30.624215540531775,28.192312513898713,REDUCE_LOAD_PAYLOAD
70.23966438542439,100.48404050433184,26.05194222600342,1.1699710896800095,0.9550784405551097,93.04800374122729,2.999947937519901,8.718572902010887,93.04800374122729,38.67052073648407,14.007928230145207,19.323878573058252,REDUCE_LOAD_PAYLOAD
2532.205560765834,74.38080348883086,9.418345002915068,0.9170221086573747,0.7485894764549996,78.91722450064636,2.0395597928224407,17.974831543753595,69.3973712905223,13.60765740097812,34.33599513642768,40.58341867857745,REDUCE_LOAD_PAYLOAD
1770.2442459249376,81.78930179209277,4.274444484084178,1.0270562375493615,0.8384132551423359,76.77094546267344,0.4192905637630622,12.667735826553143,63.0081157430116,23.90575064871199,22.036629856089753,28.50024158510212,NOMINAL_FLIGHT
2916.002962785618,70.86063681308306,1.5943915017941244,0.898501205306129,0.7334703716784726,73.20694023741095,3.4331653422124244,8.55218247461021,57.846371829891666,19.77063808878272,16.78780675081552,48.47999791573204,REDUCE_LOAD_PAYLOAD
3463.1993204073046,66.07618752096954,2.168815596608938,0.8360871201768516,0.6825200981035523,81.82268099093432,1.2390583327407483,21.95450617980928,65.19013442126155,11.60079553707895,45.795254366438705,47.78065142861492,CRITICAL_ABORT
262.43443385368414,98.21179651568161,25.975630727537002,1.1438062802394022,0.9337194124403283,84.3140056736959,3.885189841226368,12.687403828672851,84.3140056736959,19.511261418744887,20.388741022355966,29.20286974682218,REDUCE_LOAD_PAYLOAD
738.0197707424738,92.76752147414437,9.222232384674188,1.1445016284434792,0.93428704362733,87.11211952784643,0.4714404347190806,21.541325418790475,76.40895386730082,18.615918460260144,34.815390575408045,23.508570376055683,REDUCE_LOAD_PAYLOAD
3351.854378702552,67.02788783427162,2.4023266610341216,0.8474106165372947,0.6917637686018732,73.99914763995432,3.833004688930013,12.89969891024974,59.15392140611433,13.319333633261317,25.28978998312742,53.88357713817732,REDUCE_LOAD_PAYLOAD
2059.0041190359493,78.91453401287984,12.331717075661091,0.9629885978391155,0.7861131410931554,98.20289283160467,0.3640472275300679,11.303548015854162,89.6181505766821,38.15003316130574,21.500009158340998,20.787150782731658,NOMINAL_FLIGHT
4375.040925296688,58.6865511845332,0.8102939281525892,0.746265584113163,0.6091963951944187,70.94154743724975,0.9241445517882378,24.556904759775268,55.422186580177346,9.684194611579393,55.99952209567829,58.91886267248121,REPLACE_BATTERY
3913.749891551638,62.336206403952566,3.024913626101538,0.7863186760354919,0.6418927967636668,98.79786111682444,0.18631976834616637,14.147970571835334,79.67889574025892,24.646089441788554,31.66289301700815,34.808541432906814,NOMINAL_FLIGHT
5073.626177939441,53.49049815938671,-5.06571356256234,0.695100710515834,0.5674291514414971,65.51996428776263,2.8204525865559797,18.223395594533727,46.797691192646,7.167601772564158,43.87253103771412,75.25375603530979,REPLACE_BATTERY
4154.956960015352,60.40558514474999,-6.006922773609459,0.7877267979751363,0.6430422840613358,81.8393992135896,3.401194946287167,18.369685377846018,57.57574255246442,8.377717507248708,38.62231968019162,67.57805881228236,CRITICAL_ABORT
2579.5864643408886,73.93872353234646,-1.3073227038323143,0.9475382679517598,0.7735006268993957,76.6678743340797,1.7362843272639217,17.52804919694953,58.04498094431437,13.513100429107896,32.64815284507987,47.8105146817355,REDUCE_LOAD_PAYLOAD
4037.7997343665943,61.33716939941012,-3.2109620586898653,0.7915903354624143,0.6461961922142158,80.71931948755878,3.7140883001697187,23.54982763986065,59.36058658042826,6.873064365281084,50.93614370301466,68.21295214314024,CRITICAL_ABORT
1652.2870455325112,82.9877546673114,19.268293330081477,0.9886712951179432,0.8070786082595454,84.97326026432762,2.3611962870223984,19.465498213236764,84.26445954950613,15.958197811596806,35.94716083638762,35.43148501070103,REDUCE_LOAD_PAYLOAD
1837.880992669276,81.10845537001852,20.021046185271864,0.9638012889274655,0.7867765623897677,80.24562053044481,2.520028541786093,14.863461069783813,80.24562053044481,20.044061429350577,25.894329661479343,36.003188945149894,REDUCE_LOAD_PAYLOAD
4733.91095952476,55.96858826330299,-2.2176757254220147,0.7196577034352983,0.5874756762737129,79.51963976055582,3.3816768068030796,22.660466536912658,59.3787858625284,7.367245212993561,53.093080475402374,69.72138549919879,CRITICAL_ABORT
2678.517098409493,73.02252457231438,9.736342974346968,0.8992642137227057,0.7340932356920046,90.64531953946573,1.1872008202073556,11.078069284971395,80.0393013731004,29.558505577916318,22.115677283138606,29.99766588200279,NOMINAL_FLIGHT
4790.282043110115,55.55107532858305,-4.238635038285927,0.7196573443310932,0.587475383127423,89.00566962802625,1.4170628853105032,17.252024879377096,64.41158388407369,13.235329375478068,39.86694033512392,58.54289034181691,REDUCE_LOAD_PAYLOAD
4934.53424200967,54.494142971085495,-9.855066306866759,0.7210240867035299,0.588591091186555,94.16449487125467,3.6238076767785774,24.15935632304386,62.115820356527955,7.1087443766389455,56.543754190589546,76.7381820234367,CRITICAL_ABORT
5145.374025967702,52.978670893974616,-9.095232636558164,0.6989554485171218,0.5705758763405075,73.74856434338234,3.603853984155055,18.631759707967014,49.28722369089743,7.447110320507932,44.155888649715294,80.81047172719256,CRITICAL_ABORT
5499.811415047244,50.50805891952721,-2.4034265686754317,0.6498904547311517,0.5305228201886952,86.33349784139223,3.9059311048034835,21.888463658072894,64.2840033972978,7.257395221449745,55.02513287251193,73.5299407302223,CRITICAL_ABORT
2585.9113230797775,73.8798717626002,3.478786371022065,0.9304032319414901,0.7595128424012163,85.48181748874988,3.6073532657666845,19.110532334268278,69.38201509212558,11.780361587981519,36.109719250660675,46.985197098862464,CRITICAL_ABORT
1913.200909926833,80.35567685250584,20.638088039024844,0.952850638940763,0.7778372562781739,77.9408233805441,0.5094881441334436,22.26930468014414,77.9408233805441,17.20929752824065,41.08836056271083,34.153213806636316,REDUCE_LOAD_PAYLOAD
3493.1924795646833,65.82170633992939,0.6841081103692681,0.8373828143025088,0.6835778075938848,82.01201396659383,3.2948971445479494,24.056293957369142,63.95287273869625,8.120062333806251,50.44565873177569,58.64146217651932,CRITICAL_ABORT
2227.0345406257657,77.27972557264107,17.15143603140792,0.9273823707378477,0.7570468332553858,75.98237501570051,1.6393539124383762,12.639669368056525,73.51495154051787,22.630679173163514,23.573819677022534,35.128582357299614,NOMINAL_FLIGHT
3606.445000801398,64.86794472659217,-5.475967552696778,0.8442408166936355,0.6891761768927636,69.96455391659448,3.9632054237837515,10.88423838136422,49.64502627482854,11.18153981709481,21.707465247890326,65.51372639844382,REPLACE_BATTERY
4233.515175862948,59.78736578782183,0.41167236271408436,0.7613715028878242,0.6215277574594482,72.48304237319564,1.8891238573152043,16.227842755653178,56.2970763366465,11.970886163839696,37.73751754422047,56.65335364498242,CRITICAL_ABORT
4130.430110952821,60.599657605735956,-5.531646400931449,0.7888541681273701,0.6439625862264245,68.69297762404204,2.2153443300088824,19.93166125601167,48.69914673390688,8.78929455290137,44.134297865140745,67.95614715106812,REPLACE_BATTERY
2247.317322120728,77.08425886345557,3.3161014465943293,0.9713287905084244,0.79292146163953,88.90743513165435,2.119099661027194,11.862251304097674,71.99755716812217,24.15842013191213,20.36194507892857,34.07640152502261,NOMINAL_FLIGHT
1001.1612101925169,89.86190222656755,19.585122345803367,1.0694074967195422,0.8729857116077895,88.1254587588203,1.2869481194331112,8.06972465731284,87.70866012572488,48.523817775758395,13.15217823973172,19.664086736131114,NOMINAL_FLIGHT
2583.176030773245,73.90531855074698,13.25671474295375,0.8989487779350824,0.7338357370898632,98.27122300529555,0.3000883555716727,13.829896969223991,90.7167748674635,31.052229275573364,27.297839363877685,25.096868309251988,NOMINAL_FLIGHT
855.5648644914525,91.46032775619437,15.214121187838078,1.104927998307516,0.9019820394347069,90.53874447765344,3.582604921607674,24.470608702952404,85.59903944647452,10.981311093917709,40.91998871549808,36.41936815348832,CRITICAL_ABORT
5340.58221110285,51.60615593715555,-17.20886417446053,0.7024313176593135,0.5734133205382151,66.8216043564646,3.2107032501051473,19.814446830299396,38.477145951685365,5.752385997220367,46.111746788468196,93.34527700209725,REPLACE_BATTERY
2075.2647644271447,78.75511708655627,11.051555209548784,0.9653721821213194,0.7880589241806688,95.94858108751339,0.5581071222386771,14.822532547000808,86.1606484688587,27.451848342048493,28.36576461079745,24.51012898179085,NOMINAL_FLIGHT
926.7584833399427,90.67587930993528,18.538893214404467,1.0829647779028426,0.8840528799206878,95.19363070310041,3.1070730854002915,11.273793654896286,93.60802682177058,27.249865351657743,19.69632075008025,25.504120669920052,REDUCE_LOAD_PAYLOAD
152.68655943450526,99.50414694000148,26.749135501448208,1.155868466330702,0.9435660949638383,80.51621122704445,2.50338666420244,14.053524453830699,80.51621122704445,21.99646012806721,22.91021131816064,25.52981233029329,REDUCE_LOAD_PAYLOAD
3874.9343177189057,62.65150002462343,4.560899791649552,0.7859248062894856,0.6415712704403963,85.50520676847725,1.6365751516704892,10.887270366121214,70.45579937424687,24.47115563389393,24.843636318314832,40.87340043951751,NOMINAL_FLIGHT
3821.4139047284593,63.08835563900775,-0.13626628709745747,0.8050209123045095,0.6571599284118445,99.16274163653816,1.016084596382251,9.807198962320173,76.39959360312561,31.670190831838536,21.35604300759883,38.442777696470145,NOMINAL_FLIGHT
2043.62499948775,79.06554892669622,20.99395407730094,0.9364181290563705,0.7644229624949962,83.63065273468581,3.43891513400893,23.414620333733417,83.63065273468581,10.104790611940919,44.772014180547295,44.59512132597871,CRITICAL_ABORT
430.27133308590606,96.26172476057639,23.32441005761807,1.1311205016708747,0.9233636748333671,96.68626399316314,2.800753037176212,24.96005575238305,96.68626399316314,12.763700683883338,41.950299370953765,29.14858105290131,REDUCE_LOAD_PAYLOAD
2457.773369371392,75.07960136419707,7.2923405690514524,0.932654572532822,0.7613506714553648,67.90635652335652,2.1909596378765475,10.789945473128435,58.06894481174912,19.65241810360613,21.41352583746302,40.25985246407245,REPLACE_BATTERY
1867.3049703803615,80.81370329177838,4.80468089701351,1.0128694341322448,0.826832191128363,71.6868154048039,2.4382741355938564,8.926883500930755,59.268749399501026,24.487909152177995,15.229000819202945,35.536267968156615,REPLACE_BATTERY
4062.723838410056,61.138015920873045,-2.7210025512462046,0.7875906131306877,0.642931112759745,80.42642302044612,0.3642647283287239,13.60542882148561,59.59441684640527,18.426662863753222,30.14614064648796,49.34442741918871,NOMINAL_FLIGHT
3634.675496716142,64.63195142889785,-0.3073254557106053,0.8252345827764276,0.6736608838991245,85.46648829180566,1.8956790436447677,15.84820607294406,65.68069624820416,15.188610076863027,32.728297061766355,49.27551343299922,NOMINAL_FLIGHT
2187.5623691852397,77.66127245321753,15.582368581703292,0.9370256455002659,0.7649188942859313,93.567974815198,0.774801171142808,11.481961200289525,88.85579820689185,34.81598986766822,22.17115654022194,24.806670413553842,NOMINAL_FLIGHT
1307.3553255299405,86.57411564956601,18.814608504389657,1.0329999550120716,0.8432652693976095,99.58917403001155,0.8335347160353015,13.124223500575493,98.24337940658116,35.03707173422875,23.3953739276776,18.770317773898288,NOMINAL_FLIGHT
5928.215796933551,47.647249743814456,-19.430248288231166,0.6542233021317643,0.5340598384749096,78.60980237659408,2.645215849147467,11.414802506758182,43.27431648477814,9.734585378615348,27.73937875315988,88.1525668678731,CRITICAL_ABORT
2724.009727176689,72.60431344738522,8.155208705406706,0.8991395436719772,0.7339914642220222,66.65954726490297,3.6450246073371524,21.162429663351674,57.658467218251644,7.02199157151775,41.36967000048348,53.9255152746733,REPLACE_BATTERY
4129.645414681422,60.60587496001716,1.5149606632160202,0.7686947496910608,0.6275059181151517,93.04100261533637,1.6150264419133862,20.113825035203433,73.43452345196359,13.20632948127123,44.890011613950726,48.831938719378606,REDUCE_LOAD_PAYLOAD
843.3178054701647,91.59582448045717,27.158591061383092,1.0625524293738233,0.8673897382643455,86.15332516789829,0.8309970920487615,18.79417576793669,86.15332516789829,21.830313629035693,31.872285105043638,24.158434612423093,REDUCE_LOAD_PAYLOAD
2913.5381979563867,70.88280477953492,10.499521550353784,0.8705651693429568,0.7106654443615973,71.94900006038706,2.594987748946617,14.582703570346482,64.15653092054782,15.120370010109614,29.574019807212746,45.29431566770115,REPLACE_BATTERY
165.22031921679292,99.35586132605957,27.730301196648234,1.1503822876194993,0.9390875817302035,82.31899598174971,3.484748185401271,23.453696002342014,82.31899598174971,11.855628917542843,38.37915259542206,34.292159898478864,CRITICAL_ABORT
3032.7307074626997,69.81720303328866,5.587680374568269,0.8725879547351709,0.7123166977429967,90.98085859368035,2.9932752044899633,24.48205320609534,76.03266315580942,9.604895489121798,49.111635202688014,46.761642559572195,CRITICAL_ABORT
5784.104442706214,48.59455459945092,-10.655118850473144,0.6449250053379727,0.5264693921126308,91.96441254740253,3.4750289221463486,10.951868314632003,59.82576058554045,13.709064670085773,28.174722795657136,74.94168692492448,PREHEAT_BATTERY
2305.2402779148015,76.52825393665285,16.263462697084584,0.9211821713595659,0.7519854460078088,82.48664441995666,2.1462186840431974,11.791214904001926,78.9729999878673,24.315703197212315,23.76791492776569,34.699958415081326,NOMINAL_FLIGHT
233.97607544946953,98.54559871266618,16.815268522180197,1.1839509194417368,0.9664905464830503,75.68250855451006,3.0075049774767635,16.935727476006285,72.93478402713144,16.069798969761838,27.006474539399044,31.315562597185014,REDUCE_LOAD_PAYLOAD
185.73474551606117,99.11354342043512,22.045527518060823,1.1696762681351407,0.9548377699062373,99.08099037134727,0.5602582374357459,9.55125967779817,99.08099037134727,51.884429809055106,15.324472140499076,9.236830249268428,NOMINAL_FLIGHT
2327.920559681217,76.3114316842782,6.005672618290886,0.9523258934942832,0.7774088926483944,88.21769138347724,1.393098461452766,15.419622779992917,74.14385268697711,20.50478546139496,28.090164234756074,32.179237512367024,NOMINAL_FLIGHT
960.1496187791643,90.30984004117599,20.654793071566054,1.0708253537141514,0.8741431458891031,79.28831317712046,1.5581966579260897,17.890451501221072,79.28831317712046,19.135792009174043,31.01904735761892,29.427471532175108,REDUCE_LOAD_PAYLOAD
140.11257796911548,99.65308842944106,30.240379121454687,1.1442776277527218,0.9341041859205892,74.81621284716283,2.0451829849841383,16.875250709334665,74.81621284716283,18.30052746365572,27.530369805605794,27.426235494270834,REDUCE_LOAD_PAYLOAD
4537.281683701061,57.44486216447867,-7.477202377662269,0.7532628541155699,0.6149084523392407,90.58860440512467,3.716305441027295,13.625445912326443,62.21262025873925,11.534706124915425,31.787519469490185,66.84552075090551,CRITICAL_ABORT
2751.138053291344,72.35584885775012,-4.8339191837409246,0.9394407399714815,0.7668903999767195,73.47642059578187,3.497186240888697,17.221578703312517,52.674755198539145,8.372451294644335,32.61950367625706,60.57965674815175,CRITICAL_ABORT
1735.4686318359272,82.14115781222348,11.658350167944123,1.0047327320407142,0.8201899853393585,71.00984961407909,0.5381019691567381,24.299616222400413,64.25718159285249,12.12689723787895,42.11414931226079,36.867771771893246,REPLACE_BATTERY
5400.499098098884,51.19070393573175,-5.535875477555714,0.6663839354361023,0.5439868860702876,83.54418611367245,0.6911586075298528,11.502295872953393,59.22372327208619,19.69716915920348,27.282027354909385,59.39871914086731,PREHEAT_BATTERY
696.8337612031537,93.22910476815761,23.1587300669289,1.0960983287090038,0.894774145884901,75.14955874254497,1.4305621983556454,19.132133092698062,75.14955874254497,15.89419937437651,32.58368961177084,29.606406146580163,REDUCE_LOAD_PAYLOAD
5735.512973731915,48.917382730428706,-10.139903090204564,0.6479376852511177,0.5289287226539736,87.01168007232653,1.1629754635626957,8.737743800652881,57.11491097423434,23.420927668833432,21.796048282285597,65.77475896511919,PREHEAT_BATTERY
1883.800304264117,80.64884255626282,11.35533151291084,0.9875297284156831,0.806146717074027,69.12785362059817,2.459083812625049,9.129078876184394,62.31535751397347,25.411283032989044,16.944791036154577,36.49309796405256,REPLACE_BATTERY
5330.422033852087,51.676874566186314,-16.042896901137496,0.7002040416767424,0.5715951360626469,87.92293865985626,3.6111041910581796,17.381079811800944,51.79636814752678,8.021597758367962,41.691772558406065,84.5428648847679,CRITICAL_ABORT
3617.6572588767694,64.77413228650775,4.061699425423336,0.814015168016713,0.664502177972827,74.91537847991958,3.849166166690347,9.783966065575141,61.3035069333887,16.234255970621682,20.62566271031801,51.31333166273518,REDUCE_LOAD_PAYLOAD
4960.244158448925,54.30748857796529,-11.41299608009114,0.7228314522260173,0.5900664916130753,65.00850270520795,2.614411810140906,8.379895403256574,41.72842772178323,15.416595360749499,19.47572485505481,75.709358470221,REPLACE_BATTERY
5904.078979262786,47.80485987864367,-2.456029698305823,0.6152277502584271,0.5022267349048385,69.44276201859617,3.3526368056043467,10.915720960016378,51.66550253966561,11.719149321491946,28.282725040793085,73.20455024085071,REPLACE_BATTERY
1730.4326269124745,82.19221302247924,16.604723966841494,0.9881948759438022,0.8066896946480017,97.6765382242283,2.1008088009231884,17.602435906992767,93.8958557989537,20.569275826536146,31.968890082287427,29.346896492833814,REDUCE_LOAD_PAYLOAD
5766.812912445558,48.70923635489569,-15.387525443665881,0.6583154949694624,0.537400404056704,95.35741236903752,0.8333077874401589,19.95679622682185,56.88853580549093,11.69311270110738,49.713931126831774,74.82866013149538,CRITICAL_ABORT
2336.891369414522,76.22580864198633,6.753279861862465,0.9487166042535922,0.774462534084565,73.17631612126829,2.0987536483739095,11.44213559040346,62.1257696647274,21.05409177793114,21.18041003057155,37.755763214785055,NOMINAL_FLIGHT
2313.0714284215337,76.4533322565063,9.500314682192089,0.9423004414783613,0.7692248501864174,92.24301665909219,2.2203304057506044,19.360410432538966,81.20185847547428,15.8050687756444,36.28064351129837,36.15034611619816,REDUCE_LOAD_PAYLOAD
2042.3226255270342,79.07834829774393,10.527393323965528,0.9711253944694286,0.7927554240566763,86.3000057610891,2.9698302568542263,11.102097628686899,76.980665238946,22.83410834118353,20.272967697694472,34.506668672942006,REDUCE_LOAD_PAYLOAD
3248.445644085511,67.92166658065955,9.469272191093951,0.8372381486883469,0.683459713214977,98.98166490074543,0.8795319588293964,18.42877625273137,87.0988866297255,20.233698388523855,38.968909025968244,33.66119413915364,REDUCE_LOAD_PAYLOAD
924.8702590709225,90.69661417527362,19.920424164759236,1.078106167452135,0.8800866673078653,78.07619808369206,1.473241528346927,15.003314558228581,78.00537012679783,21.610922329707627,25.321011058179966,27.59505164819295,NOMINAL_FLIGHT
3322.268912148067,67.2826214461424,-0.2529066235050781,0.858907594368028,0.7011490566269616,88.85112143810099,1.4561098768582652,19.114591658671486,68.3368959270739,13.923894948866556,39.67049598431472,46.51466446582253,REDUCE_LOAD_PAYLOAD
3250.228874460024,67.90617248599155,13.325715741788757,0.8257791018392293,0.6741053892565136,67.22375028483715,3.8377583829646595,24.915896792147205,62.10890751617141,6.984297798561183,53.49224654864264,59.77248784606293,REPLACE_BATTERY
4571.41087562922,57.1863874068416,-4.4676290339888185,0.7414740202088738,0.6052849144562235,78.8686571385742,1.7757798413068757,23.942888408953554,56.869746022433645,8.830430385935678,55.42336320202267,66.44859573372898,CRITICAL_ABORT
5001.8997716255135,54.00616729289309,-3.668150135721356,0.6981621273158902,0.569928267196645,98.73361814158632,3.020375869192586,8.072789883213762,72.0936182287406,25.868736534210665,19.794421831470743,56.192845920526366,REDUCE_LOAD_PAYLOAD
2642.6481018745444,73.35363965550555,4.781654800591666,0.9194457360474759,0.7505679477938578,83.86433060575422,3.003245525497756,23.052458994159196,69.31478040869155,9.90975037731571,44.63220634836506,46.41859190532297,CRITICAL_ABORT
1813.9994961089626,81.34832559246449,15.02458141401436,0.983411756736082,0.8027851075396588,75.07578261671956,1.0621767392129655,9.130343517971031,70.81750135296903,34.01171918260762,17.345540834500046,28.766508694281672,NOMINAL_FLIGHT
1556.009383902567,83.97644659710913,16.441488960349293,1.0102157815253796,0.8246659441023506,69.20948370950124,2.2874787574869284,24.201791964717366,66.40186079465308,10.677572588354227,43.27474735088863,42.95252262717928,REPLACE_BATTERY
1167.7430202292317,88.06091213868419,7.961423908029229,1.0913074836748367,0.8908632519794585,89.62349190635356,3.5772115732745924,12.79103654469464,77.32358471920605,18.571703109798193,22.253517963859938,31.532777444043276,REDUCE_LOAD_PAYLOAD
345.8854931941493,97.23823270405548,32.82811984654123,1.1071058206641695,0.9037598536034036,87.56996152004044,1.9007908778277978,14.494592116991607,87.56996152004044,24.60421838574251,24.53795739587221,22.19289990700092,NOMINAL_FLIGHT
2054.68787300828,78.95689369545343,18.097751130058917,0.9444303221983564,0.7709635283251889,78.0878549761321,3.7804700293701843,9.557849487987374,76.39447008984915,22.88002108813681,17.718430517407683,39.56640232049935,REDUCE_LOAD_PAYLOAD
1621.4861527846995,83.30302336213681,12.474363426169516,1.0160333493745364,0.8294149790812542,98.2829473153042,0.8578329172966463,9.908636891591463,89.85103144624526,41.625511380160155,18.323781279332188,19.221693239038245,NOMINAL_FLIGHT
5798.504315198444,48.4992179796233,-18.201626751069163,0.6627121600764829,0.5409895184297819,65.77709845457476,0.2966364230961229,20.354589608898433,37.131267785772835,6.266154541963095,50.98313754253531,86.9697164994556,REPLACE_BATTERY
3346.2529575002636,67.07605656096673,4.987163845266046,0.8401386202537804,0.6858274451051268,75.6303348071139,3.5658154925789973,24.05364800772096,62.686480404543545,7.624734678841788,49.67739996998021,55.86859202374623,CRITICAL_ABORT
2083.6622341830453,78.67289172133385,11.889683974882187,0.961528661787285,0.7849213565610489,97.23743202048536,3.3907247918488665,18.38272441422326,88.24709216449503,15.30953819812775,33.75722277335668,36.866447776865094,REDUCE_LOAD_PAYLOAD
3482.805605962176,65.90974523990788,4.140108304062002,0.8280521790784324,0.675960962513006,76.23274034118042,3.970359503735379,20.169450263955788,62.44965007852961,7.995787313921393,42.34600770873129,56.65729524787295,CRITICAL_ABORT
835.180208074173,91.68594555857621,20.52921562848832,1.0876070284358923,0.8878424721925651,73.82884918493096,2.7175739524497042,20.95348565815161,73.82884918493096,14.302522385730803,36.05689961926976,36.79478104895086,REDUCE_LOAD_PAYLOAD
2664.2624952132173,73.15396691523196,10.213498727643717,0.8993659148576347,0.7341762570266406,83.69771434759366,3.746751706668598,12.46784266740001,74.35988556489482,16.37024697898197,25.136596494503713,42.77835570086657,REDUCE_LOAD_PAYLOAD
3757.405928526383,63.614050567969606,7.813389961537546,0.7887616091527058,0.6438870278797597,93.83306124721882,3.3077961003364433,8.768903725643654,80.79708228927961,26.22762985825974,19.363181699032566,41.7422074248585,REDUCE_LOAD_PAYLOAD
2933.386990754708,70.7044451441454,8.773500585737628,0.8736910522051965,0.7132171854736298,68.61013663074263,3.3777053324803474,8.031836646625866,59.82926772159121,21.8777955872445,16.583533092749477,45.5833732767527,REPLACE_BATTERY
2410.6728039259456,75.52453898323907,4.0823492799316465,0.9490446089670067,0.7747302930342911,98.00572483760077,2.276566281817073,13.961037810218317,80.22148661713531,21.073129238237204,27.21659807032064,32.77518143676812,REDUCE_LOAD_PAYLOAD
5963.090333398189,47.42026718781667,-6.947272903525962,0.6205745273787905,0.5065914509214616,92.82755084134074,1.5294583916668434,12.104891879386674,64.31102830278277,17.699799562995814,31.789972309565442,64.630182397634,PREHEAT_BATTERY
5281.888572893562,52.0157691629585,-1.1292029063667144,0.6661551116627245,0.5438000911532445,71.34375894430431,3.7382322901731273,9.059401325836156,54.15897989356114,13.873786519361424,21.672880723753906,67.64975641599692,REPLACE_BATTERY
3740.4357489566405,63.75401914559365,16.44745130434226,0.7669292150935275,0.6260646653824714,89.9202786419357,1.7284687024635779,11.051980972392336,86.27859231986618,27.837652733280557,25.635302336721697,38.46005722857673,NOMINAL_FLIGHT
3416.2641670936964,66.47601378833411,-2.8231872523070187,0.8566793413110695,0.6993300745396485,78.4735552923145,2.1552774689986762,10.116481270555113,58.05596551889981,20.441989039695713,20.181297408898264,51.00246726291634,NOMINAL_FLIGHT
3723.962878947504,63.89012437358926,2.0086513525925955,0.8088966004408354,0.6603237554619065,79.08031373267116,1.784457228500751,23.552932470495296,62.860832683847505,10.52500123305282,49.673994131516416,53.45809945348942,CRITICAL_ABORT
1207.8726469345995,87.63145210644124,6.738334278980169,1.0907310076789816,0.8903926593297808,92.41515323536032,2.2592732558407884,10.384542628805871,78.44355412004876,30.95339464498608,15.997704409934743,24.40362042809553,REDUCE_LOAD_PAYLOAD
2370.826459585912,75.9026142582566,12.355373794587619,0.9261576025454084,0.7560470224860476,98.69746827932562,1.8820203159693087,17.140023887790548,90.09610840178334,21.015889945898373,33.25626848968965,31.62729763404642,REDUCE_LOAD_PAYLOAD
236.75719734539592,98.51293711012046,20.720076726421063,1.1678319426929882,0.953332198116725,69.4329555496518,0.1918702343179035,18.082801236906796,69.4329555496518,19.76768207881367,27.447799343577866,23.64874332963956,REPLACE_BATTERY
2853.27622492096,71.42654742048903,16.070933512138524,0.8603444930321574,0.7023220351282917,79.72205829075868,3.5281927440307945,17.239320781046775,76.15119904042011,12.263126320683451,34.39290328844789,47.315706169016934,REDUCE_LOAD_PAYLOAD
3258.147503745979,67.83740383415928,-0.05103362444177595,0.8653496279759251,0.7064078595721837,81.83295628295062,1.7775752756630792,9.683959381671796,63.12743320155777,24.571095862469225,20.036495849245888,43.90184900155525,NOMINAL_FLIGHT
1366.4984166192576,85.95043485276588,7.6718451021385174,1.0662514593307872,0.8704093545557446,78.17091359342491,2.355774594029395,13.419572149759372,67.18469789675211,20.23574064144244,23.520592758689816,32.49731902337947,REDUCE_LOAD_PAYLOAD
5784.173082993082,48.59409979596947,-14.953443742967629,0.6556552522448565,0.53522877734274,77.71161933006788,0.5567512110319481,8.871595651873605,46.74592798558363,20.436035978458126,21.858715181713166,72.89684980932434,PREHEAT_BATTERY
5456.727665623452,50.803293343336065,-20.346168682638123,0.7000848246277271,0.5714978160226344,66.82940336465587,0.013551391930556544,14.726388539637373,36.09146501999652,9.667059612487058,35.144049405636736,82.74267346786166,REPLACE_BATTERY
4332.859412735435,59.012915656532684,0.5919110897562221,0.7510143343267698,0.6130729259810365,88.99385171969182,0.9811603745745718,11.206181831617064,69.30376503198636,24.04612230428448,24.661348425536467,44.81993233498199,REDUCE_LOAD_PAYLOAD
3200.3197725921755,68.34090405729577,-6.127493753130743,0.8916107593119373,0.7278455178056631,80.26750459920159,2.818344128533401,17.547753065834456,56.35955313425822,11.019104988567262,34.177656668821534,60.02534022232495,CRITICAL_ABORT
5219.814957886109,52.45183104848211,-8.786509320343917,0.6911966502282497,0.5642421634516324,71.81778309253744,0.3967781204515144,19.77774269543471,48.2496136736361,10.332741980521664,48.04245939154497,70.21107125864756,REPLACE_BATTERY
783.9140629407775,92.25535284742355,9.515499491603961,1.1370019742037354,0.9281648769010085,93.56117258057239,3.6355497615458714,17.04603762348001,82.37843193961899,15.303980330330742,27.28178571039762,30.687355810505892,REDUCE_LOAD_PAYLOAD
4743.05876564931,55.90066279988234,-7.431370999403724,0.7328876494017178,0.5982756321646675,93.08962618530697,0.8600902774247383,15.382023842393728,63.978858963538386,16.84721770790278,35.300991174653944,57.458671679827006,PREHEAT_BATTERY
748.9248838010898,92.64561515818637,28.348879034315587,1.0704875392229716,0.8738673789575278,82.02370698311128,0.8183744571671032,14.584668154563772,82.02370698311128,25.126422317860186,23.68425299819016,22.480136151865644,NOMINAL_FLIGHT
4765.263975296432,55.7360594676352,-4.170976382247833,0.7218721665556233,0.5892834012698965,75.44577314017162,0.7260318464859821,22.308760057649064,54.65675593206034,9.835328154101333,53.014735947913195,63.50439970777839,CRITICAL_ABORT
1654.6054095081417,82.96406374355195,9.927596813372409,1.0210028756855754,0.8334717352535308,87.33324540287583,0.055926851885458984,11.729257106109591,77.30517088691904,33.70750856871851,21.169099513095418,21.332508956027176,NOMINAL_FLIGHT
5262.5434861091335,52.15135068053094,-9.362550104404788,0.688737738343231,0.5622348884434538,75.0853247522091,3.0872218739129385,20.48171177199077,49.951783396587516,6.33658320008154,50.30767405246122,80.51947588801715,CRITICAL_ABORT
5664.252562952387,49.39395582442016,-11.72755729896828,0.658223509041215,0.5373253135030326,73.26027756132993,3.500138124981034,20.877199520582025,46.76246350498419,5.226935420397376,53.53409658199284,88.12528257721348,CRITICAL_ABORT
892.7758164306938,91.04963556141746,21.56010892241752,1.076280886214923,0.8785966418081003,90.56801289092144,2.4566508104647955,15.126400123602487,90.56801289092144,21.552259765091367,25.008027883693952,26.79733503076102,REDUCE_LOAD_PAYLOAD
2776.053630392361,72.12825752308852,0.12135958604552144,0.9195043156088066,0.7506157678439237,66.41138339023327,0.7527999267194492,13.054110186835869,51.361468078425304,18.39813760397289,24.83819694012309,44.459496324751946,REPLACE_BATTERY
5885.92426897611,47.923685625155066,-10.29567137910806,0.6351517896126376,0.5184912568266429,68.3168964862108,1.141111987763519,15.99920526278158,44.722245286521456,9.57182865074245,39.88378456590238,77.65714323223202,REPLACE_BATTERY
2900.4446158388796,71.00066194793746,-7.374848160966595,0.9306587642825408,0.7597214402306455,65.23758609082564,1.9037067894598532,9.584636740175874,44.87867933550819,18.136405753834484,20.782550135847924,56.82560542501104,REPLACE_BATTERY
5181.285135087271,52.723985366413416,-11.827776139886316,0.7028689110190878,0.5737705396074185,70.35301152663992,3.8173838064932033,8.78081054789453,44.82636064798111,13.047263185878903,20.83281206962383,80.3776162246349,REPLACE_BATTERY
3532.389132787919,65.49033366677072,-0.4018985753791968,0.8364845342967266,0.6828445177932462,67.41465030486609,0.9894054872709712,9.89725439068216,51.735240123500404,22.48655118548606,21.377995633782994,48.141377170023546,REPLACE_BATTERY
2251.9794475176113,77.03938624163318,13.528767721491718,0.9361808085863732,0.7642292314990801,99.85308287229715,2.926583615679552,11.181465534857844,92.48671645219096,27.239711419337027,20.222918122027014,30.871535651595092,REDUCE_LOAD_PAYLOAD
1714.7013331552212,82.35186300777738,13.967595597875407,0.9992083826780074,0.81568031239021,75.10834894839314,1.7577928931716813,16.57100594574673,69.94319209130154,16.76171684006703,30.638862948154564,35.2488292283097,REDUCE_LOAD_PAYLOAD
1219.3385465165236,87.50905813586114,10.046484178361162,1.0764840539089866,0.8787624929869278,70.22438044342366,1.1913893934400872,22.435322814739074,62.256014350807874,12.616431106767905,39.55113490759809,35.46317894705855,REPLACE_BATTERY
4570.7891482661835,57.19108757355413,-9.63509509281527,0.7560762905023399,0.6172051351039509,73.43486902985713,1.823663748088455,12.005919643994678,48.62562670401506,15.10183653375936,26.975377555868146,67.56513749087625,PREHEAT_BATTERY
2319.2430409381673,76.39432945861236,10.918320281638948,0.936873098673659,0.7647943662642114,97.76439500390471,0.28482687016493013,23.897754182695227,87.64273487845799,17.215669710464287,44.50324729089365,29.718132760174953,REDUCE_LOAD_PAYLOAD
3067.652773204507,69.50746322967503,4.664920264847924,0.8716022070251631,0.711512005734827,83.20560780585384,3.19474948372145,24.233434451895057,68.65961102254785,8.098553641885301,48.57008866883305,50.695145362252404,CRITICAL_ABORT
2953.9528800070916,70.52002525533672,2.903685731775171,0.8899412921620334,0.726482687479211,77.76863337077499,0.9732077119318685,24.30137828236849,62.611683612759755,10.034377918919597,46.22974217309488,45.75830313130551,CRITICAL_ABORT
3463.6741753987876,66.0721523497791,0.08194891234798529,0.8424214635148674,0.6876909906243814,95.56870102682268,2.9016484927718817,22.238566489497504,73.86831915528882,9.776492110396887,45.87718102948376,51.88170371054713,CRITICAL_ABORT
5193.462873747313,52.6378449612033,-5.27666869356109,0.684559293419888,0.5588239129958269,78.82465946921613,0.2733934857927789,14.18502569356125,56.11101672315403,16.75890937076824,35.22694823086723,59.574812702766664,PREHEAT_BATTERY
5884.436061500576,47.93343679880276,-15.83729726409982,0.6489627824515489,0.5297655366951419,76.72529994851935,3.8203942246627443,9.235626487044591,45.37954779449102,11.579344314394406,23.461816462819808,87.34463299507009,CRITICAL_ABORT
2445.5052514429017,75.19528772496827,8.663759645475771,0.9295459872006038,0.758813050776003,72.25488828924074,0.7720599416227945,17.669918440030415,62.91716219226884,15.463043537174064,33.4872985213521,37.473412243953064,REDUCE_LOAD_PAYLOAD
4965.113532637818,54.272195226754704,3.5764449782569,0.6832335331399243,0.5577416597060606,78.2228888368294,3.530968304828322,17.497584546932973,63.57733256283588,8.968618548562619,43.13141450797318,62.03309907818802,CRITICAL_ABORT
4587.1667679283055,57.06737955620537,-11.934997175953605,0.7610834229952604,0.6212925902002125,76.08395246059241,3.237892838461738,22.449588040863127,48.38490726119818,6.211583663311723,50.74789356363925,81.06293703160148,CRITICAL_ABORT
3441.1737087334395,66.26357378449535,-6.626842764640649,0.8661285501010937,0.7070437143682397,88.70563857543493,3.871439696325664,24.93184786608379,61.77939614162424,6.5508823524392845,49.0092560874249,67.45575869798313,CRITICAL_ABORT
5736.282861671599,48.91225430667845,-8.367890276872362,0.6435339895426386,0.5253338690143988,75.13539466347545,1.9115626437829984,16.638674211522506,50.83706266183356,9.769521248829278,42.676181821540844,75.35729466754782,CRITICAL_ABORT
1202.8470931704167,87.68514159110008,13.788278587921774,1.0645840812140595,0.8690482295624975,85.20199112478966,2.909589175383806,13.868468527676331,79.16852935290393,20.851103152309722,25.689013213288263,31.42795167411279,REDUCE_LOAD_PAYLOAD
655.5852618577285,93.6932506011488,19.147508159211664,1.1166720408687716,0.9115690129540992,67.30622577611905,1.4828426281511362,11.16032909645654,66.6521164814033,27.29048950291658,17.320084132931324,27.523925652635768,REPLACE_BATTERY
5123.771801732533,53.13235547889386,-12.210298601917035,0.709351280960367,0.5790622701717282,71.69512048437801,0.7374729520787753,8.081597021895302,45.368858358612535,21.221445708646375,19.074594747910275,68.06221677964051,REPLACE_BATTERY
2634.8988998024897,73.42533379368248,6.574156447446254,0.9144467178474278,0.7464871166101451,79.2591845063972,1.7723037317337953,16.654932772310946,67.12820041773817,15.842647194301303,33.75047502318148,39.268627662330466,REDUCE_LOAD_PAYLOAD
5081.813125242363,53.43189341790395,-0.03909475359365011,0.6815598069057489,0.5563753525761215,97.79322388680434,0.6629960615538195,17.44381733394413,75.45278433791573,16.474323570281893,43.54508901088325,49.41572087237127,REDUCE_LOAD_PAYLOAD
5358.5412311724895,51.481346133410916,-5.819875709530586,0.6708793786020598,0.5476566355935182,78.20381950004933,3.9281784911455357,22.023954156895755,55.18479244572838,5.819858807825864,54.137434647049965,79.81571304419217,CRITICAL_ABORT
374.7455617144286,96.90336741642619,26.8752714082911,1.1251838257615563,0.9185174087849438,88.2425942419942,0.3849859645628655,16.57780845417761,88.2425942419942,27.16983736980442,27.313583055454423,17.691490231586844,REDUCE_LOAD_PAYLOAD
5300.788577916364,51.883582816892506,-16.536261035419596,0.7043564612524331,0.5749848663285168,73.92805278474893,2.3568468938104816,23.579961927322962,43.136029952772866,5.682352323683211,56.16895412740204,88.8761144805366,CRITICAL_ABORT
2689.9143322165332,72.91756779918208,1.7597881578281882,0.9240264857351725,0.7543073352940184,69.44617515906312,2.5058554210162236,18.677419101714403,55.00564756862248,10.473070785873526,35.20868220219636,50.87666913270334,REPLACE_BATTERY
3062.5949340253933,69.55225448549434,-9.10226036859219,0.9176376131618821,0.7490919291117404,67.04878100280176,2.152318171496217,22.285716049758413,44.804290666402856,7.814503315804132,42.90313630739954,67.763398979444,REPLACE_BATTERY
3759.5550665592614,63.59634242861678,-3.48401203804897,0.8215772673702607,0.6706753203022536,75.6894724489963,2.6487435428473343,10.5211294917317,55.426058152534125,17.330905004026345,21.93470967634496,56.865702957488935,REDUCE_LOAD_PAYLOAD
5558.295640380521,50.10951608005094,-6.345405730545096,0.6542886005267894,0.534113143287175,70.51813593789178,0.4647231000475638,22.54071421513935,49.338886447733174,8.22641323504039,57.047905411396115,71.623670688207,REPLACE_BATTERY
114.69656657858418,99.9546977492625,26.839204895981055,1.1607535808692517,0.9475539435667361,71.09036568056435,2.2200740968211643,19.477445525545424,71.09036568056435,14.431128501438849,30.514177791724332,30.799180495250837,REPLACE_BATTERY
2861.0608099069027,71.35611790384847,5.2955384208445135,0.892757278708433,0.728781452006884,91.62657579354325,1.1488502845094462,10.89396155145162,76.26713391094587,28.311041542487953,20.44709267099525,30.464785361164857,NOMINAL_FLIGHT
4126.332254583364,60.632131690798275,-1.9326610733821354,0.7788033941819518,0.6357578728015932,65.5543324830706,3.7607042532042265,11.225980488482184,49.16362958190049,11.006261550924009,24.643404637030095,65.28367764665865,REPLACE_BATTERY
4336.241746189371,58.98669197984255,-6.62999906310794,0.7710218468854251,0.6294055892942245,84.5233544007402,3.048286613758903,23.750510523751764,58.86358632781226,8.533777167135039,54.00046271489222,70.34894947075539,CRITICAL_ABORT
4155.194589222648,60.40370733185815,-0.9849704179382863,0.7731677335090527,0.6311573334767776,78.28114832077127,3.8900579286389707,8.547661127656339,59.55405388832394,17.346770308499853,18.964318297096934,58.738511602044724,REDUCE_LOAD_PAYLOAD
806.6107764487311,92.00291084616643,23.586421350486322,1.0801228708622201,0.881732955805894,82.72924999679915,0.15022427896075818,15.863094036027004,82.72924999679915,25.940221367963673,26.57640351522169,20.831189498123607,NOMINAL_FLIGHT
1796.3735302300875,81.5257322589622,5.244138116452067,1.0201806234149946,0.8328005089101996,84.6990583025111,1.1405327007228347,13.329079928879727,70.45125159435703,23.605926141355415,24.211248045140778,28.108620772168422,NOMINAL_FLIGHT
2152.293152502081,78.0034816629071,12.508332947923215,0.9512825694033877,0.7765571995129695,75.96786930600473,0.781690346553396,19.306316479973276,69.47983309414724,16.079335642152735,36.03531514467129,35.48141782005301,REDUCE_LOAD_PAYLOAD
4826.62324607703,55.28325352701938,-1.710876744727356,0.7095182963909625,0.5791986092987449,75.32881010644999,0.044618349247322,22.273699588672862,56.68462867480156,10.776239532109516,54.24434331323167,58.374809388079186,CRITICAL_ABORT
1672.5592344873182,82.78078235287104,12.052863531015586,1.0111558381208587,0.8254333372415172,90.6690647267217,0.9693029209852857,14.126428066461683,82.4546872144795,27.1533885654996,25.19557306980674,25.13316567372859,NOMINAL_FLIGHT
1264.229783203219,87.03119295501986,20.286009469781995,1.033246582247915,0.8434665977534,95.4946945842405,2.7151039340817156,15.257335484488232,95.4946945842405,22.692035526647516,27.309906705064606,28.287571674367307,REDUCE_LOAD_PAYLOAD
5744.688114228577,48.856293050571544,1.7327994798770057,0.6191778269158675,0.5054512872782592,71.74035713604847,0.9243556885382742,24.69260233652404,56.80070855928892,8.042591041039364,64.60641370266798,65.60409152679695,REPLACE_BATTERY
53.1797106808134,100.68777288937646,24.132617915640253,1.1799121325300705,0.9631935775755677,68.41665661873022,2.036013781930473,21.326580664546448,68.41665661873022,13.208805185184701,34.02588462650521,31.795385243382977,REPLACE_BATTERY
5986.925134091869,47.26564157380407,-11.948478121570536,0.6303943369481697,0.5146076219985058,96.4228532237209,3.5512724598599945,23.252470225840455,61.30443027405393,6.251199814510061,60.75131277541377,83.78265892643083,CRITICAL_ABORT
4060.9277931443735,61.1523495057298,-5.0863160737453885,0.7947263534311723,0.6487562068825895,77.24634122765895,2.775031681396301,15.458957751077705,55.155123327676115,11.74583965211969,33.39018718217104,63.43784877470543,CRITICAL_ABORT
4970.815796694703,54.230888679732345,-6.404046865505317,0.7082577422993086,0.5781695855504559,84.29610867319849,1.5785162796241279,11.979295467729958,58.92246286774825,17.285724138848483,28.009070050302796,61.28465701293446,PREHEAT_BATTERY
1767.7163780771589,81.81483728872368,15.811201667409986,0.9863589397789929,0.8051909712481574,77.58401005820012,1.4898757556484332,15.001678911569678,73.87919505777135,19.46715228034744,26.786403632301944,32.74531678237015,NOMINAL_FLIGHT
85.89166600235987,100.29741582076859,25.41591587233535,1.1702858794320046,0.9553354117812282,69.40308177211179,1.822943256033939,20.17356260313573,69.40308177211179,14.790542312488533,32.240574293246645,30.150130870116683,REPLACE_BATTERY
4427.21711136918,58.284880043186774,-8.875387822443955,0.768321367934844,0.6272011166815052,85.62660757317047,0.7081657642396255,9.860316882211649,57.440090454981615,23.027417057925806,22.41388115859899,56.07839763120222,PREHEAT_BATTERY
5004.867582004054,53.984751022471265,-6.499830426399105,0.7052964328567445,0.5757521900871383,83.37992981193705,2.5360030696639524,12.59797479548065,58.19101420074918,15.598920438832712,29.876340982977194,65.88067836105282,PREHEAT_BATTERY
4442.856791721115,58.164914769315146,3.4324105474009343,0.7326203661213001,0.5980574417316735,72.1047745716919,1.456611276418422,8.792810307847036,58.486308321185554,23.79788130549189,20.52648551823844,48.29907933267718,REDUCE_LOAD_PAYLOAD
857.1017238050316,91.44333600688272,21.672017617839934,1.0805244445206064,0.8820607710372296,80.81541656282972,3.4094613970481746,15.349911551748237,80.81541656282972,17.00606853851955,25.935276603292532,33.70979142851854,REDUCE_LOAD_PAYLOAD
4520.567533541815,57.57179009260351,0.42624697733740824,0.7331178513053804,0.5984635520860248,92.8931626405476,3.026210640231265,22.066577511653424,72.16490945811839,9.678993095634093,50.988017730497155,58.93411038985667,CRITICAL_ABORT
4613.5366926458455,56.86865023113373,-6.1730483522611355,0.7420644037028068,0.6057668601655565,85.6649136087762,2.44205265636864,8.419282701066184,60.10483765266379,22.744669530165524,19.075969405575954,59.54650271543123,PREHEAT_BATTERY
3951.2430940203294,62.032875349030256,3.0664210859864105,0.7823748242554086,0.6386733259227825,68.39210644734482,1.4568088905980643,19.48049995572182,55.18950274685708,10.520102012048348,42.67905945397714,53.583308801873386,REPLACE_BATTERY
4596.6955967735175,56.99550350818526,-3.4821821879452326,0.7362985117365373,0.6010600095808467,84.18075240301972,0.8397273266939376,23.852429866733573,61.64582788605513,10.513291399471568,56.9974657621217,59.989848327465296,CRITICAL_ABORT
5075.528638066393,53.47687511206467,-12.745489795867716,0.7154181739747764,0.5840148358977766,89.59584047513553,3.1046074564224915,12.027773645690099,56.14984012278507,14.188695951741883,28.54612360750315,73.40223612646285,PREHEAT_BATTERY
3681.6246854247506,64.24101868962953,2.662044568733495,0.8114123997937713,0.6623774692194051,92.7446192023263,1.9456363959643461,19.79179229237002,74.41339555622153,13.963735869884347,42.617208743518674,45.992285655304954,REDUCE_LOAD_PAYLOAD
531.6282838180744,95.09934058362202,16.585932837980966,1.143451095558452,0.9334294657620016,87.01911525219934,0.89900015270943,24.576732318703407,83.63229946830383,17.237458827664145,40.08332811798259,25.761764614551403,REDUCE_LOAD_PAYLOAD
2925.766858003265,70.77287600749958,2.8181140485548153,0.8934091326098773,0.7293135776407161,70.34303575892743,0.7806984601600249,24.358727022591875,56.56469915500057,9.501102299116933,47.76470199941213,47.60802940361722,REPLACE_BATTERY
465.89600802963037,95.85186932010416,22.918317484269274,1.1278493669516227,0.9206933607768348,89.85606433065563,0.6616036180054361,11.993796281495435,89.85606433065563,37.00243740555531,20.63970578132785,15.945395534194354,NOMINAL_FLIGHT
2445.258186194585,75.19761899194775,10.592043156635818,0.923257505192222,0.7536795960752832,88.70696461285307,3.10864478482238,9.705627904605167,79.19307985232054,26.095857402293987,18.386468113102275,35.69736315748353,REDUCE_LOAD_PAYLOAD
2442.6389347537656,75.22233741625503,3.1766845987148775,0.9483451921242555,0.7741593405095962,65.85494090292217,0.9159487412012468,10.520803144230571,53.224898669333655,22.509410984650874,20.598998374097693,38.13476595095938,REPLACE_BATTERY
396.05906484144947,96.65666538113014,27.69554493444496,1.1192591983924434,0.9136809782795455,79.41116836565851,2.10656905410079,19.93460636419642,79.41116836565851,16.98837672728473,32.516746674212754,29.376833388323792,REDUCE_LOAD_PAYLOAD
2092.9232038168757,78.58229185730151,14.256030566692672,0.9525137707335479,0.7775622618233043,76.65325864368306,1.8061854438922258,20.337900882705682,71.6339073330981,13.729076594345646,37.28681970139959,39.35601410786196,REDUCE_LOAD_PAYLOAD
665.988592747889,93.57601179920341,17.147431969084302,1.1229587060156765,0.916700984502593,88.42942224887751,2.3184435969131356,19.462021547679385,85.5537614998233,17.077013502791687,32.21484093064475,28.30601208762078,REDUCE_LOAD_PAYLOAD
4849.411260055333,55.11584798284437,-14.209097172605539,0.7415121722058863,0.6053160589435805,72.56475343088222,3.508619601484777,13.713332591618048,44.26568183465762,9.01767677787221,30.46706934326279,82.32680831717937,CRITICAL_ABORT
5686.128155786824,49.24725880350669,-12.684355908021518,0.6586793730988033,0.5376974474275945,85.68051730409906,3.4709895603269225,10.886207975888077,53.755814553862564,11.632278873990442,27.789872040861106,78.95006257870642,CRITICAL_ABORT
433.89885154763164,96.21992604014446,19.949938895634595,1.1436463273499904,0.9335888386530533,96.96220866349603,1.8043042872994386,17.872938563188303,96.90687266167564,23.03232881527648,27.935692919392356,21.084207817090117,REDUCE_LOAD_PAYLOAD
5730.691243750209,48.94951143110383,-11.68379079911124,0.6521916583535424,0.5324013537579938,92.92308302730127,0.06146500293889323,16.22256757788373,59.35971006458306,14.97154984280018,40.842700277287726,65.89053646233869,PREHEAT_BATTERY
3135.459596020471,68.9092310750355,2.8039293200891064,0.8699279213837791,0.7101452419459421,97.25102076757857,1.7057752228572127,20.390180501079158,78.18639690191307,14.134683816482047,39.87830946982267,40.518373910388696,REDUCE_LOAD_PAYLOAD
1797.3940677232433,81.51545193593941,3.2796542560738704,1.027301113700819,0.8386131540414848,99.24770884264416,2.4247741496965616,15.503121337655564,80.32991037263078,19.940149230550755,29.565531968264956,31.207291390126933,REDUCE_LOAD_PAYLOAD
461.1724516569811,95.90613157710102,20.06064437272383,1.1394862534019068,0.9301928599199238,65.3734544452157,2.231059036392247,13.756874809669963,65.3734544452157,18.452812694659915,20.979294691859444,31.430059851113135,REPLACE_BATTERY
3003.745608422507,70.075133099106,3.947557989912142,0.8809954829074544,0.7191799860469016,86.79594467321172,2.605344423200822,12.989135815103245,70.91247437142793,18.386586795593175,25.878159886393448,40.96972223501098,REDUCE_LOAD_PAYLOAD
4767.093266944492,55.72251676621253,-2.8178011112689063,0.7180842402099937,0.586191216497954,79.44937892156173,0.6163029298923339,11.594995440845691,58.78277347779692,20.615479531180412,28.112242508041987,53.65025601975595,REDUCE_LOAD_PAYLOAD
4242.5188636001885,59.71683914179503,-6.067370986456471,0.7789213688251464,0.6358541786327725,95.09490716172925,2.5861403951229303,12.517688395173245,66.83574100918452,17.950963330828465,28.34157628556143,56.95429390029189,PREHEAT_BATTERY
301.3560687838426,97.75674830708498,31.434558919767852,1.118101713901607,0.9127360929809035,73.81351457031961,0.7306064749750889,9.612117460349722,73.81351457031961,37.271403018866984,16.50208790311125,19.430225058993635,NOMINAL_FLIGHT
437.4110122074211,96.17947055446896,12.598625667392978,1.172575135067478,0.9572041918918187,99.33603211902766,3.002095922786996,13.896569185791122,90.95448811293936,24.20219060646861,21.765103711558165,22.37975421814285,REDUCE_LOAD_PAYLOAD
2417.2396957958226,75.46237677490774,15.843779466340274,0.9096711758566369,0.7425887149850097,86.47977893403116,1.35635045305072,8.621686810170289,82.38228795837865,39.52868738166334,17.818155625291098,29.091968550273766,NOMINAL_FLIGHT
1771.7429642876596,81.77416539410385,12.362075877739688,0.9977783755875829,0.8145129596633329,92.77380907800908,2.8395817335258142,11.169035401827555,84.69577689532085,26.224442509282007,20.86743139186113,30.214186856193173,REDUCE_LOAD_PAYLOAD
1394.305938336287,85.65845672486212,20.234935762531915,1.0171262992427896,0.8303071830553385,67.9959843487969,0.19146239562442835,20.695097558530293,67.9959843487969,15.616444536199825,36.912269471280744,32.46989930359254,REPLACE_BATTERY
1686.0269934522817,82.64351223809963,14.439831962853836,1.0011005214340805,0.8172249154563922,71.42102596656028,1.6314401023636536,13.532972807502585,66.89393884090249,19.51016788660609,24.526344541013266,34.07548244187413,REPLACE_BATTERY
4820.896459781307,55.32538837202181,-0.638049308451154,0.707263698164544,0.5773581209506482,91.54412855619711,2.820138089053331,19.360029288614847,70.00619703111845,10.77803955364948,45.72333869671202,60.03864559798225,CRITICAL_ABORT
5575.368321791123,49.993655140883355,-13.176703914406355,0.6699287230153154,0.546880590216584,65.76952827137633,0.9074820653259765,20.187030985153715,40.89454397841054,7.318636384787387,49.327555793024445,81.83096801548544,REPLACE_BATTERY
2430.6161671653986,75.33588321845417,3.707892787535849,0.947954350197904,0.77384028587584,93.5907295062824,3.1811481791888903,17.88015082644593,76.20812123529883,14.129952453411361,34.57442598682684,40.629763804048864,REDUCE_LOAD_PAYLOAD
5436.666012794983,50.94124323065142,-3.235807646812072,0.6574856337480758,0.5367229663249597,65.4882156542169,2.523118932419728,24.297861603211775,48.14115961856953,6.397428302507729,62.208620764606245,77.71639173033701,REPLACE_BATTERY
1928.9742074872918,80.19875075670319,11.894264421921898,0.9801617386954208,0.8001320315880985,87.99915936714457,2.3502470885991933,8.364477732592926,79.86756311421976,35.11109249489755,14.589524882068227,29.284756986978,REDUCE_LOAD_PAYLOAD
2858.6219180627495,71.37817725100899,7.526749900713181,0.8859341918617198,0.7232115851932407,77.7782872081132,1.4141954168173485,20.557095059998417,66.71859968160629,12.33359916261225,40.63760069131242,42.09038384825719,REDUCE_LOAD_PAYLOAD
1356.1739868959983,86.05904597733155,22.358628655399986,1.0145391475444796,0.8281952224852894,86.40231984517197,1.9298058815244703,24.299372946986935,86.40231984517197,14.458687315833798,43.11477220602347,34.48659880165872,REDUCE_LOAD_PAYLOAD
3842.856253055064,62.91303922044001,-5.138341855330091,0.817766713224302,0.6675646638565731,89.36109924461898,2.3893972039114124,22.658619398999967,63.75225482489483,8.899925786463122,47.873289603004146,60.86169812100177,CRITICAL_ABORT
5873.886691048853,48.0026054499068,-10.202809003621262,0.6359730661779361,0.5191616866758662,76.98663267152065,1.8898484556595618,10.854175760685226,50.47920946004795,14.63021372244502,28.10875509047558,74.16182556556609,PREHEAT_BATTERY
3620.958576260272,64.74653126354654,-1.485704528006222,0.8302834703837794,0.6777824248030851,68.77868568387925,2.7932532957622405,13.555945206279446,51.93223857379502,11.665060991562125,29.068083909803967,58.44083078864406,REPLACE_BATTERY
2146.884504681293,78.05606835377542,10.384403941349735,0.959054654851098,0.7829017590621208,67.43760537118929,1.7347877324278382,10.931681277899912,60.04524376569227,21.812869033671173,19.745112686000965,36.9847938274023,REPLACE_BATTERY
3886.9046759431703,62.554129044373894,0.09651443329083925,0.7975240707581666,0.6510400577617685,85.61276078968918,0.8090927269681214,18.222242184849968,66.18724801446696,15.70507537873789,38.62423690891014,47.5607700503687,REDUCE_LOAD_PAYLOAD
737.5240707923253,92.77306590028164,12.704984232615205,1.1306250120215953,0.9229591934870165,83.2229373806939,0.855735131204189,20.10719569365137,76.30185328013118,18.233574921821603,33.79103983840821,25.44751982125223,REDUCE_LOAD_PAYLOAD
5331.954481592392,51.66620313513395,-13.551889344452725,0.693341935614254,0.5659934168279623,90.97703531923963,0.02321507537176437,13.390254079171989,56.17908910938018,17.549782598356884,31.932013024480934,64.64458164104566,PREHEAT_BATTERY
3018.503704679018,69.94370880435594,12.135090381652077,0.854106507913698,0.6972298023785289,82.8407428501378,1.2038308622346898,17.171611757733025,75.41324436048005,16.90133079885809,34.04875038805474,38.431011067765944,REDUCE_LOAD_PAYLOAD
2696.0984522378526,72.86066957255198,11.906316003377936,0.8904405693453906,0.7268902606901148,79.78560265108077,2.9956705619140784,19.745649691210318,72.42394486022872,12.04831203220942,38.60499741453121,45.883434465413195,REDUCE_LOAD_PAYLOAD
3515.188730721115,65.63558095614295,1.8380753636765772,0.831510851010776,0.678784368172062,78.93305123826808,3.176650835350438,15.162776882387822,62.590283380157004,11.93865368100428,31.36490305730313,52.68311598806429,CRITICAL_ABORT
3748.7031767364147,63.68579899697538,1.8490466437777706,0.8067776571136231,0.6585940058070393,65.92564159091836,0.8098701683830001,22.51826401774281,52.28425059226643,9.71000328684286,49.36469038760315,54.12257621035627,REPLACE_BATTERY
430.65483735907816,96.25730507012605,20.729531028983704,1.1410556064484012,0.9314739644476744,76.744502059383,3.836175987485631,21.11634889989289,76.744502059383,10.978273225557919,34.93573303093987,37.707046790150756,CRITICAL_ABORT
4095.7033273404145,60.875301822868984,5.160845301427214,0.7619973235070617,0.622038631434336,99.1607055133573,2.009611173920507,9.099314245459702,82.38604955324877,31.830790647872462,21.271849580628636,37.18098626262176,NOMINAL_FLIGHT
1451.5900818931775,85.05950613580703,14.562901578723526,1.029925874035323,0.8407558155390391,95.57444516794811,3.6679149960740105,18.559130084544094,89.65046178766602,14.564203256624332,33.27817115158357,34.90671228826569,REDUCE_LOAD_PAYLOAD
4283.7157950395385,59.39499884329603,-1.6849422070827573,0.7622165785370184,0.6222176151322599,76.52823234619763,2.8270611274465245,12.000534366315744,57.60981497593016,14.659540089757586,27.59425497412505,59.02719131277469,REDUCE_LOAD_PAYLOAD
4935.208766305181,54.489239287749434,-1.3487062602733477,0.6983958886266884,0.5701190927564803,85.57283917732303,2.8897336920896524,17.47781049934368,64.74652793234424,11.084477720145896,41.368058931537334,62.77985924865424,CRITICAL_ABORT
4823.751045315122,55.30438250238433,-10.241239218777825,0.7328193668141537,0.5982198912768601,94.6553860937423,0.3401744852242845,24.267103524760426,62.02292970778664,12.002119697916884,55.84533067573803,64.13456612850912,PREHEAT_BATTERY
3315.005804447335,67.34527716423456,11.246408193576793,0.8249459339233451,0.6734252521823225,80.4446017862524,0.8799645075877227,22.94405407738825,72.41695882568727,13.656543196569686,47.37290202771255,43.248222583974695,REDUCE_LOAD_PAYLOAD
3121.019353864507,69.03628075829744,-2.9389328488361803,0.8900547093836993,0.7265752729662851,65.62852523125528,0.03525933317789054,14.876778852957239,48.46641423222904,15.405902309754149,29.220003125283828,48.82097162973179,REPLACE_BATTERY
857.2557680364703,91.44163301148762,27.576048163326938,1.0592912254068043,0.86472753094433,67.6078661636524,2.86451056190695,12.955735591854008,67.6078661636524,18.414858079872566,22.81368765395741,34.85326145186454,REPLACE_BATTERY
4652.076902418814,56.579211395187315,-7.101877785482163,0.7408651065297744,0.6047878420651219,82.86374524720473,1.37775315371404,11.984897654940404,57.26204594668212,17.46547876084949,27.52614307980703,60.01457068955858,PREHEAT_BATTERY
1628.4562826802862,83.23159444578216,13.201540423451732,1.0125841834689464,0.8265993334440378,98.93037814865573,3.146610064305387,17.05275278586084,91.26303253386226,17.096042005590586,31.43353019546362,31.905135376267204,REDUCE_LOAD_PAYLOAD
2980.1725369076794,70.28547154162013,-3.821172345814631,0.9091282873333054,0.7421455406802493,89.26233397766038,1.355744879748105,9.942223705386958,65.02213274260512,26.430602963413012,18.396930592894655,42.77730724371212,NOMINAL_FLIGHT
1705.6445575651003,82.44389007670435,11.639336788938383,1.0085030132422461,0.8232677659120375,67.48206670034993,3.2773350091954443,17.337675138180224,61.05024561021448,10.883908806913462,31.392176369134848,44.02348127473165,REPLACE_BATTERY
802.9701779981589,92.04336534198943,14.581661187877547,1.1144158618955105,0.9097272342004167,71.6276306527152,0.522793014993252,8.022671871343464,67.20325906119504,42.00435347762501,12.241160165738524,21.388398905569716,REPLACE_BATTERY
3777.3461813504196,63.44990315130121,-2.5909819056450916,0.8169799496676323,0.6669224078919447,91.99631001258976,0.6934926270300328,13.505443722679363,68.3038384989517,20.76997208093197,28.647301656246576,44.64885275854871,NOMINAL_FLIGHT
325.99220893742296,97.46960086692161,22.19449581296235,1.1496952972421997,0.9385267732589384,94.45039159846857,1.363506158335746,11.738883335119882,94.45039159846857,37.3566199810409,19.487875331976916,16.00046225416861,NOMINAL_FLIGHT
4491.8714047572,57.79023924488737,0.5917939414427291,0.7354545381786461,0.600371051574405,86.61931051660068,1.6339495555290933,24.510719429333296,67.45448064701837,10.319946982191524,56.23263052974695,57.00941427470956,CRITICAL_ABORT
1905.5207715667,80.43217531319993,13.652131741819579,0.9769894820177699,0.7975424343002203,87.55481093704358,1.3948112433719135,20.363119432689643,81.21884591778357,16.785954666017787,37.77732354675585,32.91976782843229,REDUCE_LOAD_PAYLOAD
0.8081580269119204,101.31529185367833,26.53313023983064,1.177755530519883,0.96143308613868,65.99181076341846,3.0545881300928794,13.944107467858041,65.99181076341846,16.980305144925506,21.24864425423175,31.72875045652365,REPLACE_BATTERY
3066.7748354233786,69.51523640289527,-0.41163337447977266,0.8879248642323754,0.7248366238631635,93.9985590853528,0.3878055705068588,9.578366471020548,72.12578805146539,33.968994606224655,17.626971977885713,33.685275014818345,NOMINAL_FLIGHT
281.11145116561875,97.99322257034878,18.769005119409826,1.1694350829698745,0.9546408840570404,92.58963228597904,1.4048680785539522,16.78561010974061,91.2902903439057,24.92905854512667,27.09926435157235,19.573066858795134,REDUCE_LOAD_PAYLOAD
1657.0173469253969,82.93942242316145,23.22301233674148,0.9749106195823299,0.7958454037406775,74.06623004361715,3.3489599980618374,11.628613982542719,74.06623004361715,20.61834296524579,22.753003253086636,38.278522390723,REDUCE_LOAD_PAYLOAD
4241.858924734297,59.72200620963356,-6.248088184589161,0.7795162130919456,0.6363397657893434,89.80368519879275,0.26718830904868796,17.11930228027208,62.93188964704419,15.590339900363519,36.80648835493115,53.084130589975416,PREHEAT_BATTERY
376.1377297311952,96.88723763884533,30.83614601703371,1.1103380716674793,0.9063984258510035,72.51991122487493,3.7693740306854298,22.201160021041172,72.51991122487493,9.1415755278866,37.72390029629728,39.26801645575414,CRITICAL_ABORT
5036.030954136014,53.76028527793163,-8.949507196288423,0.7088761911748911,0.5786744417754213,66.41155563680296,3.9452673690880515,18.468473385723552,44.494123027605525,6.285499516231396,43.8045816057675,83.74804806063948,REPLACE_BATTERY
22.91953595149865,101.04996694201033,24.86246269703278,1.1812564643911485,0.964290991339713,72.03977899066321,0.35427269530032035,18.774403132265036,72.03977899066321,20.147220598346056,28.504153906242905,22.512939133053507,REDUCE_LOAD_PAYLOAD
1480.9432152114134,84.75391288026172,20.72569490227546,1.0047049393984089,0.8201672974680888,71.25201068640048,1.1650900890229479,17.197514914067796,71.25201068640048,17.499224989401696,29.929171948084996,33.38822846410314,REPLACE_BATTERY
4445.424336912429,58.14523935292438,2.4642039197624968,0.7349452984668757,0.5999553456872454,76.82117988571966,1.4896026641414246,23.763515754733955,61.46400567136052,9.011607942460245,54.72770080140432,56.93130374497634,CRITICAL_ABORT
1897.6208983758406,80.510923969677,12.111401359161599,0.9832280237153299,0.8026351214002693,79.64573240114103,3.1055654746109043,23.842345635150256,72.48318973454333,9.456162761240469,43.17008291541726,44.14472681100742,CRITICAL_ABORT
611.3543283960812,94.19303319540262,19.084981597817777,1.1228688387094177,0.9166276234362593,82.79886120241977,2.3837072484669353,16.716294418250385,81.93516891126839,18.690829872458004,26.37027821418771,28.555310994164792,REDUCE_LOAD_PAYLOAD
2161.403512802567,77.9149691698179,10.671274924172248,0.9563533982127778,0.7806966516022675,81.68638564279149,2.5774628019702694,13.197911281439575,72.99924553405555,19.304075630795115,23.26038875475792,36.60218445929021,REDUCE_LOAD_PAYLOAD
1622.3597183071531,83.29406846517205,16.144449472164094,1.0030357750299377,0.8188047143101531,74.47361120878513,3.030039291274024,15.812979099950546,71.20025201931813,14.930074183942594,27.71232825721865,39.24843590263151,REDUCE_LOAD_PAYLOAD
5056.27141296333,53.61490113743441,-3.4092457499128654,0.6924387931344915,0.5652561576608094,66.0209734000926,0.4719159977481029,11.171484507325466,48.40225982302061,17.086932596181416,27.132819007229507,59.95124648143312,REPLACE_BATTERY
1880.0875055108588,80.68592592919735,12.800580509150176,0.9829903478892452,0.8024411003177512,86.17855677830028,3.3328378276410495,18.81785336040752,79.10559115076204,12.808519035238563,34.32939929153153,39.59353611297336,REDUCE_LOAD_PAYLOAD
4733.594830656043,55.97093681807815,-2.673934909148509,0.7209019249102018,0.588491367273634,78.85106904465741,2.822479216720576,16.501569708297964,58.46941936445456,10.44796947211489,38.18455225292654,64.70872312518931,CRITICAL_ABORT
5351.232868864408,51.53210753089578,-1.5912149862639478,0.6610837717117504,0.5396602218055104,75.45352550856424,2.309366900785481,9.756108122825758,56.88140599427689,18.223683923072855,24.611107007377512,62.23003987553598,REDUCE_LOAD_PAYLOAD
2602.904517459177,73.72194071835958,9.987668697839274,0.9070715724121152,0.7404665897241757,95.34293649906793,3.5589413391322267,11.36001227903346,84.46043872900317,21.546591527199002,22.935766161018936,36.97561929967068,REDUCE_LOAD_PAYLOAD
5459.658863126352,50.783162910767814,-8.929518330297398,0.6695695811791691,0.5465874132074849,91.1360157729356,2.8012254155352285,16.153743255391955,61.079675930006694,11.658834969567875,40.38692169728675,71.86266777222542,CRITICAL_ABORT
2263.908323779157,76.92466795528482,2.6900417699851413,0.9715178158751518,0.7930757680613484,95.02179419303548,0.8067998505241016,23.08901284222059,76.27080870501884,15.220626271757736,42.428024488338615,34.5993609419649,REDUCE_LOAD_PAYLOAD
5784.470498940649,48.592129188310956,-25.75270892725954,0.6842478446496358,0.5585696691017435,82.32439781493613,1.718981524302667,17.628642250728657,39.38556581137502,6.71273968811406,43.72067672591984,93.85582212120977,CRITICAL_ABORT
535.7371471534376,95.05246006155667,23.459587189653497,1.1164020510921637,0.9113486131364601,69.58259382443721,1.9761714677429332,19.586095003544003,69.58259382443721,14.980688559252052,31.50900795928841,32.93352552600443,REPLACE_BATTERY
4122.115599019457,60.66556192654127,-2.2678725500308263,0.7801970823057892,0.6368955773924809,89.36775026424453,0.22087050700162258,13.763485345646465,66.68141199241867,21.58540658207379,30.031076069133306,45.574764403808864,NOMINAL_FLIGHT
2962.884242741572,70.4400567157543,3.1673390476060703,0.8880839224205775,0.724966467282104,72.21258229780113,3.818550053440223,17.713993681751983,58.35554127460181,8.83136009601539,34.89442100286795,54.15623966408685,CRITICAL_ABORT
2325.892832733882,76.33079637086763,11.099347608161487,0.9354977895659308,0.7636716649517802,80.4430384182101,0.5143090431875139,15.605456984847146,72.28068946394679,20.390365371469773,28.634361072588934,31.70457784743558,NOMINAL_FLIGHT
3796.2712724916055,63.29442989773279,0.022218082820022744,0.8071818951372421,0.6589239960304017,67.2750276132111,2.7898450689069074,19.205208514593732,51.95336114974058,8.552353360819636,40.68849695891807,61.55703850935027,REPLACE_BATTERY
4223.142549805987,59.868699034568955,3.1884746794305805,0.7547461626624038,0.6161193164591051,93.88579408480439,2.0249241443635206,8.859784623343176,75.892451273522,29.44316225142038,18.310247020691172,41.85813697757247,REDUCE_LOAD_PAYLOAD
26.179617901854524,101.01089531044347,25.260386824932837,1.179225151638781,0.9626327768479844,69.40792243666252,0.10252899953769035,16.386103676062305,69.40792243666252,21.969672018249536,27.37605626225163,21.07608753883266,REPLACE_BATTERY
1001.7185324831923,89.8558274417216,14.754213113508412,1.0872781894840804,0.8875740322319023,96.60841274672583,3.6989899034574467,13.031874627447438,90.83103929701426,20.67782601010484,21.184918216826638,28.720750559231803,REDUCE_LOAD_PAYLOAD
4278.276303805912,59.437412786619134,2.142035220058018,0.752157342331319,0.6140059937398522,95.2480710791545,3.407347235275733,13.545146041724458,75.85739271410046,15.409545878643787,31.884086604725198,50.95398438774613,REDUCE_LOAD_PAYLOAD
3998.3124814692387,61.653763342147556,-2.074686504281062,0.7923408939929591,0.6468088930554768,81.26039675537362,2.097031711615342,24.335596336487043,60.811102022466194,8.551027839592559,52.79142138155042,60.83720113644349,CRITICAL_ABORT
5796.285030772064,48.51390122067608,-10.043169281656875,0.6423570946047582,0.5243731384528638,91.05288715063968,0.915769344557781,11.105811816093507,59.86798990498663,19.690006661511987,28.931196647929323,65.09257744651585,PREHEAT_BATTERY
4566.226741504698,57.2255882634491,-7.06752735074454,0.7492322223757414,0.6116181407148908,86.68057758363537,0.48649156272037697,13.291169293836148,59.93356807206879,18.76476871600843,29.743900365656746,55.578198261901576,PREHEAT_BATTERY
5704.636246388029,49.123419831682895,-15.329270029009368,0.6637632577814275,0.5418475573725938,93.10764748182108,1.4535699177285064,16.66817378742482,55.60819997779886,11.038525783802159,41.80318309878755,75.53628365070749,CRITICAL_ABORT
4215.243009208842,59.9307005417267,-1.9782384089289922,0.7699230835518696,0.6285086396341791,80.11317852750692,1.021713124184362,22.671458118543605,60.040668001436046,10.229500756583102,50.81505233550064,57.357490246623136,CRITICAL_ABORT
1788.313251836659,81.6069638836909,13.440107080780143,0.9919926964455656,0.8097899562820944,92.50329694855225,2.026764804025195,15.083391414508299,85.58564331025903,22.37384560030768,27.852386012718572,29.706076234186682,NOMINAL_FLIGHT
632.1895335051388,93.95733984410934,23.289903209050763,1.1041714112412233,0.901364417339774,81.18598859728019,3.865637184493716,20.645709775098908,81.18598859728019,11.653733332518478,34.94405801011818,37.156241576642685,CRITICAL_ABORT
4690.943180069614,56.28853296189065,-6.834359437001204,0.7363184887278718,0.6010763173288749,97.93380257449778,2.2998139729185656,22.55835966965164,67.97470677829097,8.842669388117242,51.568049525106744,64.44755384063558,CRITICAL_ABORT
3864.8953288554953,62.73325517793511,-9.303618556412706,0.8283028005543703,0.6761655514729553,82.02302352888017,3.5597242235603916,13.270278048971432,54.62230963347292,11.266530109715836,27.38271611966555,67.31263945197857,CRITICAL_ABORT
289.1160743597774,97.89966649717158,20.956876098719505,1.159627438597213,0.9466346437528268,81.19167451768053,2.603515349983109,14.676753120158068,81.19167451768053,20.540990417391317,22.187224784684446,26.838658787108685,REDUCE_LOAD_PAYLOAD
2160.30279540587,77.92565896333886,14.927124165580924,0.9423541758986166,0.7692687150192787,92.47751515472294,1.9009861063488018,14.061455802702056,87.12946790357003,24.112708520830697,26.956029577214466,30.800207382810452,NOMINAL_FLIGHT
5740.798892905717,48.882180614430965,-13.802073200102697,0.656614153037674,0.536011553500142,93.75521921162932,3.418430250933485,22.158548746504657,57.6272422890412,6.932594626940647,56.69921917541063,84.35039734690636,CRITICAL_ABORT
3002.406874261207,70.08706472467831,4.252438304729413,0.8801770625113315,0.7185118877643523,84.40711900124097,1.88547244069199,8.75389665321122,69.25416702173116,28.725190290894137,18.740786429493028,36.1914821282691,NOMINAL_FLIGHT
2596.374816118228,73.78259396605961,13.055446224761203,0.8980871338808866,0.7331323541884788,71.29292347232764,3.474512682041444,13.24315851008756,65.64881150666542,15.103480666101998,26.218034227648968,46.168314209082936,REPLACE_BATTERY
2746.197630955764,72.40104615067659,3.5898492624929212,0.9114137794258773,0.7440112485109202,81.37153808351528,1.1663070783030611,19.549945479117206,66.14889913861185,13.533745565349681,37.281071780116825,40.33524756746024,REDUCE_LOAD_PAYLOAD
1253.2963440309823,87.14738379726468,9.139557672584116,1.0754791357428568,0.8779421516268218,98.88253760183875,0.5152522950519525,17.612539492610825,86.6399852981671,25.005660216544996,28.547108478105354,20.201726981548482,REDUCE_LOAD_PAYLOAD
2212.2430251887713,77.42252544489558,9.817264738645514,0.9531770683337135,0.778103729252011,91.35451675637148,3.4212578574517534,15.416919107992802,80.74979376309771,16.01878985019576,29.66428830855459,38.01053854577757,REDUCE_LOAD_PAYLOAD
2218.87953592306,77.35842900888585,8.156413260256425,0.9580109144555542,0.7820497260861666,93.39069113576963,2.349660655170667,17.179119862763535,80.78137057264722,16.421815407227523,30.55965345373513,34.375421436579934,REDUCE_LOAD_PAYLOAD
314.13012112483443,97.60777448908222,18.126922613922307,1.1674029380119288,0.9529819902138194,66.1488924586734,3.5563695929958405,11.35893795908141,64.73640972047934,17.988744101604706,17.789332321743473,33.832062095209096,REPLACE_BATTERY
4605.405771107509,56.929866723205755,-5.812029791692268,0.7418600245998889,0.6056000200815419,81.3750811921956,3.751308827969533,15.322182567336178,57.429882563804235,9.87081332819131,34.8362985671082,69.61874197617686,CRITICAL_ABORT
2499.0265914232737,74.69164679315114,11.213855391982639,0.9150400224898102,0.7469714469304573,87.63173967801444,0.2145135614857967,16.528950730997934,78.85436511549433,22.232954167222896,31.881391525965164,29.628342523501203,REDUCE_LOAD_PAYLOAD
4933.07932089854,54.50472123061748,-7.111458393679592,0.7137268140935129,0.5826341339538881,94.05114392698262,2.0038772074354734,23.320215073228226,64.98269802680291,9.311436442551663,54.99630125445017,66.89881430836637,CRITICAL_ABORT
5102.088006719372,53.28698322715776,-6.628666680244731,0.6965168150835617,0.5685851551702544,66.724577875397,1.499858196298117,12.434197767667598,46.46921127808364,14.280265318703158,29.996861838658226,68.44796469581956,REPLACE_BATTERY
1271.9643281919484,86.94907288992097,25.79927035932945,1.0132343549065534,0.8271300856380027,94.83536099746556,2.5034335882804686,22.753084536803854,94.83536099746556,14.831955954422853,38.588009836819126,32.26714224347416,REDUCE_LOAD_PAYLOAD
3944.1208930207713,62.090403902908136,-2.351180112422835,0.7987670958136653,0.652054772092788,84.19403278596691,3.174364788809294,18.952103814041692,62.74110248639658,9.81163684338336,40.836292498352115,60.63600678223335,CRITICAL_ABORT
2833.6908249778903,71.60399150164696,7.972752810867061,0.8873269747406545,0.7243485508086974,71.9059889701621,1.1223608638974758,8.345794128149217,62.04691438771755,31.852037001393466,14.74360572543545,35.57909672265269,REPLACE_BATTERY
5280.940427528911,52.022407653446805,-11.872179591933598,0.6936339670137276,0.5662318098071245,76.1039325757395,2.2271935374926866,20.318732727289692,48.45211301928683,7.828473295791233,49.58538606668795,79.95894033803486,CRITICAL_ABORT
1294.4440750587248,86.71075455280327,12.354314912683424,1.0580415863533486,0.8637074174313049,74.86753431130462,2.8349143196195983,8.604381918333937,68.34201937837224,27.179976800203534,14.357810935156829,32.14084461179313,REDUCE_LOAD_PAYLOAD
4066.8792018602653,61.104863902491154,-4.359253079180576,0.7919612196810495,0.646498954841673,83.58006620009665,0.5377243313429361,24.955479155834823,60.3702591717485,10.590402480194413,52.40001528183715,57.69129627187132,CRITICAL_ABORT
3646.5127335163356,64.53320495284298,-1.0961256254646234,0.8263628178889652,0.6745818921542572,66.80899879688961,3.2562676238050674,22.834823690750362,50.74171303743965,5.872761783493245,47.21840728902531,66.1154232542107,REPLACE_BATTERY
1771.8088654309968,81.77349987353251,15.28062136243415,0.9876741084257894,0.8062645783067668,70.54876554749733,2.4244383994118923,13.054843708180776,66.75317730533821,19.562389757919192,23.273027535803234,37.56803399609315,REPLACE_BATTERY
819.6054219070356,91.85863114578238,31.417943691108057,1.0506987776855465,0.8577132879065685,93.44425651815239,3.798149748454607,12.375990913343992,93.44425651815239,22.070176793108303,22.36162475585686,28.744197951148877,REDUCE_LOAD_PAYLOAD
3909.8385628636593,62.367919260827804,-3.994167839992987,0.8072348616973266,0.6589672340386339,69.64113967613838,1.358115676522773,14.484498395795352,50.59195406502107,15.326065931769113,31.096136501234632,58.00962696248544,REPLACE_BATTERY
4431.5847487939845,58.25135762729569,-5.888427395238208,0.759297519143803,0.6198347095051452,73.16886943103444,0.4325837693487946,14.054838410345532,51.57468204306464,16.3801554217208,31.803566993419516,58.36301178932067,PREHEAT_BATTERY
1893.7640625801,80.54939291072591,12.37491852767311,0.9827899439468263,0.8022775052627152,80.8679711961455,2.0260048041477012,14.329742912551477,73.83844769100021,19.467852352578724,27.09488362803326,33.93853087615109,NOMINAL_FLIGHT
3868.9956241338828,62.699852912429066,1.8305226866784976,0.794341106794811,0.6484417198324987,83.09923108396657,0.3432430868377554,13.410701284031166,65.88671771311223,21.408170325892335,28.939660360553976,41.621365383438764,NOMINAL_FLIGHT
2370.7854456690197,75.90300419981865,10.907648662925297,0.9308826296240343,0.7599041874481912,91.72636678649555,3.878106093296027,18.559267916421632,82.21867155435889,12.799650842048369,35.9741763686251,42.40381199084226,REDUCE_LOAD_PAYLOAD
4279.241299695706,59.42988652906388,3.6054105217184933,0.7480854876864549,0.6106820307644529,80.65663493331657,0.15473983302876615,10.792482283250607,65.58204536319924,26.784215474632603,25.04678301710086,40.461689805976874,REDUCE_LOAD_PAYLOAD
1195.2916493643186,87.76590876370534,5.098643926455887,1.0988419891715528,0.8970138687114716,92.64526173624385,3.014015604429232,22.381681971582225,76.9071053525374,12.29553299180747,36.32548760714881,34.278260713165466,REDUCE_LOAD_PAYLOAD
5341.290015817046,51.60123227321758,-21.65303445378916,0.7147756882693338,0.5834903577708846,86.64212074659102,2.100409592568976,21.81084222853236,45.500578203669896,7.674755949236211,52.527969741845986,88.77946548475933,CRITICAL_ABORT
1724.4575787934784,82.25282161505936,11.311634877791644,1.0073248598470699,0.8223060080384244,68.95849087983379,1.4744826099931547,16.1002145335396,62.128334243572425,16.20904283912969,27.670645183915916,36.11330257595156,REPLACE_BATTERY
2206.7159265369173,77.47593982434617,16.14284741522858,0.9329784356983754,0.7616150495496941,70.47160034374934,0.2633686580346186,22.496409409735307,67.37285558797421,13.929688584437772,43.53117884616215,37.692927564624085,REPLACE_BATTERY
348.5517124820987,97.20725715729526,14.906173710838377,1.1756118370273516,0.9596831322672258,80.29618039074198,2.488667696694431,12.201466190514985,75.63341173237465,24.09746121375379,18.079403680540924,25.582938762965657,REDUCE_LOAD_PAYLOAD
669.0732739276584,93.54127228247316,5.612862021001435,1.1689900285601529,0.9542775743348186,78.89112875811638,2.340881317563821,8.298612746967438,65.95192863383002,32.29375552753387,13.662256371319083,25.048504954948733,REDUCE_LOAD_PAYLOAD
3095.1714162739686,69.26417245310256,7.737282825315246,0.8590511461528128,0.7012662417573982,91.02404943730531,1.123533092270399,18.52653472550699,78.29934464978145,17.584394599813432,39.14077151528828,36.525919223192815,REDUCE_LOAD_PAYLOAD
1605.5560603678289,83.46645909219711,15.782171726122684,1.006371980591873,0.821528147421937,85.32579989290731,3.6408868056412484,15.784459918400161,81.22305878032098,15.705196187315025,28.092938600651976,37.62571519515622,REDUCE_LOAD_PAYLOAD
5012.881354453166,53.92695650602676,-13.034770837942725,0.7222417329462865,0.5895850881194175,78.58465783507873,1.2164400293713475,17.641797287029803,48.989959577335114,10.907201110090051,40.985415672216746,73.52563114659094,CRITICAL_ABORT
88.16033192972306,100.2703889706422,19.49925983885215,1.1936244834893155,0.9743873334606656,70.9766099207635,1.7989016423684245,23.28876995331285,70.57144435514375,11.982755912117423,36.867512925961215,31.391598261525463,REPLACE_BATTERY
2274.5642920316172,76.82230804985304,5.3666135036211156,0.9609011072841956,0.7844090671707719,72.93929858139234,2.1750498236746227,24.488734750621038,60.77152058654658,9.494535870013333,45.23777120609139,45.589214889182905,CRITICAL_ABORT
2024.073280614556,79.2578743505795,12.396200263375087,0.9669599441277607,0.7893550564308249,85.14253564641706,0.4009275127051444,18.78570337584525,77.76209823900571,19.69647768279599,36.184318431698266,29.782106858823717,REDUCE_LOAD_PAYLOAD
115.9657855056062,99.93961853951471,21.114646013298525,1.1831561041170262,0.9658417176465519,79.82035817149274,3.7286468768545293,20.988945027491454,79.82035817149274,13.147309715000022,33.172248716639004,34.31513452679293,REDUCE_LOAD_PAYLOAD
746.2103940030613,92.67594782292649,22.6199520338577,1.0915796591021691,0.8910854360017707,83.02246281012353,1.4981446098041644,9.424743369281792,83.02246281012353,37.50176151581091,15.557272813302065,21.567920289809315,NOMINAL_FLIGHT
2481.8560495118118,74.85292472554764,-5.4051976363487295,0.9739354507121798,0.7950493475201467,70.97371023557818,0.32311685549737446,10.732164943155595,50.418357290652345,23.41058588887378,19.29488316364275,44.773919377326855,REPLACE_BATTERY
2957.1875066846796,70.49105496571526,1.4940218809105863,0.8941416161595472,0.7299115233955488,88.20171883205981,1.5491646947013198,20.4644816842006,69.59396533405702,13.512206897080986,39.532393072720936,43.67488922299731,REDUCE_LOAD_PAYLOAD
2425.7384835292146,75.38198874816955,3.6024300525048556,0.9488959582665222,0.7746089455236915,94.83885592995884,2.400810188370323,15.333212758596034,77.11041070804701,18.438306956407384,28.27566202055183,35.836591376975335,REDUCE_LOAD_PAYLOAD
3185.626070472563,68.46932154806102,3.01172715006588,0.8637239916397381,0.7050808095018269,74.02788273754152,2.0546106872853183,15.581409596874897,59.691175814431084,14.940664953643594,31.24823354433916,47.11262304164958,NOMINAL_FLIGHT
3570.7900494340893,65.1669995154466,-0.9003741137722727,0.8338787032990254,0.6807173088155308,82.20299790411393,2.778167896149096,13.246330587802422,62.61696103616027,15.521107718806778,27.178417214813894,52.50493625502627,REDUCE_LOAD_PAYLOAD
59.54292676701378,100.61174338660624,28.60218987549324,1.1615574448617583,0.948210159070823,99.14345651573157,0.22193576827164252,18.325058519121644,99.14345651573157,28.583786413061503,28.72933653532394,12.47441820145984,REDUCE_LOAD_PAYLOAD
2784.5709567210233,72.0505890934932,-2.3963950769869378,0.9270555048585424,0.756780003966157,76.66346091927547,1.1381624410882245,11.147805772075444,57.08983010989891,21.881304423332594,22.995043237805653,44.243585968836655,NOMINAL_FLIGHT
5780.9954453255295,48.61515811028951,-12.349013012962178,0.6493889893395263,0.5301134606853275,85.82662207233165,3.276922307360409,18.657576748336226,54.17558780958019,7.386068985406724,46.60575764637727,82.98497602290739,CRITICAL_ABORT
3114.1936807772922,69.09640110733542,7.549423191006131,0.8575438887225699,0.7000358275286285,68.15684950700856,0.3195747511654434,10.954580571299076,58.48289968276363,24.112961098526878,22.41145873314438,37.08238613673107,REPLACE_BATTERY
4065.253604753719,61.1178313892216,7.859088751910598,0.7576873179669633,0.618520259564868,86.2105250867805,3.4219438187838302,9.08504259006513,74.27843768226094,22.1600682402356,20.88835263292948,46.82361045516863,REDUCE_LOAD_PAYLOAD
1871.1831475012991,80.77491877785711,10.42847968577418,0.9923062092943569,0.8100458851382505,68.13711206566163,0.367584368308425,13.616080707884038,60.70230848956518,21.37355847718041,25.16083752214896,31.615335609996357,REPLACE_BATTERY
4643.948268916575,56.64015834011276,-3.5633707261951546,0.7319283328008672,0.5974925165721364,98.57324023633377,3.337816859566785,11.92938581416741,72.09425727790403,15.28200860109434,27.51085058319393,57.53955373593995,REDUCE_LOAD_PAYLOAD
4637.52889125669,56.68832716938583,-14.163251755980312,0.7625328317231469,0.6224757809984872,90.0481928225309,1.4431536043149067,23.112857855457648,54.977927292665015,9.149008844023747,51.478467159227925,72.81082721441007,CRITICAL_ABORT
3127.7762859248337,68.97680760529038,-7.29032688007654,0.9038431537634023,0.737831145929308,92.58559258474972,2.448836253028863,8.934208715766653,63.78131420408283,24.946365159388414,17.794631675602606,50.132457697642536,PREHEAT_BATTERY
5856.0829396752815,48.11952190447031,-8.84066722898083,0.6342365325912508,0.5177441082377557,89.64365262700728,0.6115484625919927,11.002432773760088,60.17028922450036,20.66064954969922,28.716049915676237,63.28877246907295,PREHEAT_BATTERY
753.3012885759202,92.59672859888417,20.075740156016167,1.1001097180312405,0.8980487494132574,85.6405162626763,0.2646748869007234,17.32823329491184,85.6405162626763,25.276225667353078,28.6867077732111,20.80954762758098,REDUCE_LOAD_PAYLOAD
101.68598933748596,100.109378784149,30.231604518298454,1.1495502793907306,0.9384083913393718,80.7469473379927,0.8637528160805403,16.178142244407052,80.7469473379927,23.282177736281383,24.79443043491804,20.277695109784148,REDUCE_LOAD_PAYLOAD
4620.9492705425755,56.81288849740176,-11.903184703375487,0.7575971186091923,0.6184466274360754,95.04306829163718,0.5114152716347822,8.779484312369926,60.47625547932379,29.959315403029013,19.35527815494607,56.15978300952831,PREHEAT_BATTERY
4842.933224189295,55.16339518088946,-3.879555259586655,0.7136820096838715,0.5825975589256094,98.48924836400721,1.2496235907185271,8.123291276257456,71.67782264787571,32.76383702943016,18.23098514768438,48.99473642282131,REDUCE_LOAD_PAYLOAD
721.2433747234575,92.95531540171822,29.65600726701679,1.069429576318431,0.8730037357701477,82.46626605164285,2.0575329860440807,24.797155013339548,82.46626605164285,13.224727130965544,41.760432565951255,32.93810160681421,REDUCE_LOAD_PAYLOAD
1593.4969977516364,83.59035234934984,16.740797556400693,1.004532924125553,0.820026876837186,97.60372672043417,2.355037854260038,19.20018990610025,93.97726924763349,17.663461060807567,34.45637745429057,30.485600698534547,REDUCE_LOAD_PAYLOAD
105.31418019977346,100.06622422649615,25.698365356656716,1.166484781333552,0.9522324745580015,85.41665184959811,3.1594724295189716,14.211904225326466,85.41665184959811,21.11229984272619,22.899527045525616,26.093668716364697,REDUCE_LOAD_PAYLOAD
1759.8516646833882,81.89432472565784,13.603744583679727,0.9949176998413416,0.8121777141561972,83.84344654137516,2.6249595729934345,15.997348210275103,77.72980781205433,18.141107499963603,30.33239735331375,35.362602412728904,REDUCE_LOAD_PAYLOAD
4638.851243512029,56.678401975595236,-13.00694036845775,0.7590105316050715,0.6196004339633236,80.90689565343749,2.435033300518212,12.531352047722878,50.46332013881498,13.694955590415232,27.689082627981083,72.00106665617669,PREHEAT_BATTERY
3107.763166275474,69.15307968714768,11.57740409776116,0.8461058661715533,0.6906986662624924,72.32507165355419,1.6471281099430986,13.862854322784566,65.38059233917693,18.494125921309383,29.137315170040115,42.30928639715366,NOMINAL_FLIGHT
2088.5735590097283,78.6248338099976,8.369983667411436,0.9729554624124359,0.7942493570713762,65.13018812863207,1.8952337398405548,19.033755943559637,56.49508539947372,11.976974983272848,35.25946962240583,42.915160006406715,REPLACE_BATTERY
2230.435769437982,77.24691969395069,13.024583780568204,0.9403565618347446,0.7676380096610159,73.45271793996214,1.6580833175607244,23.007800580745304,67.61177654705287,11.517007612905394,44.53200079709622,42.32491683203472,CRITICAL_ABORT
8.121754292808925,101.22747018394752,17.132037064240475,1.2148444390887703,0.9917097461949145,82.84031100612478,3.3686641202455325,11.130210392380143,80.1318654724279,23.961048006706676,17.603995385927025,25.363884734246543,REDUCE_LOAD_PAYLOAD
1798.8031653914154,81.50125920067055,7.410481102416899,1.0119994346178929,0.8261219874431778,78.29859832909133,0.9200018101935994,22.28614559155042,67.06114313926199,13.52934141092003,38.92069774441298,34.910203192757535,REDUCE_LOAD_PAYLOAD
3878.752449827583,62.62042871421079,6.963546072231885,0.7787971864777967,0.6357528052879973,80.69698298009219,0.022883726167858498,10.066462701810574,68.70415447177179,30.397415785429235,20.749335354043524,35.50780350851112,NOMINAL_FLIGHT
5845.166662898143,48.19132257505423,-14.73009475362715,0.6496588084556557,0.5303337211882904,99.32268768474174,2.605279588904957,11.65486780100265,59.99854324371537,15.813340589191181,29.86725894882288,74.77269768726065,PREHEAT_BATTERY
5082.364961903397,53.42794506879776,-0.7689948721593547,0.6833356857560798,0.5578250495967998,77.25953297342647,0.8098487345553256,8.631979896843982,58.96706055011054,26.504337635259542,20.644275370863426,52.7452069430173,REDUCE_LOAD_PAYLOAD
141.56978787317476,99.63581822523194,23.688643083531776,1.169331106127155,0.9545560050017591,80.82640287760378,3.5604605452392373,10.39380165558099,80.82640287760378,26.447725427582547,15.721098486863252,27.124590793427927,REDUCE_LOAD_PAYLOAD
5391.363628049036,51.25387191499387,-19.25335244710802,0.7032539198503757,0.5740848325309189,69.67304429734868,3.4361853188266243,23.59415347288886,38.495177869267195,5.066677317387185,55.260869019175765,98.21026562541012,REPLACE_BATTERY
4699.190479791756,56.227007734429364,-1.0844001199878113,0.7199689846724336,0.5877297834060682,66.67852063529456,0.30690948771282356,15.810458692512436,50.65152729858364,13.129834214307179,37.13662069102819,57.01292818151473,REPLACE_BATTERY
4682.256741425883,56.353393118862,-8.384130408046278,0.741481840162983,0.605291298092231,92.13933301073732,0.4255536216563094,9.32031965023201,62.32497179042356,26.890640659652437,22.514558946142273,53.31337213223215,PREHEAT_BATTERY
2747.974554021429,72.38478739609327,10.631609466445932,0.8885983540762235,0.7253864114907946,84.97391112751924,1.9806863689866652,24.315356246662343,75.89872698300952,12.452483490005084,47.769901150594,43.305770302190666,REDUCE_LOAD_PAYLOAD
2388.031757727017,75.73917716033827,9.6038479124748,0.933156547323121,0.7617604467943845,91.62466821153632,2.4368906510774186,22.942869231897053,80.76566677460002,13.35387510784044,44.112184453721596,39.76561286004844,REDUCE_LOAD_PAYLOAD
1817.4943729991558,81.31318655974215,5.470695435791136,1.0166935251684301,0.8299538980966776,70.2451979610293,1.099633349928963,20.8296028547584,58.6101997820514,11.689716525503446,36.91201254893394,37.63761799789014,REPLACE_BATTERY
394.1691537261947,96.67852037560176,23.259374327632578,1.136267301834057,0.9275651443543321,85.01400699139418,2.8671908667974826,23.869037463108484,85.01400699139418,13.870345342433579,37.752333792072704,32.61780584477049,REDUCE_LOAD_PAYLOAD
1369.4121809621947,85.91980267240902,27.079936534509727,0.9969691625778989,0.8138523776146113,73.87748660194815,2.379664083675486,11.74220015420799,73.87748660194815,23.513755360350835,21.771675072676164,33.10017781790548,REDUCE_LOAD_PAYLOAD
1479.6218098681477,84.76765079384742,17.847390528429337,1.0148071110126742,0.8284139681736115,72.9821635915007,1.2992964389942188,22.218277981171468,71.19119969022896,13.973871169335457,38.64305981493562,36.29069840213682,REDUCE_LOAD_PAYLOAD
2904.4624182612097,70.96448028304506,5.833405516274819,0.8861456378402396,0.7233841941552975,65.40341049185449,0.10148595216926237,19.729850338023205,54.84081351694029,14.036094456487408,39.13020057402296,41.26998629115664,REPLACE_BATTERY
4484.666439580164,57.84519228633986,1.2263851525134264,0.734451272806814,0.5995520594341338,69.56192532491751,3.0006011251940707,22.7859072426507,54.67433707218181,7.8299932826103325,52.219160351437935,66.26601674921524,REPLACE_BATTERY
2842.8589703876796,71.52088355393731,7.574759018495635,0.8875536249907047,0.7245335714209834,75.82438390248933,0.8590146633003308,21.547496617624706,65.08403074069649,13.403249898527905,43.37648453484333,41.194612586007935,REDUCE_LOAD_PAYLOAD
347.06669668296365,97.22450875689404,23.791737622874706,1.1406357014258584,0.9311311848374353,69.09075662068287,3.3378949738505135,13.890416074006025,69.09075662068287,17.049194397815803,21.654280688019504,33.694146709754655,REPLACE_BATTERY
5746.738805929223,48.84264763912625,-17.811928099335468,0.6663863186009255,0.5439888315109596,99.5050454143828,1.6811610402170207,21.164775129293346,56.61280051526362,9.4873264312536,53.015424762949095,80.07340983714555,CRITICAL_ABORT
5656.345914564674,49.44706452759363,-10.59700831572239,0.6560938878865404,0.5355868472543187,75.80214269833827,2.3083097705270617,12.461757150743136,49.36190848674508,12.032595847119916,30.748206292315487,76.31422713266477,CRITICAL_ABORT
4711.1372588904505,56.13798080659147,-0.445175100703203,0.7171440749513829,0.5854237346541901,69.56133813458149,3.4917949216360076,13.586066771476933,53.34832951681303,10.420480077737162,31.49245502233976,65.9152468029558,REPLACE_BATTERY
5947.967409385324,47.518587679788126,-17.842098921504732,0.6483980765749657,0.5293045523060944,71.96788094897852,3.4544920036798135,9.834397192790595,40.920942310496066,10.115338462850408,22.12263647334436,90.77322025788457,REPLACE_BATTERY
3266.8939968015775,67.76151122542493,10.887668127024487,0.8310929405743553,0.6784432167953921,85.56961299195167,1.486078300974293,23.89630247166797,76.68059167714962,12.199007565035128,51.54045977995593,44.0180922124805,REDUCE_LOAD_PAYLOAD
5776.610101519236,48.64423206993884,-13.00649578060067,0.6514195894167125,0.5317710934013979,67.2415233352676,0.8355555708593725,12.947057177804787,41.94028289405554,11.956659680049126,33.27134009363255,77.67172172564486,REPLACE_BATTERY
453.63024370050465,95.9928248988504,17.612555858254016,1.1501189083102727,0.9388725782124675,95.1851945549405,3.1005843109143787,16.85058190791468,92.59455213455945,18.976316911454116,26.50183386137777,26.06889863803483,REDUCE_LOAD_PAYLOAD
2194.084489568228,77.59812319699928,15.726611202407742,0.9357962176194149,0.7639152796893183,98.65248877330015,1.7323208144085247,14.652658219925275,93.84647175298619,25.341373282938687,26.90839955455836,28.558253104480077,NOMINAL_FLIGHT
1352.287608040595,86.09995875537491,14.77615936904479,1.0417518202175682,0.8504096491571984,73.63615972335833,0.7681679742360163,24.318778049919526,69.25099510435592,13.13587426192638,41.96101191270754,34.58758521039816,REDUCE_LOAD_PAYLOAD
1174.99850480562,87.98313930925275,21.16008415619401,1.041446008448832,0.8501600068970057,80.75333440068007,3.617701369268601,13.695835905954201,80.75333440068007,18.44999928703142,24.433998010758582,35.374372582791196,REDUCE_LOAD_PAYLOAD
844.8176933560565,91.57922157214992,18.049891831892946,1.0955903218541252,0.8943594464115308,65.7747057860324,0.7924167769643495,21.235278964185714,64.31245296853915,13.486735020019387,34.01179308899426,32.619686478260064,REPLACE_BATTERY
3734.48184939598,63.80318544747798,0.4267372612766137,0.8124668404320045,0.6632382370873505,87.42485786545275,0.10322867276492431,22.542074628730063,67.91729513843772,13.55084835400778,47.788293769502665,45.58604478847599,REDUCE_LOAD_PAYLOAD
4687.931134483831,56.311016543096436,-3.0037513524734445,0.7261676122639461,0.5927898875624049,79.4874120318406,0.08111989506967987,15.40531045717642,58.642413284675044,16.477907266210828,37.229559174309806,53.677558243796746,REDUCE_LOAD_PAYLOAD
3469.790396522164,66.02019642403512,3.9008477105559622,0.8301561269897856,0.6776784710120698,74.45204631355445,2.489261425817057,14.428920845699832,60.78783723032019,13.937411348899149,29.230280982905875,48.49329337153528,REDUCE_LOAD_PAYLOAD
881.776257529258,91.17088040350654,9.290795423801132,1.12453032516408,0.917983938909453,72.2392988715813,2.6467002428701214,20.711678955854676,63.419968968932224,11.38369311942199,33.998590469085045,37.212073514809646,CRITICAL_ABORT
4866.7426196008255,54.988803180477255,-12.240045727877323,0.7342197585070269,0.5993630681690015,87.8908077180566,1.2441668202279357,23.51923166520598,55.58772599530812,7.960562108281862,55.95806677408325,72.0927686947828,CRITICAL_ABORT
3815.728242982371,63.13490890309745,4.844816344568669,0.7911800159382918,0.6458612375006463,79.567596086131,1.2800439569882536,20.83383946222805,65.82077462467697,12.477284700058792,45.72767988059379,46.89644502314503,REDUCE_LOAD_PAYLOAD
2328.9942367619733,76.3011797350972,9.200854516539438,0.9414225466048849,0.7685082013101101,71.28807511604693,1.357975660239771,11.861148215061714,62.511781759726695,22.290202725858514,22.503387226405867,35.844071078764586,REPLACE_BATTERY
4044.7817732163776,61.281327251943345,-3.9097380397635617,0.7929222546186129,0.6472834731580512,89.11881785203884,2.7206341870355146,23.10123170644099,64.8276113345244,9.18876759243621,50.460710999213404,62.157776968512664,CRITICAL_ABORT
1559.429875456997,83.94115835175555,8.070835733242147,1.0398481230563579,0.8488556106582512,84.77752990628429,0.23253516410731434,14.588888346426163,73.24842398992901,25.618670601727807,25.126892662491652,24.049878679557775,NOMINAL_FLIGHT
2071.153250965263,78.79540109307801,6.138822262346549,0.9828557091339974,0.8023311911297938,95.05352192253237,3.7164654107653026,17.795900000224883,80.03340903620935,13.364314956335575,33.513156216110055,38.42727991491586,REDUCE_LOAD_PAYLOAD
5504.915058791941,50.4731780743054,-20.890941081957358,0.697037797580471,0.5690104470044661,69.11165646067725,0.8900841767097858,22.134405527976085,36.894792795202896,6.703945654706098,52.850100247146365,90.61051302617881,REPLACE_BATTERY
1743.0270340285224,82.0645786393643,13.16392068530694,0.9985176102476019,0.8151164165286545,92.49833106805596,3.998692820968369,11.202711045808368,85.28981549275512,21.48731463861719,18.618124113203514,34.50996653079653,REDUCE_LOAD_PAYLOAD
2819.9296089476197,71.72888174820079,3.678269638935239,0.9026638932635623,0.7368684842967855,88.57308753860407,0.6860907751487479,21.336672306518402,72.09249454521034,15.38772806028499,41.364886690477526,37.40992897101292,REDUCE_LOAD_PAYLOAD
5340.846824376088,51.60431517752426,-14.548443813371152,0.6951801035256772,0.5674939620617773,69.02538278898342,3.08618582924951,18.134767564481518,41.839579816592845,5.549067479861586,42.88165617145563,87.90824580713627,REPLACE_BATTERY
4246.328101605165,59.68702134584586,-2.94174978627334,0.7695268007314893,0.6281851434542769,89.31872554551023,0.8936501797185001,23.186807911069337,65.9586680247996,10.90828722434718,51.23415424190837,55.30206598254887,CRITICAL_ABORT
373.21935698821653,96.92105265317446,24.39392733384028,1.1347742702540897,0.926346343064563,80.45415511079406,0.3233872065730159,10.92349683134023,80.45415511079406,38.69780215562041,17.560563343832197,16.78495875043962,NOMINAL_FLIGHT
883.818265673822,91.14836208296538,29.721170934169884,1.0484153746219544,0.8558492854056771,98.07446749445451,3.4997332974025954,15.151598029695784,98.07446749445451,18.93805399521347,27.214148540211678,28.04450160978209,REDUCE_LOAD_PAYLOAD
47.04954463150091,100.76106183546581,17.134760862079176,1.2092356633795331,0.9871311537792107,69.95639727162647,3.4350050367635676,22.158332578736236,67.6713606671456,10.305376005955932,34.81160085116831,36.96598506705295,REPLACE_BATTERY
3785.53074137498,63.38262751673226,6.190955397565238,0.7904566790963011,0.64527075844596,87.49916867855083,1.6142815697984054,8.326938958764924,73.72477755682881,33.58649143445973,18.298307300938,37.5072728825309,NOMINAL_FLIGHT
2686.04055246251,72.9532276042586,12.406244214069048,0.8900108442540478,0.7265394646971818,78.36930159120311,2.8095845701617073,9.907423235015928,71.58496394487085,23.72527534471841,19.57007505192996,39.71971041155951,REDUCE_LOAD_PAYLOAD
805.6491054136532,92.01359557898232,15.86781711792775,1.1090977748860107,0.9053859386824576,98.48851347068072,2.2282637307356685,24.83960861686449,93.84902640701583,14.757541858244757,40.30285140464255,28.488394227218844,REDUCE_LOAD_PAYLOAD
5747.604726340623,48.8368866854827,-11.343250948283892,0.6498446997107573,0.5304854691516386,76.54912133515967,3.411824454694995,12.76670103603596,49.19712048854429,10.031656368437991,30.691361066482873,81.80176523434956,CRITICAL_ABORT
3177.9583436737194,68.53641217229064,2.055104519432748,0.8675756005753156,0.708224980061482,98.67650683221301,1.2602238772746177,24.584234293307208,78.49007537520941,12.738738906302665,49.659638350875326,42.011567639266985,REDUCE_LOAD_PAYLOAD
1451.359764677335,85.06190747377453,16.494604431691016,1.0230859566155677,0.835172209482096,96.55200478852622,2.0946895999959407,11.103036367147457,92.69364093397988,32.60414519593812,20.256316639602236,24.189971438240196,NOMINAL_FLIGHT
3003.6214269282455,70.07623981205688,13.022115791989158,0.8530724655306685,0.6963856861474844,74.46341323587298,1.9414894848182018,14.138605531124705,68.54000657753069,17.407446116765268,28.80802957842859,42.222679244602304,NOMINAL_FLIGHT
4077.7219964106466,61.01842724876921,1.5228381864873617,0.7739051615894064,0.6317593155831889,93.12396218892496,1.415623305027435,20.7987805565607,73.5083638828107,14.012616403082756,45.5223772727856,48.15377478360951,REDUCE_LOAD_PAYLOAD
457.4353078413869,95.9490799578348,24.569712365198196,1.122730892818876,0.9165150145460211,99.84614706312271,3.565820258225489,19.182232923049035,99.84614706312271,17.58371480135712,31.840310539376897,27.603386879156815,REDUCE_LOAD_PAYLOAD
1648.222890287352,83.02929872096686,12.135004613359001,1.01389941879761,0.8276729949368244,73.84320507599489,0.6635116986501419,17.879080798793943,67.22235334925956,17.525687278181298,31.75695493968589,31.985129099292404,REDUCE_LOAD_PAYLOAD
4841.7929453039615,55.17176798552762,-13.891937469097424,0.7413564643977494,0.605188950528775,80.28720092631619,0.5980345580827846,17.00828598868513,49.2667886819715,11.040949582907666,40.238706869884865,70.26119800566755,CRITICAL_ABORT
2757.9892224159676,72.29320897229604,6.03072900159417,0.9020996505942597,0.7364078780361303,83.20632577983659,2.3076381412910054,22.338487542300584,69.95574424479454,10.884389883748016,44.64283753626721,44.02279199637196,CRITICAL_ABORT
3279.4628521937693,67.65257268576795,9.716532235060074,0.8331922065821985,0.6801569033324069,75.32258975313525,2.629976919939768,11.994125568167675,66.49240712297622,18.108757167915858,25.74647333939942,44.82618234820772,REDUCE_LOAD_PAYLOAD
2596.8960132568154,73.77775117407248,0.4843366308824617,0.939284744616343,0.7667630568296677,65.53426938761105,0.7784770172982607,15.522005758889813,50.95429934580068,14.952526723671681,29.976618784169595,44.86285410481098,REPLACE_BATTERY
263.3996558580307,98.20049102248434,18.012455396039325,1.1749536506709195,0.9591458372823832,72.70452354691344,1.5628697690184965,10.642688966659774,71.05718383547857,29.238156801184296,15.803717468563324,23.336289764900705,NOMINAL_FLIGHT
994.4986789209356,89.93454923526409,19.16709726818426,1.0718025688291632,0.8749408725136026,74.86779095196155,3.786255371914975,18.131007127421974,74.15691445322011,11.898903407953352,31.39995185014853,39.67457738165325,CRITICAL_ABORT
2673.2498324513454,73.07107197498408,2.7006021648299416,0.9228136101164508,0.753317232748123,80.52598954613654,0.986469690762696,12.259255212612443,64.64520667292183,23.067369685940765,23.82842062247863,36.22395288495004,NOMINAL_FLIGHT
1255.112792447567,87.1280715077201,12.87914961351475,1.0611829299167368,0.8662717795238667,70.98858674446906,2.6734428084695763,13.675315093837558,65.22589694341757,17.92319910192729,23.954726347522374,35.70608551677675,REPLACE_BATTERY
299.8741719580724,97.77404242626467,20.932824973631643,1.1582341306247803,0.9454972494896166,95.56390248420854,2.9605975747903632,16.011262182599978,95.56390248420854,21.212107910312948,26.0146573827808,24.010898348639614,REDUCE_LOAD_PAYLOAD
5061.897984310943,53.574542932750006,-14.73042391897188,0.7222299824743262,0.5895754958974091,89.67188964559676,1.7925147978606382,8.455099956953173,54.16838239811879,21.50251895571938,20.103641381312627,68.61407603477052,PREHEAT_BATTERY
5887.155174984695,47.9156215802569,-18.137117868482363,0.6545720475474056,0.534344528610127,67.98201671458817,3.750103947038332,9.56294491065424,38.425941412640356,11.763444556538563,26.31674714875816,93.11323086060331,REPLACE_BATTERY
4758.857243980437,55.783511108720504,-2.4154325019362943,0.7178018686793004,0.5859607091259594,87.7532357898976,2.946626940875162,19.660796752039733,65.32913102600318,10.181187414270674,46.07056967468564,63.79121614525097,CRITICAL_ABORT
5122.709530228002,53.13992209310717,-14.834460857636834,0.7166594467058132,0.5850281197598475,87.87797667419672,1.8316983194435914,15.292489672197624,52.98050257295256,11.79376859063782,36.67667212478275,73.97089595409074,CRITICAL_ABORT
1451.8627819022722,85.05666297648636,7.573531245161043,1.0555333767799733,0.861659899412223,98.46774107752697,2.277340807104376,22.70143377399822,84.5186291679291,14.874009182698382,38.75015969371555,31.166378475002496,REDUCE_LOAD_PAYLOAD
5763.761853079199,48.7294944707432,-15.614576942684266,0.6591699210978014,0.5380978947737154,65.10573049746564,2.7704537737004027,19.80942406195139,38.672401747852774,5.573663245656466,50.39181135880335,92.84728688861748,REPLACE_BATTERY
1181.5542267205703,87.91291519971291,20.979675038865523,1.041253051607482,0.8500024911081485,73.67763574320325,2.368760721716873,8.137716008004482,73.67763574320325,34.744683598131964,14.930854200544921,29.870709456989815,REDUCE_LOAD_PAYLOAD
5708.5788621709935,49.09707211247924,-13.090371644095903,0.6576958554532516,0.5368945758802054,97.47270177813604,3.5147903353043035,18.48410962304129,60.70305141041984,8.469953633093953,46.80501227775176,80.1639732444475,CRITICAL_ABORT
5968.915763795706,47.38243759121284,-16.12085785525018,0.6422106174257971,0.5242535652455487,97.6246870389399,1.4275546491216047,9.593322723015179,57.425010180796,20.808673682544672,25.940624283098163,72.10438781949468,PREHEAT_BATTERY
4270.336834476292,59.49936410404217,-2.535395436517863,0.7659555054683632,0.6252698003823373,90.2205246779723,1.1995429602232197,21.2758640564384,67.04255539673855,12.110560483126761,46.68672219448357,54.63939362234295,REDUCE_LOAD_PAYLOAD
5886.862390750932,47.91753960047276,-21.99314270417932,0.6646483318763675,0.542570066837851,91.8017162366639,0.8553555579810572,24.855630700734533,47.85423093393515,6.41689478725943,61.63304976831761,87.72216293776627,CRITICAL_ABORT
3417.238677402622,66.46769236483017,5.261476865758118,0.8316984954557344,0.6789375473108035,68.20190352753765,0.15113187225838054,17.030379502105696,56.74267673202226,16.301640721340842,35.68818148004096,41.848198272442794,REPLACE_BATTERY
1557.250699056542,83.96363891085059,16.795045613150698,1.0088300471329428,0.8235347323534226,82.98565421723818,0.17205585752022134,19.607251503300215,79.95365052080648,19.597507854818456,35.74452581454552,27.44854380281076,REDUCE_LOAD_PAYLOAD
2621.975313993725,73.5450265557428,5.910618088562179,0.9181152605071102,0.7494818453119266,73.10540469511498,3.4802207724371312,12.034340735210776,61.36329107656247,14.385973013883433,23.333762119267256,44.9793966927722,REDUCE_LOAD_PAYLOAD
3561.3656122727157,65.24623293667014,6.880746079209434,0.8116936969968251,0.662607099589245,71.34263152647661,2.7135725856236292,15.43916164381449,60.67266360502162,12.471087314169962,33.86158533670357,50.244105886368,REPLACE_BATTERY
438.4893721620899,96.16705202575322,16.512338586181222,1.1565827728058398,0.9441492022904814,93.36061546931664,2.6421296617459444,22.553620648018523,89.64865900528977,14.535352228987108,35.60125010031326,28.321797877043103,REDUCE_LOAD_PAYLOAD
3734.0595877034766,63.80667357916926,6.368157646195247,0.7952405699227332,0.6491759754471291,69.72633478381915,2.458571275739544,10.846190111686271,58.89065298184851,17.906156539434374,22.534073369111727,48.10515343830197,REPLACE_BATTERY
5887.067020573767,47.916199070461786,-12.493467305753228,0.6404071844771383,0.5227813750833782,81.40280729487348,3.3968765787764195,12.514105295433955,51.24912948014296,10.949393202607432,32.41532412527977,82.0891528480504,CRITICAL_ABORT
1140.6458987023657,88.35186334173444,15.903038709043756,1.064830844561418,0.869249669029729,97.85023838551115,1.9210677026625098,15.572372479862512,93.28010790118155,24.99293430400511,26.590303781855443,23.953611680403483,NOMINAL_FLIGHT
4755.5706977303,55.8078657001427,-6.010577712088508,0.7277796037118012,0.5941057989484091,71.50412194478699,3.4816433142332013,20.108231161348236,50.30167781018028,7.204807712855925,47.0974640006536,76.04818076910763,REPLACE_BATTERY
5447.392762677716,50.86744523030826,-10.944376786459856,0.6758345246177688,0.551701652749199,99.22976983083821,1.4377801047289567,14.390027231526455,64.22489122953597,15.629213940341481,35.409584689746396,65.20498221689459,PREHEAT_BATTERY
5662.209556921325,49.40767420270017,-5.702947637900025,0.643574819606821,0.5253671996790374,99.80007950163707,3.706830017356362,23.771448756311067,70.55729861998432,7.266802680030165,60.59425828801788,74.10654690748777,CRITICAL_ABORT
5760.813626432683,48.749076289017054,-17.82868420916751,0.6651533242257771,0.5429823054904303,84.4466004138841,2.7946279203249604,9.605769871568226,48.02925732650594,14.714667640628814,23.894988814536067,82.68617368449176,CRITICAL_ABORT
3128.7578323288317,68.9681716839344,0.8504778941296025,0.8768793477325378,0.7158198757000308,70.95499590620052,1.028708544097709,14.303671358262408,55.46519731224439,15.217431107123753,28.618464345375834,45.83612517044966,REPLACE_BATTERY
5863.847447949022,48.06850440012158,-7.933493951306248,0.6313969928468144,0.5154261166096443,76.06367107793135,2.2563396867545005,20.052220098283172,51.84181638387855,8.275747471648488,51.88998011736895,78.59629052829344,CRITICAL_ABORT
4543.8612428066335,57.3949589277841,-7.5127727541624125,0.7527092617426548,0.6144565401980855,79.85724914367873,2.1321222459530222,11.841775016245371,54.810373571205496,14.777117775861234,26.586971626262393,63.67167078648376,PREHEAT_BATTERY
970.0286174217714,90.20177445948475,23.197479373416442,1.060367216847484,0.8656058913040685,75.82634785253781,0.5515952869213359,19.15902328190444,75.82634785253781,20.385253951539344,32.578090098976496,27.683174815003106,REDUCE_LOAD_PAYLOAD
2861.40063880782,71.35304464952604,14.898075762792717,0.8629586368624083,0.7044560300917618,74.82224529567804,2.3649716230024564,10.791688289864881,70.47043863065636,22.45385066782496,22.537660095355402,40.847374433069774,REDUCE_LOAD_PAYLOAD
4309.987052232023,59.1904959502494,-5.02389097421632,0.7690513198241887,0.6277969957748479,99.02803982257251,1.2591424948678318,8.951664842648668,70.77807748279388,30.271939198459275,20.03171427663005,47.603229630522904,REDUCE_LOAD_PAYLOAD
1484.0418949145,84.7217047080157,18.760539315932277,1.011084282466038,0.8253749244620717,70.3677689595511,0.20939506723840973,10.057267184727031,69.37348281277056,33.535830755730565,19.746557144852186,25.84778373080529,REPLACE_BATTERY
3843.691101293324,62.90622134147672,-5.7524535651059,0.819555991334379,0.6690252990484725,90.66647680509018,3.7946246308262594,23.80974131328029,64.04879653937306,6.815383315847537,50.37347392366175,67.10689597412322,CRITICAL_ABORT
3999.6028742797153,61.643396587623315,2.776247807520896,0.7782802221131812,0.6353307935617805,65.01436013037112,2.565961476257151,17.379765009972374,52.24874013301671,11.040866643507666,37.7832501377405,58.294707893924446,REPLACE_BATTERY
976.1984628513953,90.13433614579324,19.651829921399763,1.0724052381573825,0.8754328474754143,85.86639342908319,3.507675727483388,21.537878183154035,85.52557778706091,13.198037385011418,38.79009309393002,36.71776422107581,REDUCE_LOAD_PAYLOAD
3390.5118747165375,66.69622061528011,5.3268642251435825,0.8343620718952738,0.6811118954247133,97.05800513839183,2.7042240200530125,13.65512651538587,80.82274886166321,18.31101045703696,28.737051815011522,39.14160012183965,REDUCE_LOAD_PAYLOAD
4629.761465871647,56.74665563570122,-8.321309888342679,0.7464791601980959,0.6093707430188537,75.07769329326267,1.4279347685604518,18.07519701405259,50.83788905421367,11.33660225504594,41.89469003940156,67.9151946881538,CRITICAL_ABORT
2993.3739872156516,70.16761439609215,-2.7623479947375955,0.9040496984850492,0.7379997538653462,71.49340913402017,2.0507522893152457,16.414186272984857,52.941529552378775,12.698243777071424,32.49696254625441,54.292305504259105,REPLACE_BATTERY
72.61870065664455,100.45565625594261,27.044238769479335,1.1657743373816998,0.9516525203115915,87.80879282074494,2.7029870413887083,24.077545309839,87.80879282074494,13.614663050382248,38.82682891984157,29.273260191014085,REDUCE_LOAD_PAYLOAD
54.230814475753064,100.67521079778123,14.330483943510334,1.219991006443626,0.995911025668266,89.94104925544376,3.84100930080575,20.708768812919878,84.12793591448333,13.063298175129257,32.216967821186415,30.6660253441434,REDUCE_LOAD_PAYLOAD
2142.176063820073,78.10187050763842,9.489103123956852,0.9626571429472416,0.7858425656712176,89.08106816331934,1.014677836486786,20.419224735441844,78.40699826309375,16.824776697727774,37.00289174396714,32.374229909879205,REDUCE_LOAD_PAYLOAD
5557.164410590692,50.11720065823044,-6.415659336739646,0.6545612950861399,0.5343357510907264,76.17609080074809,3.4999082344964707,8.788005580382752,53.236535828901054,16.638967596283425,22.49286771906094,72.85141104652953,PREHEAT_BATTERY
1372.0606776216525,85.8919669008103,17.041094274824438,1.0311240505095742,0.8417339187833258,73.82708407557658,3.6963112211770777,17.34438437306275,71.33678392369222,11.944404242089016,29.398747451093904,41.43200556292619,CRITICAL_ABORT
3806.182133230123,63.21313343634834,10.00152935795327,0.7777335887924384,0.6348845622795415,98.45715799867155,2.681662058635826,15.938854716330852,87.2347585559321,17.386067977235967,34.93510991925883,42.362269360656875,REDUCE_LOAD_PAYLOAD
1332.4552241599235,86.30898401737328,21.464586805869363,1.020573312499103,0.8331210714278391,97.31548278944753,3.7250665096053512,23.773318532305307,97.31548278944753,11.983751742109638,41.512977642400166,36.94522702836284,CRITICAL_ABORT
1930.0199379572919,80.18835572398761,9.185378461649721,0.9894377035772265,0.807704247818144,81.0060813462487,1.591514349909474,12.374813799222048,71.01911006871346,22.792929304380433,22.746930759923227,31.29938825859091,NOMINAL_FLIGHT
5088.252537608904,53.38583461932418,-7.937074595200681,0.7012514940398649,0.5724501992162162,94.61678531540306,3.812064704161771,12.587168705948603,64.48298075721772,14.043952748422674,30.357794828666098,68.93763165407749,PREHEAT_BATTERY
4373.168653619681,58.70100615614455,-3.662449761250104,0.7588383788886874,0.6194599011336224,80.83132171720035,2.8111315086638995,14.992886230985507,59.0269168995372,11.348925421488614,34.03344835604614,62.15160248800906,CRITICAL_ABORT
572.3956638792638,94.63502840506743,13.368544368054149,1.1506457283046794,0.9393026353507586,79.85361563253787,0.1680230696752476,12.137285127908392,73.81679454859686,32.05163348239141,19.753826183146348,18.30266682260133,NOMINAL_FLIGHT
2572.2121259186015,74.00738846364918,3.5786265991073263,0.9316728512217243,0.7605492663034483,70.48670316597531,3.627491327276211,10.196126602748741,57.29133457963076,15.375869261048805,18.93344614365921,46.760641146440065,REPLACE_BATTERY
175.0185818715868,99.24006375833038,21.058574682935387,1.1750981901081408,0.9592638286597067,79.92421197721904,1.9378912361327703,22.576052393063613,79.92421197721904,14.79707203500693,35.50112567151276,28.860191106893645,REDUCE_LOAD_PAYLOAD
2885.340879618054,71.13680983136345,-3.9358182317970325,0.920532020260629,0.7514547104168399,83.80959285099324,1.8413079391113314,17.49070091486657,60.940609392583134,13.69089340837314,34.370152407262054,50.62010483200155,REDUCE_LOAD_PAYLOAD
3974.6040702064083,61.84448330182943,-0.5974591150834406,0.7904841732894162,0.6452932026852377,65.78765146000403,2.265866423918537,22.643166222261634,50.339985002041395,7.042660272433371,50.03817972160709,63.95936215968759,REPLACE_BATTERY
711.0157415889093,93.06995384290174,19.133038456406886,1.1092982653787282,0.9055496043907985,80.54395518113922,0.5975381870849117,22.129291011862833,79.74791014763457,18.06123393886297,35.737228394338494,26.475550321222695,REDUCE_LOAD_PAYLOAD
1733.309633454994,82.16304267458378,5.369017875984667,1.0276946779023302,0.8389344309406777,92.347467643832,1.8766641942695945,12.794720031424408,76.94453835326912,24.091877370825717,21.30414833792957,27.503681933845222,NOMINAL_FLIGHT
2387.0197530129417,75.7487825320027,11.50543593180254,0.9270403214355839,0.7567676093351705,88.80161197309944,3.324508866870983,17.311536553512656,80.20223877528181,14.95357549063638,32.52070078644945,40.69754788486446,REDUCE_LOAD_PAYLOAD
5517.186147936299,50.38939115947228,-7.28234623813114,0.6602616254598297,0.5389890820080242,87.23049461023773,0.061929836550061346,9.414700946581197,60.10017546636643,27.221330252181716,24.4536694258122,57.27278569014735,PREHEAT_BATTERY
5959.530092537784,47.443398972591375,-12.601773207171155,0.6343517209977672,0.517838139590014,96.83443999530209,1.0916686412974852,23.559282028522894,60.8449312496811,8.9430473315783,61.99556769017292,75.2233260120327,CRITICAL_ABORT
269.4677939736951,98.12944001224969,21.628118463126132,1.1597023222578415,0.9466957732717073,65.63112034388305,0.00981834577537688,14.872466156107603,65.63112034388305,23.70060198868702,23.034439131613567,22.561301834809708,REPLACE_BATTERY
4566.047540972352,57.22694371272679,-1.7220982575610146,0.734494438617245,0.599587296830404,84.4966655167282,1.6628452365993933,14.692495126113364,63.57259398971493,15.556888442995145,34.09166804680065,55.17912901347281,REDUCE_LOAD_PAYLOAD
2230.3443984140595,77.2478008476351,13.903863212692066,0.9374868338772243,0.7652953745936525,92.55720969433975,2.9132620419749387,13.146841300505205,86.12485760952983,22.079051750777598,26.38189617459533,34.42815636877224,REDUCE_LOAD_PAYLOAD
2354.7491173768803,76.05559463749047,11.23114858564872,0.9316929538359471,0.7605656766007731,83.94673839454435,3.195087316458514,15.831283660081965,75.55501057155094,15.059387674368311,30.483003609783403,40.835025712709886,REDUCE_LOAD_PAYLOAD
4525.589840082136,57.53362665220048,-8.539395212707692,0.7574552048490234,0.6183307794685905,76.33634434031327,3.7807590445080264,12.279909571272617,51.500382997787696,10.966552924881114,28.737255061491247,72.47461996295404,CRITICAL_ABORT
5510.558592872452,50.434630061805436,-9.435627026115036,0.6662504080824653,0.5438778841489512,69.76876977821922,2.434018451883146,14.372488637545677,46.356732446226175,9.730005862633087,36.593974544363356,77.79967051113982,REPLACE_BATTERY
5705.57156701529,49.11716823382657,-6.108811931471991,0.6407631351179588,0.5230719470350683,96.0647075135667,1.0185074666115819,21.599099825942993,67.47196416191792,11.466352073762065,54.76991857193153,64.76929039096646,CRITICAL_ABORT
3462.7355162299245,66.0801289783866,-0.4909261485531604,0.8442933635762776,0.6892190723071654,81.4766837335661,3.696591796546796,22.18234356094792,62.44401084853192,8.549032240123333,45.55820509203791,60.443187956476116,CRITICAL_ABORT
2142.726955803017,78.0965104889297,21.561971482942546,0.9231585583687303,0.7535988231581471,95.73403189449955,3.1012630155215044,13.171102119684775,95.73403189449955,23.578350258781487,25.297578787855688,33.524726992459264,REDUCE_LOAD_PAYLOAD
4725.294515152676,56.032629299070244,-8.342569018419315,0.7371456087165069,0.6017515173195974,85.5048242851609,2.297713932012578,15.973245319397394,57.87776351086703,12.269864787334843,36.77357076031093,66.84898676403975,PREHEAT_BATTERY
1506.0082995738017,84.49366642960993,15.372981119470971,1.0202020545670238,0.8328180037281827,88.59672408152502,2.782560862875744,22.85493619676089,83.92342272963312,13.34073655235085,41.212210882969394,36.923759939487326,REDUCE_LOAD_PAYLOAD
3384.4441730011067,66.7481911732305,-0.36131510453887294,0.8524238607640404,0.6958562128686043,93.14914040324575,3.6972654200297166,8.89544664110485,71.52745580931716,22.195988015323145,18.5174036549651,47.7759833032581,REDUCE_LOAD_PAYLOAD
2151.470769149239,78.011475604334,12.13179418013125,0.9526357695625174,0.7776618527040958,88.07044406100471,2.8495761138916866,23.115464353928353,80.17074132308558,11.886340302785406,40.8985799837484,41.28077977146975,CRITICAL_ABORT
3939.7864422472567,62.12543594581469,-9.319720337783547,0.8203274802048022,0.6696550858814712,78.93191942376282,1.473498030338936,11.726133876089639,52.54933486695005,16.59171081805609,23.676381209329207,60.100878126223726,PREHEAT_BATTERY
1442.3934773610415,85.1554346336352,12.894233403069626,1.0371023583192078,0.8466141700564961,82.97716843750278,2.8521128091563868,19.535167151644387,76.25554157108455,14.431298218331287,32.39769136759965,36.78847632346985,REDUCE_LOAD_PAYLOAD
1149.5576744089547,88.25608873962247,12.067269114598961,1.0779815016054919,0.8799848992697892,93.10659336365579,0.16111265094155147,17.903378838538202,84.68667250721782,22.456530750204944,30.482435598367573,20.464645167593115,REDUCE_LOAD_PAYLOAD
5509.434520052622,50.44230611004229,-10.13463264088059,0.668122747082914,0.5454063241493174,78.07776037305445,1.545662247322325,17.399992719217288,51.25533163363688,10.184008113581031,43.43026713013785,74.20894013111703,CRITICAL_ABORT
610.8220976972214,94.19906019466707,26.0018932425126,1.0969763460280604,0.8954908947167839,78.5842509868974,1.625292127382317,22.60912382079796,78.5842509868974,15.622810615289762,38.01217134111569,30.718960827982166,REDUCE_LOAD_PAYLOAD
3035.74744640959,69.79040217050616,8.497672533910421,0.8632408487778009,0.7046864071655518,68.34915406203004,0.6673529376833387,9.726726441959242,59.386766448640934,25.76271989299781,18.923569247228535,37.12493223050016,REPLACE_BATTERY
1325.1166977780535,86.38643317358404,4.528444660148189,1.0837917066884666,0.8847279238273196,97.01045523276116,0.0923419222070807,13.899476430535813,79.90016528863332,29.856955853054323,23.994674202943944,18.02802254665912,NOMINAL_FLIGHT
233.5797799540047,98.55025353587965,33.69207969493837,1.1188845502724032,0.9133751430795127,68.18627102309046,0.5335249465509713,17.150296687861015,68.18627102309046,19.352764103575293,28.785649369637397,24.788250420599454,REPLACE_BATTERY
216.11290974855834,98.75559351489309,25.071665789738713,1.153625800856972,0.9417353476383444,87.68732121069945,2.6184859831882203,21.791910517082677,87.68732121069945,15.115412397008086,33.97780058849162,28.46456496366055,REDUCE_LOAD_PAYLOAD
1051.330632634964,89.31638877138536,14.283855185407731,1.0825193905048982,0.8836892983713454,79.46180675809792,3.20915526545475,11.679532417998416,74.28375353899176,21.97503833216697,18.554903769972608,32.36318135462405,REDUCE_LOAD_PAYLOAD
5200.622127036002,52.587256510281385,-8.018404230779309,0.690973635930553,0.5640601109637168,79.19667865894048,3.9528139709078967,21.649807303362696,53.90048271596536,6.100092470137306,52.370205925430824,81.05314672693824,CRITICAL_ABORT
1694.87246386216,82.55345511994886,14.864278097409422,0.9985359039357015,0.815131350151593,88.78431428004393,1.3854540124339771,14.793854202396908,83.58623863906254,22.80417283053022,28.08916239679888,27.884011109246117,NOMINAL_FLIGHT
5702.755023451774,49.13599570558158,-15.40215123719435,0.6641209197834124,0.542139526353806,67.34828064204575,2.397516889044407,11.211535559372821,40.167556849902034,10.428572687166897,29.35396911199478,84.89436389959278,REPLACE_BATTERY
3489.733757935161,65.85101180282366,3.3063139101318297,0.8298094722366378,0.6773954875401125,85.7797024033002,3.7485798672604878,20.902769487539203,69.45513696054597,9.598123143037288,44.12456790641414,53.96514391605885,CRITICAL_ABORT
2619.6851386125963,73.56625365709469,4.934685160916585,0.9216032917017517,0.7523292177157156,92.02111250903242,0.6681671253526105,9.545281325067313,76.21698434661171,36.067093894199274,17.754080876825345,26.385280585758238,NOMINAL_FLIGHT
3480.5330080167278,65.92902043488365,0.3547254844411576,0.8397581697021363,0.6855168732262337,93.9874465260308,2.8705823453709707,16.75104535928253,72.93838178259958,14.874702953702966,35.37667894317936,48.797143358701405,REDUCE_LOAD_PAYLOAD
3100.190311357607,69.21987512595486,1.4173672974001348,0.8782625022838086,0.7169489814561703,70.96856362878214,3.019914932596653,9.085888325652103,55.93444026345203,20.47648886878401,17.77935300672238,49.32081944859418,REPLACE_BATTERY
4552.657522543951,57.32829762277973,-11.755630345233946,0.7640385390776872,0.6237049298593365,96.40966675273609,0.3559021434773535,14.05910353768239,61.5079997269154,18.489987137692683,30.766917762560887,57.690637092978996,PREHEAT_BATTERY
1694.9763958371136,82.55239744478119,14.711835778135683,0.9990518962389727,0.815552568358345,87.96511321466048,3.44499754073226,18.218305583108673,82.66213001965674,15.641683086529602,31.097215068193528,37.94929681152985,REDUCE_LOAD_PAYLOAD
2118.3023496018145,78.33444114239988,14.157531910169897,0.9498350397444211,0.7753755426485069,95.8649180287239,3.2524201884433754,17.453964205282624,89.47991796923013,16.164511072951804,32.814153781242105,36.47299662578945,REDUCE_LOAD_PAYLOAD
5364.565815199504,51.43953187479789,-7.295259818414918,0.6740545556576473,0.5502486168633854,81.98482509885693,0.13361202630973779,14.87914210437933,56.47393813331404,15.142454063138992,36.209298896907065,61.781453947450856,PREHEAT_BATTERY
5678.739078902433,49.29677020394392,-7.812177749689644,0.647234643175925,0.5283548107558571,83.97116707840208,0.3643376595202059,15.293815897525967,57.347367397581245,14.47620295224895,39.05938115816262,64.6532385441674,PREHEAT_BATTERY
5355.349364918847,51.503510767725565,-8.188069821898162,0.6771670284250135,0.5527894109591946,97.16633969600349,0.19650757556740928,11.855082406963032,65.94251982434636,21.569676672188194,27.3044519420656,55.90695570725878,PREHEAT_BATTERY
2516.6879637438815,74.52605230397185,5.977900744580255,0.9301378477757071,0.7592962022658832,96.4968340174135,1.338974127197449,15.75000400320975,81.07162871495782,22.291653773667612,30.171931986756682,30.37794326132753,NOMINAL_FLIGHT
4682.19301804129,56.353869154017914,-1.2359352951124425,0.7219955421600911,0.5893841160490539,80.68563056791507,2.0371559627197047,24.205332547254184,61.15247350607933,9.455662832701654,54.58572227451637,63.71847864915692,CRITICAL_ABORT
2858.014399806593,71.38367300561426,-0.3646812979525311,0.9116336480870493,0.7441907331322851,74.60444210724886,2.1293909118185153,22.45769960232444,57.28447127629619,8.796347247515481,44.39239713164185,53.45764916625849,CRITICAL_ABORT
2985.239112876613,70.24022028560407,1.0925888537396151,0.892264087863779,0.7283788472357379,78.76096520974924,1.0706670390777706,10.468958774297844,61.784473362682995,24.69342873994991,21.057482925341063,39.832827038334145,NOMINAL_FLIGHT
1228.0806543437038,87.41583260567892,12.196475389649702,1.0672349391183895,0.8712121951986852,78.57175149854125,3.6463875462410966,8.506273384455655,71.58199429847323,26.10902013895227,14.309276355103444,33.441408121593014,REDUCE_LOAD_PAYLOAD
3546.7818195510986,65.36899599070782,7.346198468614408,0.8118714767857294,0.6627522259475341,75.04034062439779,1.4730511594876528,23.86991331618272,64.21552104535859,9.727304182030716,51.20312893694888,49.27133123329718,CRITICAL_ABORT
1116.8153865200877,88.60838266631048,22.454642558319808,1.044253664386615,0.8524519709278489,74.40028615165383,0.18220062386141,16.95474574797271,74.40028615165383,20.958705919639126,28.69206301471355,26.33075605655225,REDUCE_LOAD_PAYLOAD
1989.3881944031625,79.59999500733187,14.505502921604418,0.964012805018941,0.7869492285868905,95.13720277679018,1.2009084461655455,17.14324299353823,89.17806843396684,22.167042048843253,31.828619208810444,28.096095964718955,REDUCE_LOAD_PAYLOAD
5130.181209719611,53.08671944835504,-2.9865285371184873,0.6845445373378284,0.5588118672145538,67.44516722396315,2.124437690176622,21.27220592701088,49.77140224760148,7.396711581604469,52.47897896493637,71.63404766722168,REPLACE_BATTERY
1242.4548552651313,87.2627214674104,12.527629528716705,1.0641306896553226,0.8686781140043449,88.71639137348579,1.6328872903529281,13.349712555812552,81.15908350080005,25.514196648743752,20.38456942024946,25.330071213970918,NOMINAL_FLIGHT
426.94971104059687,96.30001162996878,23.967802477541024,1.1291200363242975,0.9217306418973856,71.04870180097583,1.0953700763970367,16.19242867021204,71.04870180097583,20.594263655460512,26.08579761605685,26.44658933934472,REPLACE_BATTERY
414.04555567689783,96.44886914735558,21.682831746184345,1.1396296636964829,0.9303099295481492,77.05770626879222,0.5252929990572697,24.46726952349454,77.05770626879222,16.656617135505442,39.643903104365016,27.09527900793278,REDUCE_LOAD_PAYLOAD
5644.7071230186475,49.52532603594319,-7.456185780196636,0.6493642100063097,0.530093232658212,67.15400619471929,3.276658000384919,19.42652767785092,46.13476747709904,6.096426521479945,49.22907336329382,83.31436309384698,REPLACE_BATTERY
3041.5226277710076,69.73911840382627,4.653981756727461,0.8745415252895411,0.7139114492159518,74.44907728994117,3.9845809684967675,10.613665543928361,61.424612649477986,15.465444329992428,22.42950459909809,48.410638127331744,REDUCE_LOAD_PAYLOAD
2456.47243090211,75.09186216741064,7.108214757085881,0.9334197201593202,0.7619752817627103,91.89473748910348,1.3181685340955283,10.264854715734007,78.38930317353969,32.21268673140467,18.62140578390448,28.26830922470806,NOMINAL_FLIGHT
4865.271486047511,54.999577874815365,-3.9197220665038675,0.7116687656308294,0.5809540943925138,95.97553635915405,1.5264841767064157,11.472500891661092,69.8044633933556,22.140704837355013,26.607240413204625,53.10079528702359,REDUCE_LOAD_PAYLOAD
5014.9555674630965,53.91200565663447,-3.216365352553966,0.6957783887994745,0.5679823582036526,72.75345031658284,2.472150098707828,21.034098465152198,53.49804452800401,7.527154779180902,49.0669481833177,70.5408602383745,CRITICAL_ABORT
1993.1461986936276,79.56286980759823,8.70282373425741,0.9834006663962626,0.8027760542010306,81.22417437406227,2.8737658989421653,13.021409065290474,70.76349088370986,18.5745861993537,24.95879104541497,36.78769268833177,REDUCE_LOAD_PAYLOAD
4161.708344842771,60.352252204513114,-2.356482598239892,0.7764217037054719,0.6338136356779362,81.46134167780222,1.568118139214365,8.363610393476357,60.699786306602945,27.232126963161402,18.232570116876126,50.491550800379606,NOMINAL_FLIGHT
4626.736895111319,56.7693813964406,-10.365992986431841,0.752588677222427,0.6143581038550424,95.5751357015907,3.619718067927261,24.050964179596253,62.489669237124474,6.230199885255473,53.9851459033573,74.98171390546248,CRITICAL_ABORT
3927.904121195727,62.22155372231076,-13.021681875236922,0.8332890355365894,0.6802359473768076,91.69796685065319,2.2400159569156735,10.885128078713482,57.17852642524268,19.06434830051253,22.625184354159785,62.37564057852596,PREHEAT_BATTERY
909.5704488005962,90.86476524758548,20.090090239864768,1.0794800319250084,0.8812081893265374,82.95770264288174,1.801560305623724,8.162489164517165,82.95770264288174,43.200190228819274,14.327180859222466,22.923976337794134,NOMINAL_FLIGHT
5255.298501102342,52.2022013036637,-6.114913475892063,0.6810248159555936,0.5559386252698723,88.47615201651206,2.5866910126396205,12.031237240516491,62.13591559417368,15.170655961506743,29.720767567249684,64.94598453009672,PREHEAT_BATTERY
3234.567316416052,68.04235016499048,5.285646488729288,0.851328004409163,0.694961636252378,94.65742688682784,3.8112153929966928,11.995489381008273,78.77924649167531,17.925234580898476,26.673352497696097,42.22756128771313,REDUCE_LOAD_PAYLOAD
1694.8345582200222,82.55384087361354,4.23576678279802,1.0368013640976874,0.846368460487908,65.33386339089407,3.178209177686822,15.174089264377292,53.59256723288056,12.105833550055825,26.89371306906856,43.95950057173154,REPLACE_BATTERY
2551.3691126261633,74.20174399699626,6.6618536175475676,0.9238265793195006,0.7541441463832658,79.1011510867517,0.16005252214049737,23.646627135500626,67.07343593949409,13.171093999363924,44.96943511870377,36.98575684928343,REDUCE_LOAD_PAYLOAD
225.4265423934443,98.64605967233855,12.442988674187205,1.2033020316210494,0.982287372751877,96.75351085469775,1.3292396429598385,22.946143602244664,88.41820275300918,18.238364598195894,35.16405641484334,21.20359418726374,REDUCE_LOAD_PAYLOAD
767.2008073345054,92.44160274860879,26.86170029059664,1.0734250429909158,0.876265341217074,90.9109560795383,1.8821787398048908,15.767207434701275,90.9109560795383,23.793221899806003,26.498317224698493,24.174998150035314,NOMINAL_FLIGHT
4593.280503095165,57.02125515978612,-10.286596180709,0.7556994294828475,0.6168974934553857,83.99944810169261,1.258070288836421,14.98529838486071,54.997194151427,13.113367827451185,32.54174252003508,64.44718746336652,PREHEAT_BATTERY
0.06980853219684668,101.32416138249913,31.276564291840202,1.159505786767027,0.9465353361363485,83.53755844622967,2.800750243321826,17.43515447007247,83.53755844622967,18.063800689559105,27.906434942339896,26.72616785475776,REDUCE_LOAD_PAYLOAD
2499.394970893753,74.68818979705756,13.483280907611334,0.9077531563147225,0.7410229847467122,77.17195341615532,3.305076599450324,12.138718203520018,71.43880287480185,17.341337046531,24.2314979634987,42.24688847127659,REDUCE_LOAD_PAYLOAD
3135.061086513531,68.91273474177255,0.11915117498174066,0.8785193384268389,0.717158643613746,83.21821867745301,2.9253803807410863,8.88714486342817,64.35750207229621,23.822438007245218,17.249631206589335,46.32096173674493,REDUCE_LOAD_PAYLOAD
327.80652000583376,97.44848112845631,17.205332863623354,1.1691970642779421,0.9544465830840343,87.93841198122087,3.957333147313101,23.966810314910514,85.13676405534548,10.400923168844564,37.41686392139302,35.35384599797716,CRITICAL_ABORT
5838.468977833997,48.23541882387956,-11.198197273989285,0.641485894268849,0.5236619545051828,79.64270634500775,1.0901905915721164,11.173882742911935,51.317025295567916,16.51877748859361,29.89774742135581,71.41316957620867,PREHEAT_BATTERY
1356.7519874980317,86.05296258086798,11.95949189534744,1.0514693053674151,0.8583422900958491,89.99536012372609,3.499957980097686,11.372812397177178,81.74622410772831,23.521395242376837,18.520958614316548,31.36454041410702,REDUCE_LOAD_PAYLOAD
1825.1923178176853,81.23583137899881,13.648673144976085,0.9867631904498186,0.8055209717957703,95.14312795411351,3.0664906606979447,16.03182559051711,88.25427777254981,18.50145364442004,27.507451413904008,33.46529573525766,REDUCE_LOAD_PAYLOAD
1823.655073530164,81.2512740903334,10.732104068019343,0.9970905797062335,0.8139514936377416,70.41396968647014,1.4487150302325844,16.35742686228562,62.974451173855094,15.577594762794776,28.584851136014578,36.24023601940497,REPLACE_BATTERY
1382.4999727040995,85.78232073300346,7.107958105095188,1.0663070648226687,0.8704547467940151,80.80414579860985,2.9364981746278747,8.313381564912612,68.92841886334836,28.394406222363646,12.980209749052822,30.783029238395898,REDUCE_LOAD_PAYLOAD
8.842932517868496,101.21881361518994,13.79018084301156,1.2288880576161922,1.0031739245846467,79.28070319497783,0.41630382567298785,10.515230559157501,73.66826853890939,36.46061169117868,16.356549505061196,15.173615336546863,NOMINAL_FLIGHT
4376.068764527978,58.67861692343908,-2.311025726958869,0.7547639649249228,0.6161338489183042,89.06126814174048,3.1573339293622094,14.428631915532609,66.4089181511806,13.523783985254966,32.23338284964927,58.62603620024919,REDUCE_LOAD_PAYLOAD
5801.072998795712,48.4822275350989,-15.514763223825256,0.6555710290793795,0.5351600237382689,73.74536128402752,2.1293224103484105,19.623421789679163,43.88820217264989,7.324729574820387,49.33268991857751,87.4054440247697,CRITICAL_ABORT
1345.7608997102705,86.1687023044335,13.48710506731258,1.0472722412539441,0.8549161153093421,87.40878202332966,1.1691606908370127,11.883113766142909,80.91894198929147,29.907325940911615,21.532579454919105,23.77141905713574,NOMINAL_FLIGHT
3978.2831508205345,61.81485603005554,2.6204787151354534,0.7808858222675548,0.637457814095963,95.71212346060207,2.6231092071367206,15.191245586109964,76.74901134990654,15.443055656551596,32.76836404347392,46.5142409221752,REDUCE_LOAD_PAYLOAD
4451.3779617522905,58.09963672573916,1.9332546317723383,0.7357863245371647,0.6006418975813589,79.6346059927768,2.566479994857636,17.474866100179938,63.23299109451156,11.524411558057126,40.81884378241707,56.88357342878044,CRITICAL_ABORT
5090.552274543148,53.36939322207362,-9.451313391339509,0.7050610886616788,0.5755600723768807,96.8855494992727,0.8379448908783989,23.106072408595963,64.35671333136722,10.736990322106566,56.20682235079922,65.1324587989819,CRITICAL_ABORT
2535.7751820816547,74.34742334063937,6.814467781919937,0.925135731505162,0.7552128420450301,99.76073086267175,0.12158965924610454,13.543198539561097,84.76518989053747,31.226787049409396,25.5747061471875,23.457646439450755,NOMINAL_FLIGHT
1817.5854338425754,81.31227115820418,15.68640984559268,0.9807235458372515,0.8005906496630624,68.71322174817833,1.7344903476066955,10.27049051967922,65.33425403253807,25.63766634864088,19.3635055656109,34.21958720088524,REPLACE_BATTERY
1951.7708041381868,79.97238952111456,5.528811924603909,0.9997204386411024,0.8160983172580427,73.15686157947005,2.278047477377685,16.31762784025934,61.088061166156635,15.170682592178487,29.179962533444527,39.1136828823135,REDUCE_LOAD_PAYLOAD
4275.727998591077,59.45729140149907,-1.6764667171035164,0.7629921579207037,0.6228507411597581,98.26329130187327,3.5064211134823937,20.694267228629055,73.98128031890688,9.058522742016805,46.98103210692142,59.12699427605294,CRITICAL_ABORT
4900.676799033817,54.74074068008535,-4.094969334609037,0.7087808930026919,0.5785966473491362,98.54146902684855,3.7128671825903776,9.867615869896468,71.47383713881119,17.480057645003185,22.13133911582443,59.855551826482916,REDUCE_LOAD_PAYLOAD
1089.683806539616,88.90116957125633,21.31820629958064,1.0517475581731965,0.8585694352434257,68.41975463853655,2.1152208726270656,15.219619358848327,68.41975463853655,17.042049171240716,24.990805725888585,34.47342463565379,REPLACE_BATTERY
2225.6460489465912,77.29312123641095,0.8495371693348339,0.9827283046305794,0.8022271874535342,65.52494751319978,3.0152139350741796,8.302347401462217,51.219850494305646,21.24979554089393,14.838444022148959,46.31821975010556,REPLACE_BATTERY
5411.6411804949,51.113746411079575,-13.982444022261554,0.6870676957520656,0.5608715883690331,70.63850081397477,1.7572130893119877,8.570506088003269,43.2731553570827,18.323127510277114,20.11492162128406,76.35521716576486,REPLACE_BATTERY
4840.161118168436,55.1837519055289,-10.852363532212166,0.7329245956575123,0.5983057923734794,99.8604474183787,2.984328626291572,16.210207174683315,64.73783599922928,11.240196743733692,36.99264655934219,68.22330948494131,CRITICAL_ABORT
5909.150416574855,47.771709102352425,-12.910042935690491,0.639498086393422,0.5220392541987118,71.29998658137404,0.8192060997566677,13.0693540685658,44.55005051671224,12.456075978465334,33.45872773057407,76.92073563126131,REPLACE_BATTERY
4525.489558092485,57.53438847325297,-2.0119592287612313,0.7392298522577302,0.6034529406185553,82.58916623527081,1.4842589392141257,22.366824083092006,61.86454353231773,9.439496074941147,51.83629700472552,59.8928974529497,CRITICAL_ABORT
2359.1712061675335,76.0134923650138,17.148939197140937,0.9121949973793826,0.7446489774525572,94.69462042506788,2.536911995254459,18.236623204149723,91.61684705096286,16.358007293338197,34.99825396490207,36.07410879189758,REDUCE_LOAD_PAYLOAD
3543.8270039678264,65.39389172836266,-0.5097029276312353,0.8355829822318656,0.6821085569239719,65.71405637408722,0.07263186242831532,15.716860349630835,50.349412545902815,15.145416049548716,31.997771142405565,48.98653366592396,REPLACE_BATTERY
3966.0855254839216,61.91312643374922,-3.2674184071915615,0.7991905283448097,0.6524004313018854,86.15711437904608,2.889845241355816,14.934901307923038,63.30406300829189,13.25527377065809,31.87629803517644,57.69927139445809,REDUCE_LOAD_PAYLOAD
470.7348979027437,95.79630793982011,27.6885832580259,1.109322151755211,0.9055691034736415,74.69589071043686,3.342142005072667,16.453173163222576,74.69589071043686,15.106810894454844,26.637025246009287,34.00732823940248,REDUCE_LOAD_PAYLOAD
3266.9817546231907,67.76075010646204,5.247503287600788,0.8479208560760589,0.6921802906743337,95.18172207539061,1.5965666443758058,8.687460130615243,79.17420639661688,34.17692735750531,17.093371610659986,31.943391837026983,NOMINAL_FLIGHT
4255.924970835657,59.6119528130118,3.6747452455080953,0.7501893404159773,0.612399461564063,74.92114022424278,1.7917696687086573,23.17748705915122,60.977723836744154,10.301434412922061,51.20603680322659,55.81976411659485,CRITICAL_ABORT
1003.9278240063622,89.83174954732225,19.918109159007823,1.0678339993656192,0.871701223971934,89.03645020986681,3.405128848866124,24.97115364747729,88.95332973429907,11.217508852991417,42.69742021372428,37.44541343831807,CRITICAL_ABORT
4683.790304553343,56.341937867592456,-11.230220073163082,0.7493866153871186,0.6117441758262192,88.59768713565889,3.1026185413041336,11.085281122597877,57.054739089352296,15.26737017292813,24.674444007155,69.07517190365881,PREHEAT_BATTERY
3502.6366830846696,65.74174016521178,-4.4327802139393855,0.8522914796093667,0.6957481466198912,72.7522742100874,1.1525979561335,10.046510401168536,52.488314495519205,20.43975873351889,21.319862210021732,51.63823617739232,NOMINAL_FLIGHT
5713.330714185568,49.06533163643933,-19.894210887500833,0.6749285598173703,0.5509620896468329,66.21797199539225,1.2959044262461559,10.44081687862612,36.1024353670667,12.35603214077381,24.57734168164591,86.14865709162828,REPLACE_BATTERY
254.53378924135018,98.30437514607895,26.655789543723593,1.1422871218240944,0.9324792831217097,79.32373508248891,2.7155129295623865,19.23745998998424,79.32373508248891,15.586704482536105,30.692655229350077,30.447122638219582,REDUCE_LOAD_PAYLOAD
1591.9568253328018,83.60618660057956,20.59526475077183,0.9915394305692304,0.8094199433218207,75.12176031880544,2.252792369792645,19.24449425366317,75.12176031880544,14.879738567204734,36.32087698876779,37.98846664177975,REDUCE_LOAD_PAYLOAD
3609.3232757989445,64.84385184464095,10.786209414238767,0.7955921209400062,0.6494629558693927,93.3142212364798,0.6489182843859878,22.414710758732987,83.51275553461177,15.762803586154535,47.685739021598,39.27667836441316,REDUCE_LOAD_PAYLOAD
1779.3594732355841,81.69727704546396,17.649690085584904,0.9787146547761099,0.7989507385927427,93.01274659593709,1.2397196369166656,20.781048603246305,90.52060649833501,18.999435995368245,37.85974183068141,29.942713419014872,REDUCE_LOAD_PAYLOAD
4286.5449844274535,59.37294818410204,2.9516504888964814,0.7491384024501228,0.6115415530205083,80.99583832674189,3.5999331075146164,15.644724447278776,65.25420121431581,10.427163413664807,34.50201176022836,57.00090556300511,CRITICAL_ABORT
4554.031695131586,57.31788932348389,-7.501287681623733,0.7516660293110503,0.6136049218865717,86.22792788631267,2.7526977468890537,18.418541146610423,59.19420670500626,10.010695412286543,40.57323229509871,67.76069658480684,CRITICAL_ABORT
615.0957843988467,94.15067362744223,15.219798317688214,1.13740755004806,0.9284959592229061,86.14908305954238,3.943897270742078,19.700839396256136,81.45444915335477,12.520326772300114,33.22327535398005,35.04599807452325,REDUCE_LOAD_PAYLOAD
3083.1267852406063,69.37057335929369,9.210072558023825,0.8558830940562493,0.6986800767806116,93.95053519496682,3.0680501199230776,16.716519994848827,82.39413337503768,15.422888157109742,34.2101644255109,41.63731887561932,REDUCE_LOAD_PAYLOAD
3053.3433335463355,69.63424536341287,7.241672093145823,0.8651675297090329,0.706259207925741,79.87508449431192,3.767897728574361,16.086066735677825,68.25765777125821,11.728929703892431,32.61342715178309,48.63614639623833,CRITICAL_ABORT
2215.6846212932464,77.38928061740539,11.13527183329836,0.9483505446498769,0.7741637099182668,74.64063379266781,0.8647542954819016,18.966656575925107,67.09760800477731,14.926806835353036,34.25655418640487,36.423427683722394,REDUCE_LOAD_PAYLOAD
5597.549175418033,49.8434525113297,-9.447212237052263,0.6584697749636439,0.5375263469090971,74.27622213491917,3.085939499267703,17.477067332586113,49.34182661286236,6.966301384168944,44.2249830774674,81.0508606489851,CRITICAL_ABORT
4965.0379192393275,54.272743132642596,-5.656819062764605,0.7068243564209711,0.5769994746293641,83.76672977487715,0.08087008059118972,18.947019190710478,59.26598852070302,11.98442957076632,45.93417351481018,59.10402296631651,CRITICAL_ABORT
4183.25629145782,60.182287991100246,4.227918404791973,0.755856337414514,0.6170255815628685,80.72018709562744,2.6830400868461357,18.418531157377185,66.20655779494673,11.704285474273435,42.386703019443054,53.189279817716624,CRITICAL_ABORT
4285.9598144099855,59.37750844651657,3.616189130419871,0.7473970598048317,0.6101200488202707,80.40422698447277,1.8771291124809655,20.226341528732128,65.3866917969491,11.792659408193781,46.483715862077055,52.695564938698496,CRITICAL_ABORT
2770.2968628787144,72.1807911487589,9.714172152990091,0.8889680324869558,0.7256881897852699,68.18980686813975,1.3870402876802745,18.927659649308893,60.19397666436121,13.337053070533415,36.5236948504605,43.85162949799661,REPLACE_BATTERY
5525.967126579455,50.32950385614149,-6.689771959951817,0.6580103166024832,0.5371512788591699,90.15113092415685,3.4496174091723564,16.835622269433543,62.72144128436526,9.797191743545149,42.59951366375254,72.7470774129239,CRITICAL_ABORT
4167.572563519712,60.30595843145723,0.4810910992457478,0.7677807702367033,0.6267598124381251,72.48078407936687,3.4170707706301227,19.590545791834572,56.352681714262296,6.722079644650516,44.090976992785784,63.93359907195539,CRITICAL_ABORT
4373.8863699348985,58.69546464900308,-5.7361100647499335,0.7646505975413611,0.6242045694215193,71.89337705730524,0.08920681959457433,15.641193408152276,50.80046019774877,13.69184102620038,33.45434814703805,57.95422888396767,REPLACE_BATTERY
5170.145422724071,52.80288312461892,-4.823121873140758,0.6855449047448877,0.559628493669296,79.44654120970877,2.438020489797724,12.108410841534218,56.964473816440425,14.684933971302156,28.578309591570612,65.54826179858992,REDUCE_LOAD_PAYLOAD
1644.429536053146,83.06808982236107,7.338732671358242,1.031718581712916,0.8422192503778906,72.97224195662305,1.4713288972838257,8.024109742276563,62.43954183861534,33.285324972875735,14.795243968758259,29.3841701523389,NOMINAL_FLIGHT
4842.425423200218,55.16712371925063,-1.206307489321997,0.7067141713654682,0.5769095276452801,85.43503935578053,1.6626440060017966,17.519390501479336,64.78095580545305,12.840222711706426,42.32296215496913,57.53933617139216,REDUCE_LOAD_PAYLOAD
1171.4436177389523,88.0212378233702,11.413001785866637,1.0775848749821018,0.8796611224343687,78.00121687670651,3.328162956875104,18.041138852346897,70.36553894247272,13.057147948249142,29.345751620641142,37.83828959631972,REDUCE_LOAD_PAYLOAD
2072.051713469327,78.78659666474776,12.96068029642304,0.9593138608682467,0.7831133558108135,80.71191029074765,1.239359086110713,24.524832401187144,74.2349211699255,12.887530798227859,46.26468341990275,38.20029574043686,REDUCE_LOAD_PAYLOAD
2013.6627256190563,79.36043485156627,7.685422491345339,0.984452127926174,0.8036343901438154,83.80092625614101,3.7721952425504806,14.145131679602684,72.03643403700836,14.924414471371108,25.854384908188855,40.04885287712105,REDUCE_LOAD_PAYLOAD
5871.152810334844,48.020543760164365,-10.395548351804353,0.6366774080803337,0.5197366596574152,72.12374328686317,0.718535305488563,14.7002651280813,47.13219900602887,11.714155402018635,38.59037656017901,73.99440573781392,CRITICAL_ABORT
5139.223342487561,53.022391965853686,-8.57457785580869,0.698155665983729,0.5699229926397787,70.45130680029354,2.650889693472711,11.430592882817233,47.501780396517184,13.161107836923481,26.914895573569385,73.40953095825815,REPLACE_BATTERY
4207.019169541559,59.995302619300254,-10.319404392836793,0.7952135614664619,0.649153927727724,95.81476660057616,2.688420268055059,9.199083019034472,62.69723472937935,21.47678064297958,20.40262221724881,59.99008793348875,PREHEAT_BATTERY
4362.340569692341,58.78466150764128,-1.251715547907823,0.7531821227025897,0.6148425491449712,80.18032959909974,1.0087806457116728,21.13767637864959,60.75507664727553,10.493073477233477,48.39914067670417,56.35146320295166,CRITICAL_ABORT
3372.4367664154265,66.85113263405201,0.18955713413617215,0.852017925850752,0.6955248374291852,79.42327633713887,1.299002435868808,12.244578093768524,61.48639916683758,19.641056398141835,24.767629175086206,44.864938515897116,NOMINAL_FLIGHT
5682.544002651114,49.27126982243389,-7.5308024131653974,0.6462145667098604,0.5275220952733555,66.24642525954945,3.3391939703197617,18.351382637510646,45.45490867339874,6.2544989054203155,46.8488971742347,83.53169437495983,REPLACE_BATTERY
2977.5525172941693,70.30888105633798,5.652537081259934,0.8785286189452652,0.7171662195471552,82.42917059055875,3.0472210198198098,19.692141604273186,68.9469666499946,11.619623600960209,38.789868186260954,46.761210431075284,CRITICAL_ABORT
2283.106259219367,76.7403346408063,12.136914242014306,0.9370964354950158,0.7649766820367475,84.395940256385,1.3163835212590382,16.01102368395801,76.83075757556057,19.981869682311984,31.673636799873734,33.32259317080776,REDUCE_LOAD_PAYLOAD
978.212021589546,90.11233616598909,13.85377708459189,1.0938029377486331,0.8929003573458228,84.55943048341332,2.1358261877397355,22.897985921462258,78.63460983681176,13.62036456104279,38.26093125778734,32.85857588031239,REDUCE_LOAD_PAYLOAD
4717.233913566348,56.09259278275359,-8.608681595318071,0.7386767847379383,0.6030014569289291,89.74609092630095,0.24672118501238183,15.54451229665539,60.47639325332186,15.830071022412547,34.90863002968887,57.68839574110305,PREHEAT_BATTERY
4406.6635924535485,58.44284184855256,-5.936506531453489,0.7619305544479483,0.6219841260799578,71.21186422468541,0.8349835295945169,12.843446591710007,50.15621263466735,16.22435145077831,28.158261995734595,59.74244917275543,REPLACE_BATTERY
2306.1302311448094,76.51973664028836,14.293665898771517,0.9273916310974111,0.7570543927325805,73.82780969807166,1.9432822354415964,23.232263890347582,69.02514760974177,10.944317351738318,44.51146993651851,43.839359671134176,CRITICAL_ABORT
151.16048375537616,99.52221401457844,32.4043422946175,1.134681614132589,0.9262707054143583,93.37556628306444,0.3438949411168464,22.64659283224926,93.37556628306444,21.02032509709263,37.44133638856815,18.077883018038204,REDUCE_LOAD_PAYLOAD
5033.983966308065,53.7750062368967,-11.7467545397168,0.7166579830364408,0.5850269249277067,98.15097158951879,3.37332941956775,10.78867910029902,62.62885883660505,16.66432995646398,24.277898359219055,69.23136464501745,PREHEAT_BATTERY
68.5079007244418,100.50470623620271,29.938939368579533,1.1552042004631546,0.9430238371127793,69.75764615785623,2.8720248404305915,8.441337312016657,69.75764615785623,30.587192299831724,15.013947336634052,26.81934880446761,REPLACE_BATTERY
4222.198677774306,59.87610451530851,-13.292678494161496,0.8027143538838071,0.655277023578618,82.41773440768264,3.774534682593979,9.529754457943552,51.13719308176791,13.292829348186421,20.694109371638437,72.60685717181521,PREHEAT_BATTERY
5821.542658356342,48.34700403625002,-18.81097428477767,0.6622149977952368,0.5405836716695811,72.49616884588553,2.7738676238561086,12.87130577541489,40.42059367490831,8.038212264575185,32.58561048381139,90.2832959407946,CRITICAL_ABORT
2625.9679688892206,73.50803142937235,3.1373159212861923,0.9268645967095678,0.756624160579239,67.10256089242438,3.7616054890487423,24.528416629609083,54.20312704112604,6.246000934323223,46.83131384663781,57.89054162899339,REPLACE_BATTERY
1409.8404299757165,85.49569503399893,9.07349375795423,1.0553427529277368,0.8615042881042749,76.39261683441474,2.21805022276386,17.494774603734026,66.87698662097789,14.136057806425871,30.172802396302608,35.30120638041808,REDUCE_LOAD_PAYLOAD
4229.22606026029,59.820986501417956,-10.407911340629783,0.7931701678294202,0.6474858512893226,70.02906688144745,2.4008744442478775,14.34544944449757,45.75347759166925,11.004795827424184,30.95710523966817,71.26035438439557,REPLACE_BATTERY
4902.768852093511,54.725477252459505,-4.80300297791883,0.7104528599408949,0.5799615183190978,89.84765757019862,3.9078842185050435,23.10817360841669,64.4428519818902,6.868844552139597,55.48280627669295,72.43587837892248,CRITICAL_ABORT
3278.581896467084,67.66020360366953,2.6188791843246455,0.8547330459881435,0.6977412620311375,83.68038947850056,2.5685165874570415,15.703317635134493,67.09955734101466,14.439358847933223,32.03622560238249,46.74819750810448,REDUCE_LOAD_PAYLOAD
5802.211651536877,48.474697508629866,-10.817348746964154,0.6437321623440192,0.5254956427298115,70.03420648466088,0.1231462754429864,13.359056682817359,45.42994483847738,13.38812706560434,34.81252368852803,71.7923134032924,REPLACE_BATTERY
310.0123299477666,97.65577698633373,26.437283285947082,1.1355781141892447,0.9270025421953018,65.323455594193,2.895211106522093,24.000731988676176,65.323455594193,10.904825174731377,38.669679805491164,39.20267664272464,REPLACE_BATTERY
3028.773589827169,69.8523709032245,6.6410566319860695,0.8697406562708251,0.7099923724659796,93.28549671584744,3.6218747685496626,22.441800325275526,79.07886610424922,11.699408393082365,45.315706033310654,47.06503266733843,CRITICAL_ABORT
4310.723683935301,59.18477002945198,0.26911193517241383,0.7540906306729311,0.6155841883044335,71.16680421574867,3.1823209991773065,22.342362382130496,55.15910378954689,6.927100237325296,49.752224366437,66.25369353476353,REPLACE_BATTERY
5175.842826895074,52.76251894338724,-8.990639806029325,0.6958281043773246,0.5680229423488363,86.21758247772681,2.3353330905016905,16.708840631853622,57.723249662161,11.158615381519134,41.16572493920041,70.58783385874558,CRITICAL_ABORT
1075.5336714467403,89.05417943236301,12.074064194067466,1.087703663265018,0.8879213577673617,76.7922669576861,2.6852140523740653,21.420452779862735,69.85365036508144,12.038279414015012,35.37596432809119,37.318477345902906,REDUCE_LOAD_PAYLOAD
4800.020890582088,55.47920064678338,-0.9110648846795923,0.7099412428926095,0.579543871749069,85.49200784102625,3.960767157006687,11.049007107497381,65.11189811785457,14.153234593258512,25.894468719353192,61.65347808225867,REDUCE_LOAD_PAYLOAD
3316.2424543112716,67.33460577976184,0.49886338307110023,0.857209789268121,0.6997630932800987,76.04787694438134,0.3626483540373533,17.744790278456144,59.14144851437588,14.48835922042762,35.87250092136908,45.13616015464406,REDUCE_LOAD_PAYLOAD
2379.322091939779,75.82187663243009,4.8564249085793065,0.9501280620620048,0.775614744540412,68.04288462422889,2.668979314532958,24.725380688408276,56.2961817509486,7.239393505489508,46.074079043655146,50.08056020341699,REPLACE_BATTERY
790.2901714745614,92.18437861716875,18.97352450639336,1.0993430864903608,0.8974229277472333,72.80325029952138,1.1335907782823753,12.946293318805349,71.95131972344538,24.80243941095932,22.177270155549248,26.14762980527791,NOMINAL_FLIGHT
5191.774553453474,52.64978064794632,-13.310589193930143,0.7058850632044966,0.5762327046567319,71.58204982676764,2.5603615863446803,21.503989597210477,44.39943091476424,6.608642022361552,50.88330914808785,84.70809086227827,REPLACE_BATTERY
943.6392490782921,90.49067965936007,16.77919297104394,1.087312428519571,0.8876019824649558,79.98067733538754,2.430494303535755,16.33813292253714,77.04401079912324,17.697267049142635,28.61428804346918,31.428558610685762,REDUCE_LOAD_PAYLOAD
1858.7271552545953,80.89954107258923,14.638543098662462,0.9792983124615791,0.7994271938461869,88.0399324199155,0.6138273284326483,8.676696614775485,82.65887816268257,42.629122408441724,15.224203863638623,22.53646917583577,NOMINAL_FLIGHT
1740.2731917746212,82.09247293975976,15.429932949695598,0.9910137018012861,0.8089907769806417,74.23321262312251,0.8269865829609566,20.971329762866347,70.36575396998474,15.51627410364759,38.151162768448025,34.85396674441581,REDUCE_LOAD_PAYLOAD
5228.484205145126,52.390753116729556,-13.474297665571463,0.7028550593520616,0.5737592321241319,65.42244773552163,2.486518312172854,10.865675454665917,40.456784155117404,11.563512802140698,25.307096134461105,80.61464063138084,REPLACE_BATTERY
4036.2179652533882,61.3498260665484,-3.673943638890746,0.7931139734206772,0.6474399783025936,83.16280774926649,0.5129197892150965,18.735050641256752,60.718583241274814,14.638807387130589,40.923753964434894,53.01083404604772,REDUCE_LOAD_PAYLOAD
4780.088383148234,55.62638736350444,-0.6989094666123021,0.7112704300527134,0.5806289224920109,86.20158212756402,1.0607235005212914,9.45629129879854,65.86080444212003,26.71750824208989,22.3380540254324,49.203474423219355,REDUCE_LOAD_PAYLOAD
1502.8073927549938,84.52686480591562,17.713752535762247,1.012389440750276,0.8264403597961436,98.70046729006333,3.3409821909520097,24.096745757431403,96.12801518916805,11.849423740479176,42.81778664438946,36.20794357674418,CRITICAL_ABORT
3749.2445976419936,63.68133342933063,11.00523531206975,0.7807265263200135,0.6373277765877661,85.63147810826364,1.3083660240065544,12.959306082066135,76.85079915997994,21.460723141530934,29.381175449694243,39.581532387616946,NOMINAL_FLIGHT
3430.475898862492,66.35474216323469,8.602547526101437,0.8204395037374025,0.6697465336631857,81.49103957823496,1.9522406250786517,11.849899758515713,70.90283072092164,21.144826566560404,24.4614329561874,40.92008775680334,NOMINAL_FLIGHT
4996.982260729626,54.04166810710608,-1.7589193519428727,0.6937062772857713,0.5662908386006296,85.06905690641963,3.764561340583361,10.195318869127682,63.96753437269172,15.278436395359345,25.05366885271749,62.71989284133828,REDUCE_LOAD_PAYLOAD
5436.522362887563,50.94223210264617,-17.276738111048168,0.6935783264482378,0.566186388937337,97.47652204517095,0.9085963553477852,24.08203728676381,56.05340470467934,9.486041523464925,57.4635626530934,77.18480883890456,CRITICAL_ABORT
72.94062886432084,100.45181583377264,28.345187670549027,1.1606996568004766,0.9475099239187563,93.99323509605762,1.5585040694320416,20.102363621502185,93.99323509605762,20.79170212499485,32.202457696941394,20.433663151359838,REDUCE_LOAD_PAYLOAD
4044.119514352756,61.2866222115895,-1.5523108517774693,0.7861077255124714,0.6417205922550787,76.30425566773329,2.4258311021741825,20.60823510820751,57.55657904063809,9.904238111580803,44.006557370908084,61.20878840356174,CRITICAL_ABORT
311.0147947183741,97.64408915236554,20.22349481663932,1.159491403048996,0.946523594325711,73.3039027279998,3.0213557180158888,16.489877543464157,73.3039027279998,15.130154622018997,25.833525106436916,32.381897483028666,REDUCE_LOAD_PAYLOAD
3293.1519904641355,67.5340856577012,4.43458876464576,0.847559355987775,0.6918851885614489,74.19217643281257,3.6066135468508205,16.070372349598216,61.02709463531396,11.254660365954647,32.94767715841268,52.08830921909765,CRITICAL_ABORT
1725.7963742620693,82.23923824326366,18.50838124035397,0.9823066105254615,0.8018829473677236,82.65473639003245,3.6618919502940606,9.870361130855104,81.2492377387806,24.912670526413017,19.470927027802354,35.792299272133164,REDUCE_LOAD_PAYLOAD
1840.6595971328472,81.08058378243413,15.539870573657552,0.9784255159299367,0.7987147068815809,91.04173079300023,3.106560297490492,17.51729862492786,86.41267070410113,14.93111456298683,32.161445289724206,36.03255549627092,REDUCE_LOAD_PAYLOAD
2117.7510207141395,78.33981864172243,6.842249358647793,0.9747180333871299,0.795688190520106,82.61267225140367,0.9133233463732418,12.197580416849437,70.22090712058679,26.492056650176824,23.73006790220595,29.182623131850516,NOMINAL_FLIGHT
3727.7546942976605,63.85877410138689,4.481889055028307,0.8012972971057142,0.6541202425352768,67.37287385398395,0.09923732017026321,24.611470657606898,55.45417691890011,10.182086980835837,53.057656317047275,48.92548534701062,REPLACE_BATTERY
2004.2997940126152,79.45276635982228,8.78411362853818,0.9817566318630488,0.8014339851943255,90.32532451539933,1.5350957214224952,21.541875980257505,78.7762287463758,15.366962551177457,39.03453523630404,33.759619761506016,REDUCE_LOAD_PAYLOAD
4396.1943035416825,58.52343556638326,-2.4918473781995063,0.7532708277712697,0.6149149614459345,93.20895450348338,0.5661954039512933,15.02086502327909,69.30952050318105,18.601591350307785,35.14199560882241,48.14730132706484,REDUCE_LOAD_PAYLOAD
2427.1643134432184,75.36850895481491,7.70668162523341,0.9348622260219482,0.7631528375689373,75.13242527919019,2.8415505897531923,10.572801397756061,64.6030794830201,21.221545290140586,20.430935472698422,39.86160519759699,REDUCE_LOAD_PAYLOAD
410.1192018597517,96.49419905028962,21.239893929233485,1.1418807650084846,0.9321475632722322,88.24440087491726,2.644522347302867,21.350638749359327,88.24440087491726,14.906154178434846,34.04111481267965,29.23416375662886,REDUCE_LOAD_PAYLOAD
4702.559054904644,56.20189368069128,-1.7354189816776326,0.7213735636596483,0.588876378497672,79.93071653690377,0.17588656648581935,10.074914040382371,60.12518174374121,25.862436879662525,23.922258379469632,49.242869525591836,REDUCE_LOAD_PAYLOAD
1714.549947556236,82.35340057257541,8.654456741804976,1.0180664567490083,0.831074658570619,96.1191774504605,3.3463751165238045,11.218673809450198,83.68720059340842,24.346611639346627,19.669033122143013,30.639940225717922,REDUCE_LOAD_PAYLOAD
2596.601277595576,73.78048972904834,17.848067067013424,0.8832708097773369,0.7210373957366014,94.5828945356259,0.994973065164729,11.595848801651865,92.26258361523402,33.0532167860151,21.456480649910347,27.731485973863983,NOMINAL_FLIGHT
4112.663299331409,60.74055531235843,-10.83774179212664,0.8066824723019599,0.6585163039199672,83.39011994083748,1.728908301964169,17.467140850642604,54.07430189188728,12.615525687073328,38.07895367443879,65.7729747267766,PREHEAT_BATTERY
1994.736942892272,79.54715912257254,9.045871454925946,0.9820112595180274,0.801641844504512,89.2026941034758,2.6717349418229697,21.379963117836226,78.06332343682492,12.975983506277643,39.91633114255865,38.26200646652626,REDUCE_LOAD_PAYLOAD
339.5139368802937,97.31228841085493,24.644218859986793,1.1383973391141586,0.9293039502972723,95.91723953577363,1.7176751474090133,13.343352938319768,95.91723953577363,31.417642652530418,23.118971649893187,17.856757693389937,NOMINAL_FLIGHT
2243.5262820768817,77.12076295106046,13.33864999867682,0.9377916148643219,0.7655441753994464,82.35009535273964,1.7651512111997736,9.43938684267992,76.09647934396857,30.7659274845586,18.221482250307435,31.5476524195967,NOMINAL_FLIGHT
5666.69149616582,49.377582912989965,-12.33587332793636,0.6595400380985919,0.5384000311008913,75.96377591710876,0.2625119813429615,15.897153879915127,47.96132851164072,13.466327120104637,39.71515864926416,72.79413907482137,PREHEAT_BATTERY
3850.406383791349,62.851402014234466,-0.3145950096514789,0.8025215291197103,0.6551196156079268,91.37831482683535,1.6057741970400152,20.717874099718905,70.2163414013992,11.953239978845776,45.1290848377526,50.30818542637034,CRITICAL_ABORT
4028.8748920032417,61.408610023886354,0.8650636286170101,0.7807235465206336,0.6373253440984763,72.70231891746421,3.059391572879934,11.7682853324856,56.84316050693475,15.006546797226164,26.497444483452938,56.55157182569047,REDUCE_LOAD_PAYLOAD
3793.692921825839,63.31559337343474,-0.8143513791563566,0.8099321454862912,0.661169098356156,78.59859018021147,3.660705348746391,11.738717316669362,59.948433297555056,13.330514202668617,26.31765046607969,57.368465917031585,REDUCE_LOAD_PAYLOAD
1193.9528337566207,87.78022689104462,24.205212870256492,1.0284036075242964,0.8395131489994255,95.30045329873778,1.653988548253487,24.102859464894085,95.30045329873778,16.071842723075648,42.38110725177159,29.273738943909095,REDUCE_LOAD_PAYLOAD
2510.003184613681,74.58869434423602,12.881724871169084,0.908450459122247,0.7415922115283649,90.35478190942602,1.6943433075163155,24.220613361026025,83.0226416654864,13.881475653696127,46.937562992633765,38.903666995082496,REDUCE_LOAD_PAYLOAD
4505.63879017991,57.685351482716996,0.0774696188587578,0.735501617008415,0.6004094832721755,79.13338518366247,2.8105084252946084,24.8379174450468,61.160860300144094,8.053612882351,56.5818204395402,64.93540164768663,CRITICAL_ABORT
608.2373853189549,94.22833400982859,16.21567337857471,1.13442803533997,0.9260637023183428,72.51605758429251,3.7710880044211064,21.730213226771262,69.38761888624617,9.165161265440743,35.78430924706386,40.347139212500096,CRITICAL_ABORT
1667.1166565382737,82.8363081745052,13.766799610472708,1.0057897514613456,0.8210528583357923,77.45889367912828,1.068243760957441,11.199130875855074,71.95478208784299,29.191814252734314,18.823604584635977,28.339627004548475,NOMINAL_FLIGHT
1657.9146507951216,82.93025671942257,12.721225026228192,1.0106133150374397,0.8249904612550527,74.94364522296016,1.7605768261517474,11.603685853587443,68.72496882903003,24.714927218462957,21.328397634311784,32.00526757849034,NOMINAL_FLIGHT
2592.113565567036,73.82219775742811,3.123254945366938,0.9308733023038684,0.7598965733092803,71.16312507803488,3.1838929742092046,13.783829105880663,57.471703198779146,12.606059340906686,26.740125898896054,47.67555887086809,REPLACE_BATTERY
5882.21244565311,47.94800957824929,-11.43355997701638,0.6382370740770479,0.5210098563894268,91.01665197479798,2.438774277496154,13.408253032669345,58.40150974296773,14.031397068646772,35.02910203781758,74.36770507442903,PREHEAT_BATTERY
405.0152801029316,96.55314980564843,19.679171890431864,1.1486680875052797,0.9376882346981874,73.822446039756,0.4423453758558189,24.260971734326155,73.55244483956041,14.536309677527976,39.190426684655904,27.74011122007418,REDUCE_LOAD_PAYLOAD
3112.20596628357,69.11391681248173,8.047680368407981,0.8562413968382027,0.6989725688475124,80.89586145587174,2.510930942249063,21.414257708988792,69.87327905574512,10.681058937724,44.86051548356972,47.10552895259298,CRITICAL_ABORT
1076.1880920732626,89.04709827657103,12.653819587052133,1.0854109339911255,0.8860497420335718,78.50508063926381,0.7469851383893076,20.308149466746414,71.9305583021806,17.220051844989246,34.926680503854726,28.787069595692785,REDUCE_LOAD_PAYLOAD
5824.059272458465,48.3304002727041,-4.261182206770915,0.6261668892649986,0.511156644297958,99.37270825224708,2.0408637363136166,11.16137480898824,71.88845530556327,19.799175613098097,28.726649201333043,59.65671374574867,REDUCE_LOAD_PAYLOAD
679.8210283647852,93.42031321087339,16.099500022668586,1.1251518818268431,0.9184913321035454,78.68822854518771,2.116413070641754,23.461934509159605,75.18930140150071,13.173292726007775,37.95200432130818,33.43845239504789,REDUCE_LOAD_PAYLOAD
2421.6060141695475,75.42106813445648,10.356072593900123,0.9267716959439647,0.756548323219563,67.79938689788642,3.5048134488999394,22.073796451604956,60.34546993208365,8.293712579063193,41.51440387838365,51.78357797273319,REPLACE_BATTERY
4427.3099090076375,58.28416764195938,0.18178214339069587,0.7428530562549798,0.6064106581673304,68.14390134002294,1.8499770960497526,10.781911302574702,52.74830756116607,17.000028037492296,25.05454655402252,56.16403131986575,REPLACE_BATTERY
4227.326568164672,59.835880773538946,-5.33082484407093,0.7783276675964976,0.6353695245685694,85.67638024735727,1.1177696889435769,22.80989564333653,60.93549170031125,11.006800622983981,49.36405818686403,59.947235426810984,CRITICAL_ABORT
2536.3718213635934,74.34184524656006,12.775926378301394,0.9057790019076485,0.7394114301286926,85.97772431083929,0.9238653928641263,12.628208118298012,78.89707703401655,26.8117076818672,25.466097809512966,30.744718876713158,NOMINAL_FLIGHT
2079.1450077163095,78.71711432882203,5.339639460841909,0.9846969004678006,0.8038342044635106,79.65656466689292,3.4970075067373445,9.374785679145802,66.34371355336043,21.84761091184325,18.139626442369913,37.98719780268514,REDUCE_LOAD_PAYLOAD
2385.6742713172234,75.7615546045011,16.75370573235085,0.9104111325552796,0.743192761269616,80.11452923092104,0.6840434176729135,19.16597921074157,77.14967038914669,18.601703165594312,36.4795164510062,34.941098361246475,REDUCE_LOAD_PAYLOAD
1585.6575789518356,83.67097336617235,14.763972061641859,1.012405577246133,0.8264535324458228,66.8876403994305,1.703474243532575,19.11467920953362,62.89506908540061,13.97171235241888,33.91462375887268,38.69583100971903,REPLACE_BATTERY
1231.9976322407988,87.37408818836707,14.00995835059041,1.0599886712706914,0.8652968745066868,83.07912786362418,0.748692459707788,9.613844162615507,77.40594709208722,38.54647777654723,16.52745347158348,21.68486132394304,NOMINAL_FLIGHT
2898.2381853533398,71.02053795117817,4.665542933066119,0.8905737025329151,0.7269989408431959,82.66588163831231,3.0932161604575015,13.4204807519219,68.21482653144682,15.289157816620913,27.206369374373445,43.02652837434127,REDUCE_LOAD_PAYLOAD
1611.202536405644,83.40849905770695,18.571779860326913,0.9960563311152028,0.8131072090736349,70.23422614949305,1.897490559898476,24.877845858344156,69.09069287588898,11.326819556892328,46.20191107955358,41.85899942466946,REPLACE_BATTERY
1724.7699893835006,82.24965174569762,10.866718609755054,1.0088639674825457,0.8235624224347311,68.63437851388247,1.4045747622272482,19.533253339148526,61.48820766494715,12.88680898173841,33.55830625578123,38.02623315338619,REPLACE_BATTERY
3940.5363808473426,62.119373622269535,-4.3602749226216115,0.8051130267554656,0.6572351238820127,69.32503717098217,1.4443985625058673,20.411277832256594,50.072979775612765,8.62678849728416,43.435754050589615,62.61829042766263,REPLACE_BATTERY
5811.2239901993535,48.415131400227125,-13.880638924214493,0.6505375447390628,0.5310510569298471,68.53598862719404,3.4088568268919177,11.619593855273196,42.06469746968487,9.317469674253593,29.283881607975232,87.32294671304432,REPLACE_BATTERY
3621.8232033562504,64.73930402865405,-4.4266613856654695,0.8392765495175915,0.6851237138919113,86.3397868437866,2.2150958171777524,9.339295207066543,62.29726963806831,22.86359575331579,18.216519194610047,51.130556725707876,REDUCE_LOAD_PAYLOAD
461.87680238979766,95.89803871034692,31.100520324175392,1.098046784037005,0.8963647216628611,71.87689283410215,2.8714714045250544,12.70732872559594,71.87689283410215,20.735314132338882,20.83252331983798,30.92978385766458,REPLACE_BATTERY
453.5016831244019,95.99430317821367,19.22026610361777,1.1438121518987168,0.9337242056316054,73.80005532656122,3.588154065002738,12.231272548284263,73.14404911306099,19.79245358287477,20.111373521128023,32.60974839332674,REDUCE_LOAD_PAYLOAD
5708.539325073396,49.09733627424677,-7.947421682075051,0.6449449363923578,0.5264856623611084,71.07502504530039,3.606966704162568,11.987249712716903,48.430478910842766,8.901608185425339,30.417972883726502,79.6789349504695,REPLACE_BATTERY
1783.7447418440017,81.65303449897016,14.453009596252851,0.9890570697706149,0.807393526343359,98.52423565569761,1.3140362173514526,11.276823472079673,92.29398757290468,34.47621842207125,19.23864737994936,22.615425079578266,NOMINAL_FLIGHT
552.4019164948526,94.86251338813014,16.486717290373615,1.1409942592463698,0.9314238850990773,94.91161121031423,3.809805052585541,17.770846741141874,91.11026613258328,14.989695397921084,31.07866088063136,29.952557581157564,REDUCE_LOAD_PAYLOAD
3594.2675229022893,64.96995771681324,1.6074875550714733,0.8237690984162369,0.6724645701357036,73.06731930730324,0.09950352805842178,13.57775908931097,57.74695529898383,19.074838285355998,28.74834482628165,42.98380741042712,NOMINAL_FLIGHT
3741.892669741597,63.741992811899706,4.597711543233363,0.7994983954517539,0.6526517513891869,76.4648202872744,1.5073422440646627,21.945865255808016,63.038661592277,11.14962252534535,47.32816359259908,49.36781885646053,CRITICAL_ABORT
3891.028920712129,62.52060942644351,-1.232994660060373,0.8009940367241072,0.6538726830400875,72.3462494806749,3.5831954300353663,11.127106103405527,54.83439565123125,13.418056123059477,23.037139071469678,59.96932150266626,REDUCE_LOAD_PAYLOAD
1604.4121671452478,83.47820491673698,20.53688564281103,0.9902184102274558,0.8083415593693516,82.21565858112884,1.0985475192679317,15.898660204765257,82.21565858112884,22.367917559348886,29.047288356528004,29.242339791732753,NOMINAL_FLIGHT
90.6641052868502,100.24056810744352,29.518260279544794,1.1537695890157293,0.941852725727126,65.68636863659887,1.0923258012852735,8.23218321924336,65.68636863659887,38.36566556151362,13.082195613921785,21.574176611062814,REPLACE_BATTERY
5790.092216726831,48.55489318649948,-8.041025135432756,0.6380445766037556,0.5208527155949024,88.49788031138785,1.2104891403275548,16.188599481738265,60.20796764820458,11.838293930791245,40.22690528274768,67.70300394971137,CRITICAL_ABORT
1505.358274146615,84.50040734862078,12.916887356682018,1.0290433271724364,0.8400353691203561,83.31053524361747,2.449253539387689,8.949249754900064,76.583419120853,32.53382330954836,14.885074110081002,29.176819889566346,REDUCE_LOAD_PAYLOAD
4056.157728315285,61.19043087110943,-6.76423747295679,0.8002302246327924,0.6532491629655447,96.45236249053862,1.7533311024574152,24.621299701834943,67.02355963695948,9.650659869078288,53.59488471562917,60.36744963301507,CRITICAL_ABORT
4239.779219272257,59.73829187270943,-5.626502952083647,0.7779170968098097,0.6350343647427017,70.7537439514945,2.9069393454133703,21.44006618705702,50.08359422951354,7.0775765056015665,48.72672322884944,71.48510086276649,REPLACE_BATTERY
3660.044502476914,64.42047233767941,2.190915437233659,0.815071300756006,0.66536432714776,93.14382361213961,3.579642570258663,16.331895102819743,74.23343257636857,12.300303892584335,34.91001290506757,50.34361950901457,REDUCE_LOAD_PAYLOAD
1877.4443652818893,80.71233398279976,15.525545193329496,0.9740300603642047,0.7951265798891466,92.71863550633505,2.6967974997714426,9.471985089048955,87.98917058120958,33.338799824190126,18.291851210269513,29.296418047832702,REDUCE_LOAD_PAYLOAD
1626.5775225843945,83.25084283228193,3.5693890793991976,1.0480729145008076,0.8555697261231082,69.45134162259104,0.817866880790302,18.071572493437042,56.4424827404855,13.834303797431577,31.199816441979486,35.807076717582255,REPLACE_BATTERY
3586.009696216219,65.03920894628492,1.6503709665358266,0.8245184621186461,0.673076295607058,78.94957284504447,3.7307276094420088,20.898983761931916,62.43444558079441,8.114092591779434,43.820720811045454,58.83521303155273,CRITICAL_ABORT
5196.573801670149,52.61585779823991,-7.987283584240043,0.6912683046219552,0.5643006568342491,70.95534244005809,1.057971493389914,11.24219330108067,48.316683326228926,16.4621150706495,28.05807725136453,66.77642670433751,REPLACE_BATTERY
5680.402373540373,49.285621583944526,-13.310336709590185,0.6607805364718876,0.539412682834194,73.91521751601421,0.5995771813126325,17.659541793387344,45.84681258501445,9.135818509478902,45.60271085116584,77.08189793917687,CRITICAL_ABORT
635.4348264225458,93.92067125615678,27.32604282333285,1.0889145115870718,0.8889098053772013,74.21361611906906,0.3598691154438436,21.841585272508755,74.21361611906906,16.46991081434089,37.75975768868373,27.186397858877015,REDUCE_LOAD_PAYLOAD
928.9716755863191,90.6515808103433,21.07058447994328,1.0733584429534098,0.8762109738395181,84.46827379090205,2.2535349626646624,21.060212219987378,84.46827379090205,15.544351209406825,34.9620965795907,31.94198905608939,REDUCE_LOAD_PAYLOAD
5668.417552698478,49.36599830163969,-5.293754552135623,0.6420496236174453,0.5241221417285268,79.39938261161629,0.4550498499226072,21.6508643037416,56.50466576440596,9.663644208862657,55.488324077250965,67.32544612535958,CRITICAL_ABORT
4419.211370008756,58.346366129488615,-4.804676506808074,0.7574644074664096,0.618338291809314,98.17064814022069,0.555103536450523,22.948498222785236,70.41060880698755,12.273136888955127,51.80005413492216,54.03535514617079,REDUCE_LOAD_PAYLOAD
5297.962948978638,51.9033279103605,-4.749371705826524,0.6736807305051502,0.549943453473592,69.42295496814518,1.2001219223819866,23.940595736710996,49.8357654695175,7.38328523287743,58.89014482498454,72.17081032814212,REPLACE_BATTERY
1215.795804812059,87.54686072401134,25.272659241359214,1.0220007874346548,0.834286357089514,99.07922471975695,1.1266120387378553,14.89385963846011,99.07922471975695,29.93379551348555,26.652154336236553,20.575524471165103,NOMINAL_FLIGHT
3525.515226656411,65.54834850946234,8.642618273096636,0.8103536462332719,0.6615131805985892,73.07235240749924,2.416958041328569,17.669074742888913,63.6113715677868,11.864213679087722,38.281281992695895,49.65521964691981,CRITICAL_ABORT
4206.837566504842,59.99672983151749,-7.805152149425137,0.7876973217565242,0.6430182218420605,92.05058777336485,3.266981117890726,21.441211942775382,62.872508950665235,9.117053712222459,47.5071144566886,67.8042690209995,CRITICAL_ABORT
4080.671312681836,60.99493300801617,-2.7927439201438355,0.7859558981144111,0.6415966515219682,76.86394741604875,3.0453986248115696,19.851376837078313,56.891828336391185,7.985856089239803,44.667094748870475,64.58389804448996,CRITICAL_ABORT
2448.9101452001887,75.16316566871052,7.3562605289497895,0.933479862007764,0.762024377149195,70.00784883960598,1.049937818865907,24.923843880494438,59.91701342072025,9.597527876936997,47.131319840798966,43.674135235516154,REPLACE_BATTERY
92.36935014785087,100.22026212427554,26.845871899420608,1.1638116612397298,0.9500503357059018,95.0261214836184,0.9812419919439197,8.23252006877895,95.0261214836184,56.49777337886249,12.031586350914655,10.898848200986425,NOMINAL_FLIGHT
3497.556340825579,65.78474677196745,5.697651559706402,0.8218653385410238,0.670910480441652,75.81013147327621,3.8631661204278704,14.037264660368441,63.44953423503419,11.551007833632504,29.84235630554327,51.778097720328105,CRITICAL_ABORT
1518.6092350776526,84.36307772906822,10.934576601866578,1.0345398120737452,0.8445222955704043,88.05993914793947,0.0329449663678405,12.777474746593441,78.9593119341342,30.598247962517906,23.88640387663191,20.827603641342957,NOMINAL_FLIGHT
2701.525476857342,72.81076677608573,7.779276970011966,0.9029029085208625,0.7370635987925408,84.82552897803193,3.518882132240863,12.459369452814087,73.00795500918655,16.174243851935675,23.95073958165971,41.74139314028167,REDUCE_LOAD_PAYLOAD
5745.486090502904,48.850982907242546,-22.445296249049555,0.6788178796550257,0.5541370446163475,81.5114708286806,0.7989140764896199,11.78300630248106,42.06999562066275,14.37784314632164,29.459857140194732,82.98640780507958,CRITICAL_ABORT
2394.211905854608,75.68054011835474,16.647347640954496,0.9097713693504466,0.7426705055922013,82.35368154269887,3.7891372923590714,20.055105293858894,79.20610432511646,10.875947779306259,39.48615132599818,46.38477560020247,CRITICAL_ABORT
5038.80963998656,53.740307517587325,-10.314133863296114,0.7122918382518933,0.5814627251035863,90.62832699323006,1.3692291393100788,9.44091104568047,59.30888769964548,22.841422809083813,22.442012438546424,61.849258321400825,PREHEAT_BATTERY
1131.2436344955067,88.45300042650253,17.92623607500169,1.0586399224077656,0.8641958550267473,68.07205199432042,1.7614070955730092,20.60735017703675,66.46276682503911,13.296976918237055,35.43983822234329,36.74338971783248,REPLACE_BATTERY
4034.762988150173,61.36147006326151,-2.774207992916431,0.790624739610017,0.6454079507020547,88.38632316852667,2.828482455777524,19.788239314276648,65.43893818223832,10.896277426485904,42.237765757624814,59.40970671112309,CRITICAL_ABORT
5862.041726633661,48.080365168350504,-7.373133348051721,0.630221230322046,0.5144663104669763,96.35342354895025,2.3506762058930413,12.263670252515238,66.28597927959763,16.235670894106015,30.10668669733193,66.49254310450056,PREHEAT_BATTERY
611.3586052376207,94.19298476556237,6.83863685896857,1.17198108245586,0.9567192509843755,67.02258689569524,1.2717573188272913,12.298174313807742,56.96654880113964,22.887077052327186,18.604676682802232,27.256347650946438,REPLACE_BATTERY
49.91965336315207,100.7267429937704,24.592470541509968,1.1785457671354416,0.9620781772534216,69.92286687317834,2.215323663471294,18.690629950856536,69.92286687317834,15.373690158356643,29.182666930812648,30.340036280870578,REPLACE_BATTERY
2601.496755795686,73.73501375384406,7.561177299839552,0.9150746170413124,0.7469996873806631,90.0821177845711,2.922827537451545,20.956908793222524,77.30824118059044,12.70959939288226,41.369293882163554,42.18140505891843,REDUCE_LOAD_PAYLOAD
555.7528983082032,94.82435571137673,19.119424223038266,1.1302615802337916,0.9226625144765646,80.30485768856161,0.16933978360996838,22.900255422485213,79.49871224659847,18.554289732197365,37.28529118314056,24.510369157829796,REDUCE_LOAD_PAYLOAD
4490.306098057388,57.80217441097282,4.444143090805138,0.7253979536535126,0.5921615948191938,79.1242017284791,0.04479722102281647,22.486372585526087,65.09257146285472,12.493033858949003,51.90368410729487,47.82682305488546,REDUCE_LOAD_PAYLOAD
5487.291983091353,50.593705631132664,-15.104045184372652,0.6830333088052104,0.5575782112695594,69.79383220904826,1.8322677562915652,24.403010900785503,41.86330963923899,5.439949607171311,58.86580005510054,88.21902680934453,REPLACE_BATTERY
2604.125836252553,73.71060058611573,11.93216295053671,0.9007460232650207,0.7353028761347108,82.73695142512258,0.5273464712140568,17.88354322072069,75.12735746555595,19.1515784578498,35.51770426628337,33.94047624549878,REDUCE_LOAD_PAYLOAD
1552.2698529326458,84.01504002630118,16.691509899468222,1.0098082255379413,0.8243332453370948,69.4290858918732,2.6573771658588576,23.447144542786113,66.81044383754374,10.473355959036263,42.95631729780738,43.788178510927196,REPLACE_BATTERY
2606.4199140396586,73.68930354051776,14.365866821419798,0.8928635299724862,0.7288681877326417,81.68171597086891,0.8562098249097367,21.744725645426982,76.43537137807176,14.845673297240811,43.6983156250592,37.873137806094924,REDUCE_LOAD_PAYLOAD
4340.6869071000065,58.95224241203947,-6.550410320037567,0.7703415116714983,0.6288502136093863,91.72653546365798,1.7314044271826838,23.209349613338233,63.96323591038818,10.058847553862925,51.950471278955725,62.49525496645283,CRITICAL_ABORT
54.32496948222587,100.67408558186935,20.982043202746738,1.1923885653198696,0.9733784206692813,74.03925252605072,0.7906837474970758,8.197652221851232,74.03925252605072,45.54858863056017,11.635599830850605,17.286812657420008,NOMINAL_FLIGHT
3536.723936908183,65.45376988547649,7.491643947483805,0.812503047122904,0.6632677935697175,81.82751588629046,2.193934342996498,24.420350861718788,70.15930006526588,11.207658520010526,51.60968000450576,49.87072337503088,CRITICAL_ABORT
3679.7501093242745,64.2565909707488,3.2082308310427683,0.8100050491368226,0.6612286115402632,99.72055892888925,0.4642138375382756,16.050012768390133,80.63143440984956,22.279044925918125,35.74677292227927,35.08394590049832,REDUCE_LOAD_PAYLOAD
3826.129481375613,63.04976636220901,-7.5945283623252795,0.8271241019466409,0.67520334852787,89.0327648173913,0.09242741114992103,21.56911082277233,61.025049262592255,14.025272878204817,46.080658138545736,54.55912427553673,PREHEAT_BATTERY
1452.1324798852634,85.05385119185613,12.864613808429437,1.0359724542704642,0.8456917994044606,94.44748699568194,0.20452655242678874,10.162470028742275,86.76480703795411,42.18909290800012,16.549557593316745,17.278608939687846,NOMINAL_FLIGHT
4284.3163402687605,59.390317648565706,-0.9161429425066383,0.7600041443693334,0.6204115464239456,79.5196662296191,3.8170337660612397,14.73099862883756,60.55867658578901,11.002340051980669,32.97572933233232,62.4118094689079,CRITICAL_ABORT
548.3489179906585,94.90868155105547,25.624553140793665,1.1066359731055517,0.9033763045759605,91.87513230940493,0.5691448744437433,12.614831271356845,91.87513230940493,36.67401661158069,21.225717634910442,15.745597755298592,NOMINAL_FLIGHT
1195.6220188008049,87.76237587826385,13.832303611829994,1.0653583233786337,0.869680263982558,66.41782105294627,2.833913012547341,12.95819909851593,61.74786856573675,16.402083006583496,21.559389831076334,37.130317663968924,REPLACE_BATTERY
5264.820279926891,52.13537875580119,-23.792611768609497,0.7283711596460278,0.5945887017518594,69.30189138897858,0.271704816891305,10.09534553916499,34.70390799050074,14.224395441955664,21.56467892258817,83.08302415593715,REPLACE_BATTERY
4432.338904359398,58.24557092634364,-1.1940869496509192,0.7461168523836095,0.6090749815376404,72.10747075220218,0.43264140894072867,21.69798515323112,54.68539789700812,11.604597693637102,49.43895454985361,57.69179622720657,CRITICAL_ABORT
82.4733240680715,100.33815001908256,18.362319943837658,1.1990895677227331,0.9788486267124351,79.06831736153268,2.0355050056373387,8.157119347878329,77.5921472483755,39.62921276665916,12.065469049689556,20.334598693727663,NOMINAL_FLIGHT
1490.2575622188012,84.65712794759234,5.226631854965735,1.0594322852542637,0.8648426818402152,94.60107074140171,1.8594837206173747,13.312592768748441,78.66869926866212,23.413435311703964,22.25020652877503,25.543413967016626,NOMINAL_FLIGHT
1286.4388979589874,86.7955604707206,2.4765175383458775,1.0970311583019923,0.8955356394301978,77.11931177757756,3.8063212377594784,10.964979234679056,61.71336423334049,18.03960529554625,18.040789963347052,39.393338918999035,REDUCE_LOAD_PAYLOAD
1624.8379682218354,83.26866823341443,18.508457507546776,0.9946023773264454,0.811920308021588,87.9117417730412,3.7793418120829494,18.013661990341788,86.41692705082444,14.754463332878286,32.45293335603812,38.68984085024575,REDUCE_LOAD_PAYLOAD
1485.3586216793185,84.70802144039769,15.988256211109263,1.0206137834179896,0.8331541089126445,89.82600031812191,3.1184345701698604,12.322290844447245,85.71790887115071,23.41274791495229,21.810114657174488,31.312995993258678,REDUCE_LOAD_PAYLOAD
375.1577744570744,96.89859125779611,21.433192562467756,1.1459137943444864,0.935439832117948,85.51638239309194,2.408407320509399,12.402973726977695,85.51638239309194,27.0230606805326,19.31006519571419,23.730998201514282,REDUCE_LOAD_PAYLOAD
2753.643099580922,72.33294025408368,14.046441667537815,0.8774038042746385,0.7162480034895008,77.50346888595476,1.819841269572044,16.301748447920417,72.24326466397478,16.51315067222873,32.398116383123934,40.54215780045196,REDUCE_LOAD_PAYLOAD
4396.40084871699,58.52184468955556,-0.38998210154507706,0.7474458686429019,0.6101598927697157,85.19686695997405,1.4247141373136842,19.09571366879574,65.39321340636795,12.886081283633604,41.97234844006284,54.094852919582706,REDUCE_LOAD_PAYLOAD
3640.3903483046183,64.58426275383182,9.418962949629563,0.7962412950622868,0.6499928939283973,76.97929574764112,3.7883501879022217,10.062179977607782,67.69375885088488,18.72684197011734,21.97867607377827,49.53647804463389,REDUCE_LOAD_PAYLOAD
4037.2300115884786,61.3417278435672,-8.205672436160093,0.8065732747607249,0.6584271630699795,67.93558084932042,2.411635245698742,10.983694691913435,46.09125721108371,14.193362397639017,21.19149813095789,66.2537110135811,REPLACE_BATTERY
486.8950712174349,95.61094161312893,21.662428917316856,1.129806984507229,0.9222914159242684,99.7481392365105,2.316290110743978,12.201970658106799,99.7481392365105,33.60785392372035,19.6855432496849,18.93564282614369,REDUCE_LOAD_PAYLOAD
5708.944261060723,49.09463080370983,-20.191704571634773,0.6761258199898362,0.5519394448896622,69.45138587713788,0.9276044870756595,24.55371964000533,37.62977262792221,5.254011976866066,61.17133013515399,92.43498389568795,REPLACE_BATTERY
5030.951003058149,53.796823861076724,-8.848093179155299,0.7090857998716729,0.5788455509156513,67.53219343426201,0.18679127154045227,14.751592499029645,45.32299833412065,12.929530536716994,34.10518306835559,66.880081065195,REPLACE_BATTERY
4830.541910973976,55.25443691587975,-7.6416016901642285,0.7249888768492391,0.5918276545708073,95.74857622225045,3.7807543190381776,18.18283154072745,65.5768345500226,8.926549490783888,42.8981222697626,69.92360911858725,CRITICAL_ABORT
4937.902830250605,54.46965743869172,-3.9633002103135784,0.7049259442047524,0.5754497503712264,75.56421313125134,1.2549410353786157,12.106227816171625,54.92145879285998,16.120904741142674,29.74461084161303,60.082684405272964,REDUCE_LOAD_PAYLOAD
5596.263048796568,49.85215181447195,-11.147890411468202,0.6628596291430767,0.5411099013412871,87.76039409257277,1.7703560932978348,16.337811927677294,56.59791112321778,11.546307536953877,38.20978292727359,72.74772085248128,CRITICAL_ABORT
3265.523796682186,67.77339579673092,6.89113101296537,0.8431015202184344,0.688246138953824,76.51520053817815,0.45855977434282735,9.260025964561287,65.08068430934124,31.275197535415536,18.98221901764047,34.54418335813944,NOMINAL_FLIGHT
1201.6921072057553,87.69748441281979,20.706201968857062,1.0396681114268618,0.8487086623892749,78.70089947780649,3.347697319637168,8.590616480679557,78.70089947780649,29.88151731765085,12.686179260493748,32.17279064518175,REDUCE_LOAD_PAYLOAD
3700.701647115247,64.08271827916164,11.720082680666607,0.7836759745909564,0.6397354894620052,74.17395402058787,0.11052733142372251,15.968469955964824,67.17259606604892,19.995279706088173,34.83187809020432,40.62210183405104,NOMINAL_FLIGHT
4457.288962007634,58.05438924232421,-5.5488615294802415,0.7557698324755885,0.6169549652861946,77.00654020275536,3.335963048396386,14.777207887813006,54.57784467220349,10.62616266748381,33.266426635528745,68.08338320696403,CRITICAL_ABORT
4427.504360124152,58.28267487668634,-8.483891844138885,0.7671558356483154,0.6262496617537268,79.374514020529,0.5611400511518672,10.326965434761071,53.6003101935521,22.388276848360103,20.989527203175538,57.52715352584855,PREHEAT_BATTERY
3128.6941450012805,68.96873199639462,5.89390613407372,0.861037661173382,0.7028878866721485,90.214562418232,3.5462564505246084,19.689224291652472,75.70720644301849,11.04584791902522,41.4801584936047,46.78761526391837,CRITICAL_ABORT
410.75231600146833,96.48688855730052,18.31870981029274,1.1532376488897396,0.9414184888895832,82.90376679821772,2.9190905493446295,24.879359345287497,81.31477449441083,12.883676427631439,40.17767765419856,34.253941964513885,REDUCE_LOAD_PAYLOAD
2226.677630580767,77.28316873169598,17.936399243407692,0.9249227365323771,0.7550389685978588,98.02478260049419,0.6586810500292204,14.725995960344111,95.71874482334758,30.660148730269512,27.53062070147305,24.98593044869755,NOMINAL_FLIGHT
5524.599650780144,50.33882641060612,-12.3259879247971,0.6723539551802283,0.5488603715756966,66.46581378435714,2.2632719714378724,18.617496810595703,41.9720805149808,7.427885885852244,47.20254135890398,84.41274996069848,REPLACE_BATTERY
3506.693458544556,65.70741470597574,-0.6213893199095653,0.8399331586003019,0.6856597213063689,82.60739129212098,1.2506252574208778,24.370591020196258,63.187728679599935,9.782143258003945,48.991374491323675,52.60099140060509,CRITICAL_ABORT
3229.9916595342806,68.08217733944335,1.6484756072715863,0.8631008932211957,0.7045721577315882,85.44786760911013,0.7129323956463338,22.13609453159688,67.57154326432871,12.887441097248026,43.83461956592807,43.9118468246674,REDUCE_LOAD_PAYLOAD
1613.1210862931612,83.38881291687223,18.10680005645266,0.9974110297869354,0.8142130855403554,97.20689451259959,3.4367287976444336,15.880387796145659,95.1089287184778,18.84660052355035,26.79971404418792,32.80342559282094,REDUCE_LOAD_PAYLOAD
2210.6935194994735,77.43749699853608,9.841757207095995,0.9532788767631215,0.7781868381739767,66.72054832674996,1.6140910660289176,20.53732123581863,58.994044094111516,11.881014268699092,39.84409876932902,42.91875452181739,REPLACE_BATTERY
5372.076534919016,51.38744145266164,-13.12683157762551,0.6884737684518177,0.5620194028178104,85.07248547273255,1.59417485746153,10.17829568425891,52.94521183387723,18.623070965586273,24.95839894361565,70.39907422409122,PREHEAT_BATTERY
3998.778285161014,61.6500210068091,7.334700734571063,0.7657138462364936,0.6250725275399948,94.8770474984785,0.67954669922648,16.705765542884585,81.17828081860908,20.291500090206167,37.75070237600744,37.69099948680183,REDUCE_LOAD_PAYLOAD
4724.322160513997,56.03985997159628,-9.988943246649729,0.7418530192293828,0.6055943014117411,73.46747048417328,1.5322627043431147,12.74402471205892,48.35085593197071,13.848738447445019,29.3649075803305,68.22406313137272,PREHEAT_BATTERY
2726.0725384059306,72.58539620931211,7.458358870526416,0.9011375704040259,0.735622506452266,95.67023219833781,3.4864673853154007,10.739782694234739,81.99180860168126,22.163655592306576,21.465960178848007,36.93563084942329,REDUCE_LOAD_PAYLOAD
3781.4833167369475,63.41588940780395,3.6818891992609943,0.7980395592492813,0.6514608646932908,65.66651932460022,1.4525148419585436,15.246775406327092,53.45080898869049,13.599975922210492,32.929364078647026,50.252099779383045,REPLACE_BATTERY
1490.3016524592451,84.65667002093555,7.156363706929541,1.0521330734770635,0.8588841416139293,90.63591201968055,3.8064142499991522,10.227247425371445,77.36523256426533,23.697804855260472,17.889421660947953,32.38125899184376,REDUCE_LOAD_PAYLOAD
4232.764981700918,59.79324516457633,-0.11166987402633843,0.7629058659573074,0.622780298740659,97.65896274090287,3.78523559683355,19.882746838966256,75.26839580561527,10.43130991013543,44.518498003832235,57.768777540943184,CRITICAL_ABORT
2565.608002220024,74.0689254863197,3.0480096081675985,0.9342389045072845,0.7626440036794159,88.00191815740217,0.5795946372293841,15.756080748906705,70.9953107072372,20.859775976929452,29.45521857561048,33.13489213367914,NOMINAL_FLIGHT
2655.2730888884735,73.23695709691913,11.854638826394932,0.8952015214520211,0.7307767522057315,80.36602353931568,0.7092450140905795,17.029458753599286,72.9034662582341,19.46881352289226,33.4487946095908,35.23832883475485,REDUCE_LOAD_PAYLOAD
3895.93394746129,62.480762973675624,-5.136825718093265,0.812143234053328,0.6629740686149616,66.57083557654514,3.4506962813275566,10.48839095735867,47.49430937007691,12.620081712939424,22.513649167802605,65.82382539950551,REPLACE_BATTERY
5617.68372881356,49.7074234635275,-8.051099078043839,0.65321443606226,0.5332362743365388,97.20398346629202,1.5710436756988768,10.376118238589406,66.1198477569662,21.541257448281858,26.34214390427508,61.52683115888727,PREHEAT_BATTERY
384.0380796517255,96.79574467888756,28.03291781373735,1.119614147965293,0.9139707330328922,81.46036779420513,0.017495929132037347,17.91806239942211,81.46036779420513,23.517624657035544,28.27804698575917,19.54554057722834,REDUCE_LOAD_PAYLOAD
4948.459424082046,54.39298156147984,-2.857803628369279,0.7010545412005428,0.5722894213881982,66.01488605175818,1.095487278821484,24.745165713100587,48.81279560986719,7.347617500688953,58.092328558394065,69.14534426651396,REPLACE_BATTERY
1754.2986624731586,81.9504857108698,14.85364193511498,0.9912792173529296,0.8092075243697383,89.14373749650667,2.39051597278224,9.636259915041336,83.91380974315648,31.839592231458386,18.3306062593651,28.779291587607624,REDUCE_LOAD_PAYLOAD
2663.5167270382667,73.16084894754968,6.530636559602767,0.9112945766840004,0.7439139401502043,81.86430387516904,3.197063863839872,12.857434285618282,69.29397917190565,17.54707618917794,24.67896971064292,41.58812461218455,REDUCE_LOAD_PAYLOAD
131.47997265005372,99.75544795202659,21.26328229610043,1.1803795394647723,0.9635751342569568,69.35208611048438,0.5335544683730382,22.780804981144087,69.35208611048438,15.214883830707043,36.37254040867622,27.16304861354113,REPLACE_BATTERY
1806.2764670058782,81.42601994054796,20.614376418547312,0.965620609528755,0.7882617220642897,72.49951332585908,0.4421654576669414,9.228624208339028,72.49951332585908,36.45082602585793,16.206468308590154,27.357078051404724,NOMINAL_FLIGHT
3015.7874557807827,69.96788263648773,1.899905436586697,0.8861957855521286,0.7234251310629621,67.25717381595462,3.6883706142893264,22.890057263238173,53.379256065996195,7.754341334825042,44.19719362004364,60.33762029409429,REPLACE_BATTERY
337.05646408463406,97.34086347414829,17.6238026155999,1.1662250541181258,0.9520204523413272,85.10027388980008,3.0045934712903306,16.91286171737077,82.79502233999318,17.360615509738263,26.239944343001017,28.596009393491542,REDUCE_LOAD_PAYLOAD
2946.574376298991,70.58614543392757,9.174111229220706,0.8709915581901235,0.7110135168898967,86.77103177382033,2.359118403112314,14.94053515674924,76.06217343481619,17.876286677321325,29.85194564550577,39.629504513294386,REDUCE_LOAD_PAYLOAD
5562.663773150564,50.07985179049501,-15.137998541411145,0.6761850678351937,0.5519878104777092,82.70098044244055,3.076747159983712,13.264569593974748,49.57318543861943,10.678437610288855,32.11471669638296,82.16567071120791,CRITICAL_ABORT
632.3593086468313,93.9554212662517,16.13934700646496,1.1314408424842026,0.9236251775381246,93.59857465509153,1.7154174452265538,13.050991688173312,89.4791662163577,28.836727062824885,22.31351569594478,20.192671936994714,NOMINAL_FLIGHT
4586.644368453026,57.07132214165388,-12.031209705793492,0.7614164537976262,0.6215644520796948,95.13530874578048,3.0338229892365063,13.19864390164114,60.39609986235933,14.279694598279224,29.68506859932979,68.19154161919326,PREHEAT_BATTERY
2458.026320255956,75.07721759571426,6.608279721033699,0.9349054017545602,0.763188083064947,86.54685388390944,1.487211965098143,23.041652376323327,73.33412553999757,13.346804879622683,45.24141540177606,38.44912430370347,REDUCE_LOAD_PAYLOAD
3931.0422871460282,62.19615696046582,-0.9653499859316521,0.7960537093811894,0.6498397627601545,65.44647678976007,0.9763782899704094,20.304518912971353,49.804442269584484,10.853781491739353,44.180545569595296,58.02736305022564,REPLACE_BATTERY
1561.419587911376,83.92063657481,16.06623131687955,1.010854283233491,0.8251871699865232,89.33303795117075,2.9160536851718746,19.38529113312956,85.32690117068303,14.673962827703756,32.65766743543229,35.40809364584553,REDUCE_LOAD_PAYLOAD
956.9535752481497,90.34482374287859,23.536332982384444,1.060835837966338,0.8659884391561943,79.62997259221231,1.6786891686290732,21.578735532184012,79.62997259221231,15.57029295555875,37.88796942727764,31.954064483342663,REDUCE_LOAD_PAYLOAD
962.7756856273586,90.28110348018205,21.376447661751136,1.067861694632975,0.871723832353449,84.79451191292355,3.9255084173047794,12.370949271070465,84.79451191292355,20.160606583504535,19.917096212895565,33.081338457504884,REDUCE_LOAD_PAYLOAD
422.9516738588679,96.3461115897407,21.29645302215146,1.1399093435823748,0.9305382396590814,87.71782107066096,1.397940729232404,18.506727805389847,87.71782107066096,21.515218624759235,30.178378679935157,23.11229514063415,REDUCE_LOAD_PAYLOAD
1113.880229407458,88.64001931383805,16.76880012695292,1.0651135562318743,0.8694804540668362,77.25828150144768,3.6869096821242637,15.821126062285167,74.41242027852351,13.566514117457436,26.45229150504403,37.77582309137391,REDUCE_LOAD_PAYLOAD
3985.3163099338094,61.75825068153031,1.6462313300061573,0.7829367206478495,0.6391320168553872,97.0984476810128,3.731850194268318,21.301507798403286,76.78225178575077,9.621050163677232,48.34029314445137,55.06308709780018,CRITICAL_ABORT
5290.143671061049,51.957999631523826,-3.0230830472539694,0.6700805458405836,0.5470045272168029,69.68912033624234,0.9674117882589846,13.257353878045853,51.398294519340574,13.668119945024666,34.01833615816185,62.67788548634143,REPLACE_BATTERY
4884.754113546971,54.85702413362765,-6.1193307406393105,0.7156712136662116,0.5842213989111931,88.50291325483632,3.1928847263520534,18.93403648678823,62.150253018766065,9.411477365960199,43.93859187121376,69.19531586115826,CRITICAL_ABORT
4110.805859246904,60.75530083508231,-4.065892356156919,0.7865721688216681,0.6420997296503413,65.15258529848032,1.7322980205782605,22.99761100089433,47.277897106968744,6.220850832506116,50.05056516623875,67.3500509962322,REPLACE_BATTERY
662.591180466616,93.61428536564289,15.72882732153927,1.1289348054092185,0.9215794329871171,97.36278868918133,3.6700989089213922,14.836558095313787,92.6220612635744,18.62420569959097,24.42818692065192,27.452944943818622,REDUCE_LOAD_PAYLOAD
1735.124677775699,82.14464401435363,6.495663272396829,1.0233250655612873,0.8353674004581937,68.9376446633332,1.8004970905409552,9.132575485246845,58.32473296248002,26.46949461027109,16.826240734360226,33.22479436886831,REPLACE_BATTERY
1858.841251934814,80.89839882836799,16.248880222641326,0.973835334586327,0.794967620070471,68.32094805516512,2.9772148693494644,16.772863979810477,65.3993553773482,12.679059806303991,30.856557320974645,43.15918296492539,REPLACE_BATTERY
1499.7416783857273,84.55867092817185,18.141571708690556,1.0112829336535103,0.825537088696743,76.65526715682854,1.8678696366551915,13.881532292719442,75.03124234118022,21.074922430210833,23.939452772778388,32.25258013211538,NOMINAL_FLIGHT
3090.0339582583388,69.30954000139171,7.801596896854104,0.8594170400327452,0.7015649306389756,78.07482001136782,0.9112030228514247,19.427831469301974,67.21759536693963,15.36013427356594,38.89543819613167,40.7727213031356,REDUCE_LOAD_PAYLOAD
3213.3228892780353,68.22742437983821,3.470103987932489,0.8592463288873537,0.7014255746019213,72.50050253130075,0.7974005157787452,24.167559720726302,58.83844877991932,10.610485372789213,49.102911455448435,47.69587061592036,CRITICAL_ABORT
2141.315851026661,78.11024072355801,18.116120697785455,0.9342442927517121,0.7626484022462955,85.47925813244936,1.7017247770253823,16.2553414059464,83.64348643357548,20.88588411625689,31.87828582191061,33.70794154204461,REDUCE_LOAD_PAYLOAD
2122.734952418616,78.29121770304005,8.781630336354905,0.9674124984846956,0.7897244885589351,80.50199343146872,3.0219786280568597,15.925233912644075,70.2066406523589,14.455647594492,29.77271107388917,40.09448305756088,REDUCE_LOAD_PAYLOAD
4971.333587436488,54.22713912407784,-2.537322132301144,0.698089334338946,0.5698688443583233,66.19614561643806,2.4202859407230672,19.127941603254826,49.18866963895014,9.665592952350003,45.273558852944895,70.4284187593853,REPLACE_BATTERY
4735.757089918114,55.95487475910806,-5.97613555941545,0.7296026531651311,0.5955940025837804,76.18782217893552,2.754517159602173,9.75945756109065,53.6264789343135,16.320464621647865,23.121218001766994,65.31598848502264,PREHEAT_BATTERY
1846.774990084474,81.01926889944357,9.954208741054233,0.9969754011103671,0.8138574702941772,93.36515197506097,1.1293054029277698,12.309605211725248,82.67278614040717,30.533055652224363,21.897769021439323,24.715709305569042,NOMINAL_FLIGHT
5482.730663239556,50.62493929805051,-7.675097774468307,0.6643294338352179,0.5423097419063003,89.1395537201654,1.925741383830422,23.622648533506776,61.016370861695655,8.464979743745175,59.6810998314115,72.3889883723363,CRITICAL_ABORT
5716.890102015036,49.04156723151059,-10.111605069677768,0.6495126944292697,0.5302144444320569,90.37047987529581,0.177581059877308,19.389024427184026,59.34879759572708,11.413940916284794,51.30336099333055,67.15212735319783,CRITICAL_ABORT
1960.455252180245,79.88629257357042,14.041904657163037,0.9690418235119,0.7910545498056326,89.43409234292332,3.2701296638324826,8.228548747718076,83.35952426342018,32.393875289784745,14.899153441979884,32.33417213903092,REDUCE_LOAD_PAYLOAD
2126.549692758329,78.25403466181854,11.583819107351854,0.957436839404528,0.7815810933914513,75.88405574840617,3.9595686489594986,11.478633033503337,68.60340083187741,16.79542971572989,22.0308695274928,42.58101594951488,REDUCE_LOAD_PAYLOAD
3033.804920531753,69.80765871429934,5.090802607959451,0.8740267080600994,0.7134911902531423,68.48823727268716,1.6275162504986835,19.608233522491282,56.847644279429176,10.615012079398952,38.70607970993533,46.59443837719289,REPLACE_BATTERY
5646.724875202041,49.51175109401037,0.23814827553892215,0.6309152889473747,0.5150328889366323,74.53635144115836,0.0438546125261734,20.99478644356376,57.744421333165945,10.614963659701777,54.52807940283864,60.32705416673785,CRITICAL_ABORT
5257.916598853869,52.18382094112418,-3.255174666569282,0.673571597786335,0.5498543655398653,94.11248550648057,0.6791705582037895,22.27761273545871,69.16241941463737,12.056483585364404,55.02355477684074,58.55147706713528,REDUCE_LOAD_PAYLOAD
615.4077755015388,94.14714206086407,24.613983934167557,1.1014820480042804,0.8991690187790043,99.31647792240749,2.6101075110016754,12.967005657494763,99.31647792240749,28.838066295093203,21.44526754576245,21.397217978336165,REDUCE_LOAD_PAYLOAD
2356.384459628497,76.04002250500179,10.24249680343171,0.9347518599775416,0.7630627428388095,82.28464551595465,2.4483172728154368,23.827486136718562,73.1316688311399,9.438851093015204,47.23113080158749,43.42363153900446,CRITICAL_ABORT
3320.227138498631,67.30023018105878,8.454309602742242,0.8325679749104893,0.6796473264575422,65.33951242230648,3.1514588783421758,17.40009719082417,56.73946891735918,10.48020845923829,36.01375829201512,53.757191401712404,REPLACE_BATTERY
3018.79483530924,69.94111822700447,7.9678074524472,0.8667356567843209,0.7075393116606701,69.90156842469801,1.0155360438442727,19.84116338059418,60.31338033515231,12.413497682665357,40.50616560340855,43.85704578343213,REPLACE_BATTERY
1163.178407621356,88.10986955364974,17.570364114331365,1.0558240569306687,0.8618971893311581,76.2728201360693,3.054527662188536,18.144560667258435,74.16022707376662,13.161793178551267,29.722016378906144,37.430935463729064,REDUCE_LOAD_PAYLOAD
5152.9006270089285,52.925209072401884,-10.011675701887608,0.700681944260434,0.5719852606207624,85.25048720075324,2.751936086094679,10.086580929468548,56.083473482368284,17.148605213594266,24.473942477698746,69.60663619342309,PREHEAT_BATTERY
4061.644697981024,61.146627822378875,-1.8052772251901006,0.7850432436251817,0.6408516274491279,67.62827760318599,1.2912579908553732,24.372949209542956,50.81722951123072,8.039137461506176,54.148185557986835,62.655349905435756,REPLACE_BATTERY
5027.4502491108215,53.822015448731214,-23.530555298610615,0.7511453665296807,0.6131798910446372,98.01750545484586,2.181952592227848,10.088884858200595,49.37648202249787,17.145398008493483,22.405733391123757,78.49298570472459,CRITICAL_ABORT
5152.585676096834,52.92744530828792,-7.438802698141211,0.6939265825317168,0.5664706796177279,77.77792856495402,0.5890952339933069,12.332993258990122,53.44880967268562,17.52378741034909,27.723401406442125,62.369941100136046,PREHEAT_BATTERY
4490.135121994438,57.80347819186099,-6.628258693515647,0.7555509894105332,0.6167763178861495,96.9404476273688,1.8102580137423305,21.831673963790664,67.51299701029949,10.95840614390069,49.136373595591685,61.10468057074873,CRITICAL_ABORT
2635.263607498304,73.42195831584833,15.834136542675447,0.8851042158505034,0.7225340537555129,92.31826309649577,3.524789358222564,18.516148345518722,87.9339909195738,13.724933755912222,36.75512382761934,42.38862806061243,REDUCE_LOAD_PAYLOAD
3663.2805300925475,64.39353676500097,1.2853969084572126,0.8174187615808802,0.6672806216986776,91.44030453804534,1.6847655193015632,22.24853581139807,71.93183786965312,12.365153559349078,47.627789707655396,48.48954573129504,REDUCE_LOAD_PAYLOAD
962.1924367184589,90.28748522478284,12.800932063655209,1.0999640442332748,0.897929832027163,86.23518529237812,3.358266825901688,16.767515202358766,79.15791757775466,15.350816229237983,29.57059287833934,33.084484080405254,REDUCE_LOAD_PAYLOAD
4041.872504849446,61.30459049219618,-1.5215720521619904,0.7862492141506596,0.6418360931842119,86.93743359681456,2.3610134610387776,14.408885001232793,65.60768884731817,14.673950593361464,31.128715699801266,53.474505794966156,REDUCE_LOAD_PAYLOAD
1075.5195344356846,89.05433240686625,12.77851760085553,1.0850257085152633,0.8857352722573577,87.33011323256869,0.7675068524094271,23.671373492312345,80.14067045045181,16.508510479901464,39.22405138768815,27.78929911139854,REDUCE_LOAD_PAYLOAD
4163.697543060941,60.336545696737765,0.30300304866621497,0.7686704655450783,0.6274860943225129,87.00524854589537,2.3244249787915856,8.616289397751512,67.46858843080801,25.90422627338995,18.205870361273007,48.35916232751201,REDUCE_LOAD_PAYLOAD
1377.588964523812,85.8338879844179,17.50040855229265,1.0287984377063235,0.8398354593521008,84.38048809894264,2.023933316628254,22.55421374600178,81.97603718992006,14.386131880044408,39.83774049702582,34.625042976715996,REDUCE_LOAD_PAYLOAD
705.3078009013199,93.13398217686706,25.204697449682758,1.087471143283526,0.8877315455375722,99.52449064690111,1.594565340785536,11.923902348192287,99.52449064690111,36.53286206712715,20.45057898817862,17.41468521570344,NOMINAL_FLIGHT
991.7069408577446,89.96500396552987,14.599495925951834,1.0891845711679973,0.8891302621779569,90.63016985989937,0.4785217580642813,22.42851757181745,85.05045580211464,18.672530328410893,37.26159518145263,24.315964839870258,REDUCE_LOAD_PAYLOAD
11.952811314421607,101.18149145608955,25.092347207596994,1.1818822681413748,0.9648018515439793,92.19312359373825,1.6668346553889193,10.366342428087055,92.19312359373825,39.315833013425916,16.94468707846117,15.272566889419753,NOMINAL_FLIGHT
4312.437707121181,59.17144847109583,-9.855954073420854,0.7829131925002758,0.6391128102043068,95.5361985279286,0.29104950495850845,17.86372238273919,63.0197008740994,14.995053244056246,39.47452354931278,56.3550311014415,PREHEAT_BATTERY
4394.406294350275,58.537208847310694,-0.0561670036532127,0.7467282237669988,0.6095740602179581,72.54739169540473,0.395076205595005,23.097834623195023,55.96013401524844,10.45928436572338,52.54452463725622,56.65008657293375,CRITICAL_ABORT
3089.600099479557,69.31337239634642,7.51195525558349,0.8603515233984903,0.7023277742028492,67.93314556832712,1.663666131730864,16.05017399728114,58.26193092738411,14.123226044339711,31.85718460018479,45.11491869040901,REPLACE_BATTERY
968.1768063323021,90.22202329557375,21.185875863977888,1.0678538324518085,0.8717174142463743,81.90130528095095,1.2215259278738548,20.69163345465768,81.90130528095095,18.256282188026805,34.94792479616211,28.97794349092716,REDUCE_LOAD_PAYLOAD
501.3260250641385,95.44565599778403,21.749475993867804,1.1275209372185366,0.9204252548722748,82.99282434667455,3.702177303448894,21.679417503544492,82.99282434667455,11.675989674497895,33.500643892234706,35.76772868159809,CRITICAL_ABORT
114.77379862372206,99.95378012583856,26.32783476288976,1.1627249387040164,0.9491632152685847,94.02136229824711,1.5028232215210822,20.520401548185248,94.02136229824711,20.2715187738261,32.92304334356148,20.709865030533763,REDUCE_LOAD_PAYLOAD
994.4890617913243,89.93465413302776,26.557516639899376,1.0453744527700124,0.8533669002204182,80.53242527488175,3.0314324882884005,23.73060552686817,80.53242527488175,12.059415913452339,41.23951919918531,38.221072494776514,REDUCE_LOAD_PAYLOAD
5345.1332098988805,51.57450470796963,-11.16883714955279,0.6858157415116249,0.5598495849074488,84.97985589405094,2.120990105464971,15.596181918838788,54.78441039541377,11.56049426722261,38.104353349138115,73.15102078775256,CRITICAL_ABORT
1449.2210502100907,85.08420880310226,16.273289092184832,1.0241367223017963,0.8360299773892215,83.44748284797105,2.816342674569342,10.943132465807647,79.90225789999556,25.027776152012894,19.725612232934207,31.374334971888615,REDUCE_LOAD_PAYLOAD
2125.627963303294,78.26301763376553,5.75278674262154,0.9775662162573376,0.7980132377610919,66.33709743150868,1.0404639320615967,8.812788082942156,55.562743408111636,28.526724546864255,16.459555444828165,33.370924946570796,REPLACE_BATTERY
632.0729068879991,93.95865782484374,16.550221297236344,1.1298750697403481,0.9223469957064065,86.53252138089199,3.7676198913533163,12.189817783837587,83.12941561823084,20.159439600246827,19.808032573561846,29.84317473641195,REDUCE_LOAD_PAYLOAD
1334.1678284890218,86.29091767094012,16.816975580287895,1.0367140816224216,0.846297209487691,93.98151500209883,2.120353987657696,10.434357565964117,90.57125678941212,34.4278376939264,18.283722329127,24.1010574087462,NOMINAL_FLIGHT
3115.3474246812307,69.08623598514902,10.269909473081537,0.8491875641271995,0.69321433806302,70.51251918265314,3.3252962851409986,17.48512860438617,62.69105676047064,9.846295887190024,34.74116675070655,51.454416495289024,REPLACE_BATTERY
3646.5160985739153,64.53317689884207,0.016241238011689862,0.8229974080792911,0.6718346188402377,85.80161068743085,1.460182773904454,11.144070732599445,66.25472962863958,24.080398218173816,22.9712845725638,44.38341852383438,NOMINAL_FLIGHT
1472.1138849972663,84.84574072840083,14.25167710095715,1.028450032532708,0.8395510469654758,85.7763690556245,0.40084539620209814,8.66187302391931,80.15536801821766,44.042975555079835,15.283205149316766,20.265895876458263,NOMINAL_FLIGHT
346.39295535070323,97.2323365050554,20.714019567698557,1.1526746871134965,0.9409589282559154,70.74647374197255,2.694846590883395,8.611827090767354,70.74647374197255,31.62166734271522,13.244757380281188,27.532130733461855,REPLACE_BATTERY
2346.197214764392,76.13707003055977,7.0759347498098375,0.9465210617136125,0.7726702544600917,69.32122508057576,0.03103859334969794,22.136681472202646,59.10782786830069,12.982904283798621,42.318329711497576,37.82212524964039,REPLACE_BATTERY
1405.2202255580048,85.54407675745111,17.340925812417076,1.0258876971107125,0.8374593445801733,99.30181800417697,1.9011719062620331,18.05464883453142,96.29163773237838,21.19915714488853,31.30843417279748,26.403665630161235,REDUCE_LOAD_PAYLOAD
1317.3235393788116,86.4687420172884,8.951108768144504,1.067816915734996,0.871687278151017,78.78017093785631,0.771207610665837,14.087450132187428,68.85722858277563,23.23947792049307,24.229700237049524,26.455826104102705,NOMINAL_FLIGHT
5759.176816280731,48.75995056417808,-6.029951422491111,0.6359152212993567,0.5191144663668218,72.95976050532353,2.5095020177414487,23.201876726584196,51.309575657371745,6.934821699398582,60.07291817180047,79.62698222757798,CRITICAL_ABORT
3697.8029155543445,64.10675154806283,-2.3628304417505444,0.8247420476663002,0.6732588144214695,70.99635905590313,3.9176794925514087,9.19334239393113,52.89681230504677,14.52881243486329,19.899773925639565,60.76449140136137,REPLACE_BATTERY
3341.270659032575,67.11892476867568,6.891258143478969,0.8349595169806238,0.6815996056984683,88.36605997541322,1.8576116252825838,24.66547523637304,75.16066626772398,10.732805618480306,52.001747291488854,45.32795325626224,CRITICAL_ABORT
2494.6506211399314,74.73272227309866,2.434777975621067,0.944708941311377,0.7711909724990832,86.33058540645476,3.2699930261026666,18.47696043432584,69.04344414464232,12.097191091633482,35.35628109733059,45.76334026879232,REDUCE_LOAD_PAYLOAD
2573.666000580866,73.99384686562634,11.615371648955465,0.9052132006637026,0.7389495515622061,87.52432430455961,2.031136747804484,11.118892317470424,79.15833249150131,25.512961767675076,19.98530540280587,33.667636358208256,NOMINAL_FLIGHT
3245.430023028485,67.94787515939261,7.2644278893873375,0.8441467908686824,0.6890994211172917,68.08021096290084,1.9833601244160963,19.544174682608464,58.195949992230126,10.478192155481272,41.234743159969135,49.26770657344297,REPLACE_BATTERY
4178.578842216643,60.21914943431774,-0.2397521143786978,0.7687006033042458,0.6275106965748946,96.27371042244529,3.7216939727151113,20.977481416320565,74.06017163391311,11.123215409662405,47.81776425230264,58.509788383136346,CRITICAL_ABORT
4212.876577090977,59.94928418934353,-7.355840360090308,0.7857438976311176,0.6414235899029531,78.6243238883167,3.559863474986726,15.298827317303166,54.10481112743608,9.109901729084166,33.00562390742274,69.41239285914368,CRITICAL_ABORT
1030.1634462326974,89.54622060875424,19.551678547477856,1.0657724669714819,0.8700183403848831,75.96792922506253,3.1432018607518977,22.647754306174306,75.57966742798435,11.967732988827136,38.923451426252875,39.79617110244305,CRITICAL_ABORT
3000.676512459762,70.10248921486695,-0.4196782546603952,0.8954523143026778,0.7309814810634104,81.18265065367088,1.1850230132671364,10.562450924039995,62.28460154289449,24.143561388985788,20.05229161744722,41.37493935366537,NOMINAL_FLIGHT
2471.748570204612,74.94799312592086,7.669818018189098,0.9297682324969239,0.758994475507693,78.65231230116699,2.180033662895762,12.740238920819342,67.59662280798179,19.90033569261212,22.745317058835305,37.70949360913583,NOMINAL_FLIGHT
5223.161797616305,52.428244542507066,-3.803486179729359,0.678104156528067,0.5535544134922995,95.2251951098701,0.89558893322274,9.589370146927827,69.3849106902081,27.885376714401648,22.956986149527296,51.81588953439111,REDUCE_LOAD_PAYLOAD
3788.5135273102583,63.35812391009954,4.358171707837032,0.7953695886941314,0.6492812968931685,97.52413413192622,1.775666792186159,11.584923290324987,80.13393846298477,25.88327455300985,24.608116771204962,37.346113691957655,NOMINAL_FLIGHT
3195.0243984958906,68.38716115958115,4.308256122478878,0.8586563232095731,0.7009439373139371,75.62086257573621,1.9368522630391625,12.058389802489465,62.09335801210952,18.874050312046172,24.23124501773297,42.498662943967574,NOMINAL_FLIGHT
692.3678530735042,93.27926702027169,15.625576075408013,1.1252968798345722,0.9186096978241405,95.23775326109842,3.3265601606773236,23.59976424566907,90.48839576825542,14.063961286154626,37.87795441221109,32.34005798481907,REDUCE_LOAD_PAYLOAD
3633.827335940469,64.63903149839759,4.60806087725792,0.8107194978055026,0.6618118349432673,92.35330953365735,3.5841134612999723,9.327864708769656,76.14824922702311,22.233606314636777,19.268998428751573,43.38113904196651,REDUCE_LOAD_PAYLOAD
703.2234340814006,93.15737227109835,20.52595386696102,1.1050738205039419,0.9021010779624015,97.57826853206666,1.6584802495859114,15.266057043191061,97.57826853206666,27.58009597720193,25.354985027311642,20.328677874446644,NOMINAL_FLIGHT
2023.2394533945123,79.26608491707869,0.2473655617835533,1.0100329260585323,0.8245166743334957,73.60126092650607,0.07081778029294883,17.05077768285752,57.02772659199321,16.881095267824413,29.8260207629973,37.240983432197005,REDUCE_LOAD_PAYLOAD
857.0517888859912,91.44388805472923,23.34231250382365,1.0744437766542925,0.8770969605341162,85.19357025423426,3.4470953591574185,23.277781914636734,85.19357025423426,11.107345424387034,39.98923221255992,37.074995925141984,CRITICAL_ABORT
4152.441882146213,60.42546289605011,-2.1120364032988483,0.7766624513579505,0.6340101643738372,74.60906046591556,0.6971147140054428,24.96083571724063,55.80181629007951,9.07644240457499,55.53404419611012,59.23453177460587,CRITICAL_ABORT
1237.5126830169156,87.31533999035658,22.96842380030541,1.0272297038858385,0.8385548603149701,93.8433071669531,2.487527855561574,20.80759795363721,93.8433071669531,16.74223270430335,38.55550983748359,31.186454706369986,REDUCE_LOAD_PAYLOAD
2351.156239128156,76.08981597966908,4.2411318514529635,0.9556005915843683,0.7800821155790761,65.18634666998724,0.09988360173652477,24.5034468396735,53.475547988248245,10.356602760680213,46.631086466229036,41.88713011565789,REPLACE_BATTERY
5374.048665712672,51.37377086799137,-25.814835393112368,0.7235991151146026,0.590693155195594,84.76867070102386,1.598025901042257,21.380719253109852,40.49491598189581,8.239337557287293,50.03977978497994,92.47841362380814,CRITICAL_ABORT
1225.8983003938217,87.43909761577785,18.427080339166086,1.0447075489224928,0.8528224889163206,76.87212009451713,3.943841208461399,24.37444489651408,75.4937042671573,8.474785714510993,41.86215951351765,44.659902855521665,CRITICAL_ABORT
3046.8303837526746,69.69201230118831,6.653420889017481,0.8677056663331817,0.7083311561903524,76.29392974772371,0.4027744044152124,20.02360234105574,64.68573190037431,15.24732500427428,40.60367955122271,39.59486724804446,REDUCE_LOAD_PAYLOAD
2515.6299669961318,74.53596379070358,0.19504707649288555,0.9499420472819423,0.775462895740361,87.57172133527209,1.6947726079985692,9.355978232668209,67.80008780465086,29.434243236993613,17.80540590854628,36.759333401269636,NOMINAL_FLIGHT
108.7442462743784,100.0254400649812,19.40066466988351,1.1911098891825798,0.9723346034143507,94.80195572598979,1.2285998007598087,14.8326431788755,94.15422868567953,29.807304000700114,22.798400735544405,15.960492092678699,NOMINAL_FLIGHT
4756.548681436877,55.80061755922495,7.858522289259808,0.6917703806898203,0.5647105148488328,86.32183869876641,3.620352493553057,18.992153824641996,74.37378734093893,9.502870269254254,46.52616761845375,57.505504576089365,CRITICAL_ABORT
414.27543788759834,96.44621568298702,20.779156582961594,1.1431019667650477,0.933144462665345,94.86105425263528,3.4773604316294207,13.962214660722267,94.86105425263528,21.90582854995619,21.459582218184675,25.63266814763233,REDUCE_LOAD_PAYLOAD
2845.5301258617214,71.4966846047373,10.15884906377989,0.8791605913660107,0.7176821154008249,74.26089891583605,0.9507950412249153,12.647526607934235,65.9296339660886,21.801339639813058,25.036460236651667,36.76160848300473,NOMINAL_FLIGHT
3364.0697696336997,66.92294023608243,-0.11975263946096693,0.8538993825731122,0.6970607204678466,83.18256491677434,0.3247511482017247,17.815787541262544,64.10338093430234,15.150852348815533,36.826133670279496,43.56083509985938,REDUCE_LOAD_PAYLOAD
3770.5587396875226,63.50573856834532,-9.96014630223468,0.8405939836981254,0.6861991703658167,80.76877886734766,2.50855357624447,23.869531903941393,53.18255234803589,6.887623263167553,49.12993622643957,70.40682399390208,CRITICAL_ABORT
4131.789775847254,60.58888584706889,-2.7079247769866766,0.7804788800240152,0.6371256163461348,65.40757148260836,1.345474847534839,8.59469184977461,48.47549105358243,20.68767661436751,18.694596448475195,55.661312527367144,REPLACE_BATTERY
1519.6343011362906,84.35246173836045,13.794354241183585,1.0241003772185422,0.8360003079335038,84.4884250099259,2.6883375624242523,21.07693046020444,78.51134531574195,14.119048620449297,37.106109842013495,37.02100880503457,REDUCE_LOAD_PAYLOAD
59.87265995069624,100.60780490863958,22.611436516978618,1.1850388145639446,0.9673786241338322,88.15335134511612,0.1284790242712579,20.28636372675866,88.15335134511612,23.584233607827866,31.20418924335265,17.1491987893275,REDUCE_LOAD_PAYLOAD
4340.661974129472,58.952435594709875,-3.78750700937353,0.7624424679100142,0.6224020146204198,85.71700415466745,0.5335969407099577,24.38720823160088,62.47247441113861,11.185576406734572,55.464252737149344,57.497898606159424,CRITICAL_ABORT
3213.9395960854717,68.22204610173587,5.430733983672618,0.8531317620881149,0.696434091500502,90.76979645741974,2.7454889310905735,23.82209077965324,75.6938743138889,10.718855789670283,47.867443893008556,46.56739017644994,CRITICAL_ABORT
5016.706219243492,53.89938963643506,-8.359175181351729,0.7091259258123913,0.5788783067856255,84.9968834958577,0.8494826212099911,20.957953554751278,57.51785029407882,10.799984247549697,49.91038478270977,66.30655256871383,CRITICAL_ABORT
4928.330177404166,54.53926228523821,-13.354176992863895,0.731340364408489,0.5970125423742767,67.3362589197765,3.4303507030496063,16.846948999604177,41.73248024203459,7.6024589389884145,39.27360655789527,85.17789900723771,REPLACE_BATTERY
5059.957006727299,53.588462373638016,-5.458796585917748,0.6973963091394881,0.5693031095016229,69.0755933429649,0.23436355084054172,11.472548404969839,49.02776447130555,17.404323914630442,26.788240489983547,60.652906464273435,REPLACE_BATTERY
2910.567959877241,70.90952640677668,-3.6655505158141803,0.9166706454960036,0.7483025677518397,85.87661021403834,0.8619279311422985,17.269007211534763,62.708193482560155,15.930939526035115,33.37787120983585,45.913794212051975,REDUCE_LOAD_PAYLOAD
2001.770375021194,79.47772486148182,1.7367052759412367,1.0072427249544202,0.8222389591464655,74.6242717190774,3.9942409939402745,21.010983896634116,59.087381944176606,8.388577283225056,36.868098560813216,52.05944648674023,CRITICAL_ABORT
4749.34921554822,55.85399288937586,-2.17486742755559,0.7180707504764253,0.5861802044705512,67.78757951621681,1.7323044103471705,23.226376614844185,50.65132080153712,6.841661516645059,55.594198497500244,68.02069268079718,REPLACE_BATTERY
2707.7646781755298,72.75343002173997,9.93463095253584,0.8953227717765686,0.7308757320625049,80.03609602069913,2.811862654178574,21.425104156579334,70.85233760403973,12.767580400517405,41.21393731105414,46.18220779589648,REDUCE_LOAD_PAYLOAD
1100.653178420607,88.78270083999057,17.558777514895876,1.0639290235552044,0.8685134886164932,84.40129093292794,0.7306521954280547,11.319537898247917,82.05240838007896,34.42733082366652,18.863358442012935,21.411693519399385,NOMINAL_FLIGHT
5129.844117368846,53.08911880986305,-15.32122928667286,0.7173260251556157,0.5855722654331557,76.50610959223623,2.439474939942151,18.194667341877008,45.70000543061508,8.029464239802678,41.73470929675224,82.59725890128563,CRITICAL_ABORT
5295.3592606340835,51.921527500575884,-12.959389897491924,0.6951816340591658,0.56749521147687,90.21517957790223,2.904424273477674,13.64694881203307,56.31799460436647,12.724120908777206,31.765494431323166,74.94531102451779,PREHEAT_BATTERY
2797.858536841021,71.92955656487618,5.500185772100847,0.8992708062948973,0.7340986173835896,87.53197128354356,1.2579065434660421,8.156496345640932,73.06312180575325,37.48649068756302,17.25351596237284,30.295698861047928,NOMINAL_FLIGHT
454.1983638587248,95.98629247689274,14.068240792047721,1.164232310982772,0.9503937232512423,76.64864263820851,3.315588447903511,11.403755908407323,71.46550391230141,21.423972857610995,18.606795838287177,30.09817575715214,REDUCE_LOAD_PAYLOAD
2326.9565395015875,76.32063753060363,6.179639203123517,0.9518475971297441,0.7770184466365258,91.42053851179962,2.413670313889133,9.924751048868638,77.01703948995257,28.062321626676404,18.69310236285388,31.582838974368155,REDUCE_LOAD_PAYLOAD
4821.22595677562,55.3229633922211,-3.076317028158128,0.7136177060429373,0.5825450661574998,87.70432648865624,1.5564920384601209,22.326225100170966,64.6319480808124,9.445006842968276,52.10591844903944,61.351464448279216,CRITICAL_ABORT
5410.644171277372,51.12062885999807,-3.0326602918568364,0.6593047013305664,0.5382079194535235,87.31058825512658,2.2305695733726343,12.394606286512804,64.3852438966739,15.98093468783185,31.8550127714364,61.443977132106966,REDUCE_LOAD_PAYLOAD
1220.836454985575,87.49307878002766,14.967389279301008,1.057905017825096,0.8635959329184456,84.36996952754738,2.307043389743697,12.839865471088444,79.52951569764443,24.108314361756367,21.43101460658562,28.947388646966203,REDUCE_LOAD_PAYLOAD
401.84167215162915,96.5898199645907,26.1704709025949,1.1241839629588193,0.9177011942520973,65.39863838309935,0.6621411707754641,24.31892172058103,65.39863838309935,13.45981821614635,40.48916761801696,31.528935409556336,REPLACE_BATTERY
5264.102718797032,52.14041208772282,-18.786968025118043,0.7141063829487743,0.582943986080632,89.37775142169112,1.6109294794678646,14.444474291830486,49.85746277502019,12.984961981997532,33.334323038398054,77.6770846153019,CRITICAL_ABORT
2336.4296338732515,76.23021383615136,13.110463585391923,0.9277014097539348,0.7573072732685181,78.16146268882048,1.3737223520779724,8.162955882454707,72.02260551390476,36.27801788477004,15.084270973180551,31.321893272938688,NOMINAL_FLIGHT
3250.5657856053795,67.90324546096855,-0.14841968007237138,0.8664985090921246,0.7073457217078567,97.99133985555295,1.6036108903165043,12.82538452188432,75.48351455473893,21.98136885436091,26.492118904237483,39.55153996782551,NOMINAL_FLIGHT
5808.394872304553,48.43382377253778,-11.217838586439745,0.644172794749942,0.5258553426530139,93.62946698770219,3.0444423539410317,10.028092870230811,60.30829769183837,17.108286131236227,26.348704137321974,73.00691082922584,PREHEAT_BATTERY
399.38836748533714,96.61817494669647,21.165213520146764,1.1436379716362388,0.9335820176622357,85.56930643359593,1.9301536298666906,9.747745549509517,85.56930643359593,37.733650663566486,16.234981886015547,20.467231666945025,NOMINAL_FLIGHT
3889.9080447125734,62.52971785723143,6.317667758287445,0.7794663070439298,0.63629902615831,73.82636936367443,3.7612646129570573,9.317283932307742,62.31103654597615,18.133442558783404,19.62714593771444,51.5470136415109,REDUCE_LOAD_PAYLOAD
444.63253544920246,96.09633134959385,17.737710277880595,1.1508636780685908,0.9394805535253802,72.13010876471833,1.1747056534337448,18.085410992981416,70.26986584238126,17.994902600562,28.730331568994966,27.60454451863432,REDUCE_LOAD_PAYLOAD
2252.8135707990023,77.03136009616874,13.49474327761564,0.9361943872025869,0.7642403160837443,76.91346931871422,1.662814313139716,11.218911301707596,71.20957207678107,25.900629675299797,21.409761071444144,34.18859869007603,NOMINAL_FLIGHT
4822.887271160681,55.31073802459871,-7.746304579027095,0.726013901650376,0.592664409510511,81.67987802530065,3.1478272419161657,14.141127498697177,55.84388960548802,13.27811704101898,32.20031642615788,70.13014592415185,PREHEAT_BATTERY
2600.8333965338065,73.74117462279312,7.303055532481938,0.9159933568286538,0.747749679043799,75.36229285136315,2.184098373283001,22.654301174210286,64.4539651923872,10.500001553768127,44.832573990905864,45.57767525280753,CRITICAL_ABORT
5983.094123417703,47.29046725313039,-14.809381268011116,0.6377101926932323,0.5205797491373324,83.0225323387369,2.188112585697791,15.213748376536685,50.07695434376732,9.460067906305348,37.31924166240232,81.9484248119474,CRITICAL_ABORT
3354.355709679613,67.00638699740952,-1.0316776353880464,0.8578292789587221,0.7002687991499772,70.78796489296151,0.21336065202073407,23.56675295087784,53.81576279069068,10.096088525360296,47.325986808202174,51.969454638664665,REPLACE_BATTERY
1926.9729158157209,80.21864754121181,12.404181217664457,0.9786541921005517,0.7989013813065727,99.2199484488925,1.5943986508738233,16.464946907725306,90.62826152157322,22.94051571965897,29.74025802646678,27.37165647055802,REDUCE_LOAD_PAYLOAD
1320.6679554285188,86.43341159099249,16.10241717910552,1.0409913173372922,0.8497888304794221,68.77735942377478,1.08293492968693,14.780222452275847,65.72141324182965,19.058493302681786,23.483524040320493,31.560960066036685,REPLACE_BATTERY
2103.123205716971,78.4826032479321,12.535900404873335,0.9570332835854949,0.7812516600697917,97.61804488790303,3.9973404913244615,20.75661176054193,89.31165366159969,11.967116926993956,37.57447781688564,40.5458968880415,CRITICAL_ABORT
2235.1996425573047,77.20098965882096,10.893728051841832,0.9468476647704352,0.7729368692003552,96.97523039909433,1.233420282529241,9.243976679056036,86.90808624825063,40.03023925313494,17.879642577510616,24.26904600881954,NOMINAL_FLIGHT
412.28206634376585,96.46922656466822,26.310139316826703,1.1222567419778242,0.9161279526349585,83.38761686368244,3.537986139175454,9.521132510701095,83.38761686368244,29.206988273524203,15.649050862458274,27.19944034637839,REDUCE_LOAD_PAYLOAD
2217.445196560639,77.37227843681276,15.20414930259269,0.934763249644712,0.7630720405262955,90.37185951426295,2.70493494016191,19.08355313669033,85.43098613581975,16.100277799560462,37.507692971071926,37.89858405756639,REDUCE_LOAD_PAYLOAD
2785.4311184353496,72.04274915325878,1.6415811210312228,0.9133333225624217,0.745578222499936,80.26169042904057,1.3636656367683617,16.27799212506722,63.464044274773485,16.489630141999065,32.73524839081937,42.0674006083929,REDUCE_LOAD_PAYLOAD
4336.426513432828,58.98525972692602,1.157090165640473,0.7491157216212108,0.6115230380581312,87.05121021398534,2.1741375134964946,21.437059255426576,68.35181181659772,9.396127186034834,48.95652214455779,55.454640783562525,CRITICAL_ABORT
3940.376908329648,62.12066271970279,-6.544132039691982,0.8117248191864496,0.6626325054583261,76.92015780973915,3.362143519796775,23.576604234840033,53.643879200000626,7.105449474765808,50.38714626604356,71.67043591961988,CRITICAL_ABORT
4252.593931374926,59.63800016825966,0.29741888675165695,0.7597867093392582,0.6202340484402107,75.54056569249059,3.5334731921236475,14.602236920416308,58.57344269146524,11.301612715692139,32.791814885052,61.02256389926016,CRITICAL_ABORT
50.18209126114259,100.7236054091686,27.772510330316916,1.1660550004109291,0.9518816329885135,85.23804251593297,0.6415755000245809,18.138970451938988,85.23804251593297,23.647784509495565,26.745330972571406,18.74870438136903,REDUCE_LOAD_PAYLOAD
1306.0043974832163,86.58840425879718,6.954386958046573,1.0769171027592264,0.8791160022524296,82.43453859643931,1.3582925648326785,16.511842672520267,70.17487494967853,17.72428168542589,26.890284029359435,28.766973198199707,REDUCE_LOAD_PAYLOAD
3970.105730399139,61.880723609735156,-0.3407910149473543,0.7902032398989794,0.6450638693052893,85.28377292024933,1.3408927208542867,24.68738114592136,65.50774373816733,9.747958774903482,53.719985833518614,54.559355180600924,CRITICAL_ABORT
2903.936209078483,70.9692181242577,3.781934074188283,0.8927696761901036,0.7287915724000845,75.0331203450458,0.16817918430377876,22.128434925062116,61.160550491967186,12.240235170079098,44.100146512537016,41.04744777267562,REDUCE_LOAD_PAYLOAD
31.880854010075677,100.94259618664825,20.998948159257633,1.1955001072271276,0.9759184548792877,77.84352411359484,2.392951039407586,23.49954104071501,77.84352411359484,12.067904449361272,36.894059466420714,31.014029230841366,REDUCE_LOAD_PAYLOAD
4826.967854590934,55.28071889805726,0.37897059865395644,0.7040650720212991,0.5747469975684074,67.93642862201183,3.419280211968752,12.323781488819272,52.7404262590815,11.443555268162308,28.652653948099385,65.14136743719928,REPLACE_BATTERY
4636.857439742024,56.69336742907556,-8.407969061510252,0.7460222943768005,0.6089977913280004,66.8296730295272,1.5262975513020711,21.132949193764105,45.18682679405154,7.3496671736700305,48.82931687717445,73.15089771228081,REPLACE_BATTERY
3290.5149779613757,67.55689737564329,-0.4202320023391941,0.8629380155540302,0.7044391963706368,73.87099953855557,2.960143779936708,12.513044824960032,56.67452192198481,15.924278381104262,26.5243804859257,53.45246533882596,REDUCE_LOAD_PAYLOAD
398.77995465763274,96.62520794741596,22.786404994750857,1.1374557137651435,0.9285352765429743,67.5986400765691,2.5108016544029597,11.548623068282629,67.5986400765691,22.436218951992792,19.499598997127777,30.011372420351016,REPLACE_BATTERY
4599.090297195507,56.97745179058782,-1.4661382002787189,0.7306032996902223,0.5964108568899773,68.63211480221592,1.5025949419720033,24.052524714144365,51.83687714314784,8.617303828152002,56.43533685021918,65.63239825408098,REPLACE_BATTERY
3502.2815263881835,65.74474593184013,1.526927148426171,0.8338373028121568,0.6806835124997198,93.4524941887878,0.5642391979691883,8.328175084203734,73.77205022904516,37.49135465853461,16.886072578118373,34.0020920693173,NOMINAL_FLIGHT
4691.759862947755,56.282438040125236,0.3354136191858519,0.7169373109414934,0.5852549477073415,66.36057939558412,2.8372954111038693,24.411607962278303,51.484111253403256,5.951960806294626,58.19468134479949,70.0267226380576,REPLACE_BATTERY
4510.481954375043,57.64849018022429,-1.6632543936173234,0.7397445169744269,0.6038730750811647,88.062997787716,3.418260675764962,10.537452248809705,66.3148629770817,17.27056324128923,24.252897035075407,57.62594966389903,REDUCE_LOAD_PAYLOAD
4818.012431747023,55.34661745876523,-17.2081374050128,0.7533420447294231,0.6149730977383046,74.53952120853901,2.7434179696059675,21.93044739048556,42.921886290103494,5.494232894377273,49.91481018960541,87.11209080186472,CRITICAL_ABORT
3108.048398427749,69.15056485222026,2.1503505926845907,0.8750470727100467,0.7143241409877932,95.50409882478442,0.07151393613927226,12.690683402157752,76.07035146156676,27.860256167573045,25.705593702267482,31.006014326082735,NOMINAL_FLIGHT
841.94710916109,91.6109994426637,16.71813329369442,1.1010057731787632,0.8987802230030719,81.97472996021249,0.864931577563965,13.961939566322364,78.90778639824363,26.677023448449813,23.168416827228953,22.840859806356942,NOMINAL_FLIGHT
4026.9448402781322,61.42406835289028,1.2216633053392538,0.7799051188083458,0.6366572398435475,75.6951760764739,0.27791993953412764,11.684881092473745,59.49087974768142,22.01417092716344,24.96813008368008,44.58433240385337,NOMINAL_FLIGHT
3722.842710311824,63.89938817707236,-12.322562898897417,0.8534653124442979,0.6967063775055493,83.11736274913021,2.281544398304907,17.953738722178354,52.49050823500894,11.349777604903945,36.61236300642835,67.7406157202507,CRITICAL_ABORT
4453.519123194523,58.08324328080618,8.79717424282421,0.7176712706659931,0.5858540985028515,78.3685306665844,3.0259107153616496,13.91762430763386,68.359912136083,14.395561000351439,33.45006968271177,53.24761558585001,REDUCE_LOAD_PAYLOAD
1019.2860363044118,89.66451290598923,21.029771238492373,1.0618183745483942,0.8667905098354238,84.75053726344406,0.44231674827463774,19.175681671409272,84.75053726344406,21.972426222736754,32.54038279024545,24.44724397844577,REDUCE_LOAD_PAYLOAD
1169.8511994017354,88.03830845601877,18.140351223477175,1.0529022146169023,0.8595120119321651,69.0086503914222,3.353351282373541,8.26600440501512,67.54566727554534,26.820852955030773,14.989986322925564,35.2057743114222,REPLACE_BATTERY
5342.457103315971,51.59311455579912,-3.8181325894580844,0.6673389174890508,0.544766463256368,99.8946675984393,2.2220359135819328,9.094373019755674,72.77059700706936,25.667470353952304,23.209828554506462,55.5722170383581,REDUCE_LOAD_PAYLOAD
4499.8667907124245,57.729307070730144,7.4691361244323655,0.7166737706300649,0.5850398127592366,79.89445571938512,2.7598760485668996,9.694239596431228,68.48138506041826,21.20825694291966,22.535769180743163,49.4522423840223,REDUCE_LOAD_PAYLOAD
5449.370932201938,50.853845259263856,-6.067177836370578,0.663315719359431,0.5414822198852498,77.1880723897579,3.885607394434585,15.12289265027393,54.250414997690605,8.379556204712705,38.908180110393744,76.69754849103478,CRITICAL_ABORT
4552.291926983524,57.33106698538728,0.15416795696519348,0.7307792686568024,0.5965545050259611,89.85734469106927,0.3347239529907893,21.851534935219593,69.52779570654795,13.459564296267054,50.25766187450186,50.286099835351955,REDUCE_LOAD_PAYLOAD
3582.931835941811,65.06503557591672,2.3643931887001393,0.8227082048871667,0.6715985346017687,77.73647922733664,3.604896091911157,23.099024476432504,62.10787742628844,8.15452573877284,49.803274342093424,59.233171184178914,CRITICAL_ABORT
3924.796422167242,62.24671219409708,-1.2188055109218114,0.7974433409328486,0.6509741558635499,94.16460067600651,0.5044107839496372,12.161782581035313,71.38671271156761,25.811692571002745,26.57967998057669,41.588212160911795,NOMINAL_FLIGHT
5334.76754364006,51.646618597361226,-12.054966253684892,0.6891055223102743,0.5625351202532851,80.89947535261489,1.571835226546729,17.764285312063237,51.336653895609615,10.003443701719862,43.05181203748868,74.82357375569518,CRITICAL_ABORT
3472.840527071643,65.99429861515885,-1.704023384538388,0.8469649874027305,0.6913999897165146,90.18454446429023,3.4057547853244574,21.062204875774206,67.87055539775359,9.848281169425016,42.58216948972445,57.14737727729365,CRITICAL_ABORT
3794.3479459703244,63.31021629753124,-3.0983321473045944,0.8167128377356463,0.6667043573352214,68.76086257546604,3.625016946951473,12.910100308633348,50.65468441092864,10.694511689569138,27.24899661672207,64.12526676309399,REPLACE_BATTERY
938.8602960216035,90.54307866084447,12.14462825414466,1.1056154823329036,0.9025432508840029,94.61417149442892,2.0254866941805814,14.953131524516644,86.14135531395964,23.534709400950575,24.67113471423888,23.929179054963065,NOMINAL_FLIGHT
2843.5273206966162,71.51482810833512,6.137715162046877,0.8920449003942822,0.7281999186892099,90.75012953723385,2.3764185531017006,16.907561445657137,76.40888228735427,15.632258483585247,32.3338472150801,38.88080380755741,REDUCE_LOAD_PAYLOAD
4298.382671748594,59.28075730930605,-11.362825252497794,0.7888743325657148,0.6439790469924203,72.4100872461688,2.8325893383942287,10.29287238893681,46.520859240024095,13.9293783694417,22.219853815317933,71.16369213771218,PREHEAT_BATTERY
1625.6561898981925,83.26028344274735,15.387817386380302,1.0052581239510567,0.8206188766947401,70.08501034110253,3.3310346738108567,8.441698993338266,66.4000188667578,25.88149928163393,14.485883189174032,37.50964024448058,REPLACE_BATTERY
1213.5250831472094,87.57109726053054,16.930433919331428,1.0516828789999615,0.8585166359183358,76.07023220539685,0.48604467815066466,10.597698758410814,73.40830251379738,33.72365584920796,18.787889019376593,23.635601844581302,NOMINAL_FLIGHT
1882.9608493464934,80.65722581052346,13.495430971181232,0.9802587003286763,0.8002111839417766,99.16247051111665,3.2402772329169105,18.65651156131007,91.80936637772815,15.837561339864052,35.161030127684064,34.622020169188175,REDUCE_LOAD_PAYLOAD
1449.0037679570007,85.08647476693916,12.970817658179534,1.0359851304909935,0.8457021473395865,73.98910510984706,1.925104602046467,9.251510446072588,68.06015992301937,28.708286235864175,15.204116816511371,30.326383716620505,NOMINAL_FLIGHT
1289.475822218375,86.7633797443619,32.00270900648308,0.9905164215733506,0.808584833937429,80.96445231313217,1.802493700432676,11.224838202452181,80.96445231313217,28.71987471223177,21.72578080928523,27.678638284771438,NOMINAL_FLIGHT
2549.1050572085214,74.22288057011686,15.231396629046175,0.8966294787774138,0.7319424316550317,66.05070790010677,1.695599007987993,13.743516056820162,62.46005413695855,17.52498044127335,26.887461259182707,41.35663764939274,REPLACE_BATTERY
5447.0310833012045,50.8699321046074,-16.628414541881444,0.6908435247585665,0.563953897762095,78.90296353481814,2.0368463409841704,9.323791093208229,45.95593232574462,15.758127284884917,21.777385084516823,78.34485663361065,CRITICAL_ABORT
3042.3578804323097,69.7317038640606,6.3890142143244795,0.8690210505553161,0.7094049392288294,84.9962005401586,3.780202213578414,11.258887609747784,71.80774485792942,17.57143826076662,23.27724931375823,43.929508313567354,REDUCE_LOAD_PAYLOAD
1127.5222848919382,88.49305565378828,14.631074433515781,1.0712464866622193,0.8744869278875259,98.35936143777877,2.1928150911686064,23.491586412719688,92.33920280805836,15.186044674490272,39.65583691083434,29.469445264827822,REDUCE_LOAD_PAYLOAD
461.8300162852444,95.89857625736092,16.92570626060884,1.1517102978050302,0.9401716716775756,83.08576157290226,3.812710153052557,8.328085247858741,80.17385915525048,29.948051945802725,13.321228451242854,27.908506100477133,REDUCE_LOAD_PAYLOAD
4176.9368708275515,60.23209360664508,-8.850450015998762,0.7939149574790006,0.6480938428400005,93.66875641621907,0.7211605224625623,19.108342710964155,62.8615585806845,13.777520677455117,41.03882559578141,57.37129793916233,PREHEAT_BATTERY
2296.792586618327,76.60914079144541,12.231931640777146,0.9351829216825324,0.7634146299449244,84.14946748991152,2.8965439153305326,14.534951825558142,76.69752898917781,16.939612813475115,26.945819258152564,38.52865391162892,REDUCE_LOAD_PAYLOAD
4930.985679512156,54.519946335948084,-10.458308092176878,0.7230220310907319,0.5902220661965158,66.42747547024314,3.248958154434989,19.435028570350312,43.3622144145398,5.9808664866983055,45.917396225737086,82.90904664785612,REPLACE_BATTERY
3957.064611844621,61.985884940165235,4.118210143135984,0.7788165569499542,0.63576861791833,76.0252896316421,2.7165153253394476,18.007759246177876,62.26072815104072,10.921527376557384,39.354244216848436,53.523761377318706,CRITICAL_ABORT
4777.448703248211,55.64590311915283,-1.084505498461179,0.7125284005283496,0.5816558371659997,85.14423277408861,2.4276891209061615,11.799478824028952,64.67867867149076,18.026181063865685,26.700433851161193,56.55289739398579,REDUCE_LOAD_PAYLOAD
1631.6762365106924,83.19861356097066,21.263676388737746,0.9844656278936628,0.8036454105254389,98.27078880758935,2.259251124344729,22.402561288747606,98.27078880758935,16.58591202570478,41.26691377383312,32.03706378653073,REDUCE_LOAD_PAYLOAD
4154.1535347663485,60.41193438733144,-6.263931806351783,0.7885682500858044,0.6437291837435137,95.06956259129316,3.443721930314784,16.362986504359064,66.60489679145861,11.00921224877648,34.64713064253445,62.20668268810245,CRITICAL_ABORT
1584.3719081623126,83.68420128333688,17.07841065040502,1.004490886003909,0.819992560003191,72.99244649625967,3.2865863886580002,21.98311232152902,70.56135141741804,10.547988797051206,38.49884964287557,44.20937954097418,CRITICAL_ABORT
5634.41087670175,49.594643592082384,-8.461399615349865,0.6527426418782466,0.5328511362271401,72.70384405067072,0.4891548847223981,14.902213115199727,49.11435803695105,13.944834111234837,38.68153770670582,69.35038958827411,PREHEAT_BATTERY
3818.2456892002465,63.11429303692471,-2.1894878553214254,0.8114544872674946,0.6624118263408119,72.04105384898652,3.3943506281235125,24.739654416559063,53.81753722906679,6.77884357762869,51.66677557909495,68.25872393830714,CRITICAL_ABORT
1947.0708010520525,80.01901631442718,8.485180006197282,0.9898029730763965,0.80800242700114,97.28746137058761,1.65627447776177,21.098319094522036,84.5166386697532,16.69837961305481,36.43012545447858,31.17732227475117,REDUCE_LOAD_PAYLOAD
1617.0711737536358,83.34829312173402,22.536640699481232,0.9819908834126152,0.8016252109490736,94.84331535856022,1.0147873199832431,24.42115348691375,94.84331535856022,17.613880326544933,45.09270820267976,29.695899346818877,REDUCE_LOAD_PAYLOAD
1145.5595104298611,88.29904649202471,18.691342560866172,1.0540267867899893,0.8604300300326443,92.12092012885321,3.4790742720557035,16.7435501414676,90.74659623619138,18.06146192476699,28.64817243254899,32.532767037498346,REDUCE_LOAD_PAYLOAD
4167.845753362367,60.30380249603702,1.0888413567033042,0.7660518772029364,0.6253484711860705,78.74572899784796,1.7280991985349665,16.052749248941907,61.76915709925995,14.521755187737293,35.58140251228544,52.55684032786098,REDUCE_LOAD_PAYLOAD
1312.2936779875638,86.52189951378706,12.359711033941199,1.0557172304025202,0.8618099840020572,82.65332465045684,3.2334587607072667,20.842714758529382,75.45427840903828,12.33860604035475,35.66675969257412,38.35748203503744,REDUCE_LOAD_PAYLOAD
3571.8195955649344,65.15834860588501,-4.3132497037830415,0.8443526692906141,0.6892674851351952,81.25161106783035,1.053614447823378,22.96495147122831,58.731016988344585,11.159393452459632,47.505553138563016,56.30347514033579,CRITICAL_ABORT
1587.810161552144,83.64882981959744,11.831985077450511,1.0225508437941555,0.8347353826891065,73.86893376457805,0.015717285688871208,24.390478529714485,66.99060065693646,13.2537911941403,42.51722307832103,33.10132606394715,REDUCE_LOAD_PAYLOAD
3971.8136687632114,61.86696179502569,-1.4368957839108607,0.7932145165191007,0.6475220543013066,82.67598161520684,1.9818367716117775,13.517382402552496,62.47157463562484,15.445063124449774,30.461519351474386,52.4989117782317,NOMINAL_FLIGHT
4889.638371243235,54.82133312815651,-12.103749447167772,0.7316014901878668,0.5972257062758096,66.06737917484641,0.40091302657153705,21.57797775532486,41.887858475519,8.187355201912315,48.68350517246832,75.37401762716213,REPLACE_BATTERY
4668.151458867919,56.458843772219886,-5.392208525893391,0.7345685180396757,0.5996477698283067,69.61336307241108,3.0175038220996386,11.580975159804124,49.46230091532444,12.508442742957143,27.031830764476606,68.60108109454717,REPLACE_BATTERY
4565.10798558469,57.234050811688334,-13.115727846642988,0.766772171075064,0.6259364661837257,96.03063586591313,1.1043005442776415,17.274763894672567,59.77721767997069,13.215565244782866,38.962192105526505,64.26393282332404,PREHEAT_BATTERY
1126.3344341535123,88.50584433059785,12.078589065652807,1.0809891743763294,0.8824401423480239,91.30879184609981,1.7745825864139149,11.057418522956386,83.06323497779812,31.92678031040613,18.090356884805,22.901342865919904,NOMINAL_FLIGHT
530.3096819071122,95.11438928284063,24.907543308988146,1.1117024300285858,0.9075121877784373,79.80039431706805,0.348134260366217,13.90575514975576,79.80039431706805,27.939145600290633,22.174456992914315,19.812291699711103,NOMINAL_FLIGHT
4193.692970924313,60.10010580546571,0.7599482903814363,0.7643809930634193,0.6239844841334035,83.1002626799357,1.1466369937890106,23.833092242509807,64.87333447802442,10.260058781427777,53.991836398725674,54.06592318283794,CRITICAL_ABORT
2210.083282766108,77.44339383968463,8.675074835085967,0.9572980953075557,0.781467832904127,77.94996100859922,3.125960973034288,10.483541896142464,67.88629779325319,20.623461484516167,18.74488292729963,38.622144916356625,REDUCE_LOAD_PAYLOAD
2594.077358420084,73.80394425375636,3.0496756248846912,0.9308910541181362,0.7599110645862336,90.92729535062354,0.6063516476092778,18.75081521729834,73.35707783213073,16.766229696943494,35.25029288328795,34.17226161045108,REDUCE_LOAD_PAYLOAD
186.89455676034638,99.09985795088726,18.648167623427693,1.1831312360608364,0.9658214171925195,92.4465512731228,2.5886382445078295,18.080222639765857,91.02186772442936,20.393756971265912,29.153000307134974,24.289452302939587,REDUCE_LOAD_PAYLOAD
1557.458695650295,83.96149299082546,13.01017724856651,1.0221471103120938,0.8344058043364031,91.71498165711057,3.6697034112180047,10.05255199605277,84.40676695116096,24.56917655594635,17.80509725889159,31.7778511343372,REDUCE_LOAD_PAYLOAD
202.05842324678414,98.92106902901665,26.90921270712236,1.1484822419746261,0.9375365240609193,90.29141036920574,2.719347039030881,13.541643744069805,90.29141036920574,24.614264508128183,20.378141067994605,22.899218149191924,REDUCE_LOAD_PAYLOAD
5275.114635607486,52.06321230677209,-4.6470166747270385,0.6754983521726434,0.5514272262633824,72.15765185424786,3.2440867571689074,17.570685576759516,51.88308418179479,8.535436627101475,44.677878692871985,74.80048058716847,CRITICAL_ABORT
1460.380099311183,84.96790049619032,13.024870677067465,1.0343460035930676,0.8443640845657694,76.82894927341675,0.4358865172156632,11.182036352804335,70.71978210444775,31.076573848445026,19.16392074395781,24.97254791819404,NOMINAL_FLIGHT
3344.023017438048,67.09524045261911,-2.503611743271234,0.8636383650445543,0.7050109102404524,81.44459022442862,1.0029273040082178,21.610602159017862,60.55069944262445,11.049924414372585,43.41002469805453,51.732867133872276,CRITICAL_ABORT
233.87592396678247,98.54677505907857,24.819024683547582,1.1521625265970203,0.9405408380383838,76.57775469996795,3.578155408962364,24.526660662090748,76.57775469996795,10.539462480846824,39.61655964407099,37.6961412590141,CRITICAL_ABORT
4001.0843478339484,61.6314964695989,-5.1247231140499165,0.8010680459753485,0.6539330987553865,91.42290700554152,2.860422454472357,11.650909799362026,65.2373894428698,17.608152880409964,25.53950162687525,56.208439064506955,PREHEAT_BATTERY
1938.1640745245631,80.1074366606449,9.810670321284327,0.9862549779170108,0.8051061044220496,76.52737334874841,2.5582153055092447,11.17750340143979,67.63807929268766,23.093241893898437,21.90901444405179,35.82118586585488,REDUCE_LOAD_PAYLOAD
5387.515121745995,51.28050162501065,-3.3924678391637784,0.6622487293734142,0.5406112076517666,69.8381230374868,2.6550669444868,15.73389622055656,51.21410210052431,9.852119129817996,38.04686472463074,71.45162866155388,REPLACE_BATTERY
5328.709133604215,51.68880471782203,-5.5010322255985535,0.6727804536775434,0.5492085336143211,78.96641582169065,1.6568022172185737,20.712009711380546,56.00994951514863,9.202970106141825,51.84353935834733,69.68734388721576,CRITICAL_ABORT
1951.7437101704866,79.97265824613987,13.103537445149096,0.9732695104655845,0.7945057228290485,99.29700514738332,0.17822652647061288,12.787210373999274,91.49030706037478,34.272279790819105,24.11182460670685,19.971895539741375,NOMINAL_FLIGHT
5405.765374142808,51.154318479332936,-16.497069937491865,0.6943501362849929,0.5668164377836676,72.90584945267516,3.137766168282916,8.337958447853767,42.57216074855262,13.796954870043914,19.98106704643763,83.58246616549351,CRITICAL_ABORT
5976.946040992673,47.33033006685383,-12.793166429099083,0.6333051225060717,0.5169837734743442,86.42555306301301,2.7148529448614154,17.200750676559196,54.11604304633857,8.523379959306027,45.2423950718858,81.46952366448743,CRITICAL_ABORT
4952.493984743688,54.363700366895316,-1.8779244468963405,0.6981461841743966,0.5699152523872625,80.15405674438972,1.8912178564508988,24.26220965204423,60.16296661213731,9.2091981575517,58.95419697145726,65.7385304729948,CRITICAL_ABORT
5069.228086531374,53.52200256387494,-9.828150891281611,0.7080890968049027,0.5780319157591042,67.48585986772643,3.5990384614730297,14.651706541918074,44.53790598047473,7.90293635828953,33.64950138267916,81.0316454429414,REPLACE_BATTERY
1494.0524166545395,84.61772146525959,22.044229741679068,0.998610001982409,0.8151918383529869,82.07568120993209,1.3446386599403954,15.142287421112707,82.07568120993209,23.50978456328656,28.68174117252979,29.116584767786026,NOMINAL_FLIGHT
3460.214393146538,66.10155708163519,8.972332892138539,0.8162377419274027,0.6663165240223695,89.57575150269093,1.1772869769249437,24.471329190938643,78.3146996216975,13.672133496838372,50.561908301998535,42.93069461211137,REDUCE_LOAD_PAYLOAD
403.5354838042071,96.57024703814093,30.69568351599002,1.107216935946538,0.9038505599563575,82.96269915397366,3.4911853003177713,19.808329397654383,82.96269915397366,12.143073197655198,31.951324474217245,33.29395479975136,REDUCE_LOAD_PAYLOAD
569.5076209300182,94.66786067523003,22.824416096611646,1.1142710296854876,0.9096090038248879,95.52371223113033,3.187950619035942,20.22592268831613,95.52371223113033,16.92997502697915,33.17284814376467,28.97919694223728,REDUCE_LOAD_PAYLOAD
5993.355672199744,47.223994185239796,-11.019853370268272,0.627607601544699,0.5123327359548563,75.1127955830154,2.059919242593379,17.56593409130815,48.55093346355218,8.734788322257891,47.43026274325623,81.15984462594177,CRITICAL_ABORT
1959.8354965554656,79.89243429490843,19.332005714044925,0.9515879867745949,0.7768065198159958,68.01872099563877,0.5229389578313999,24.568356584675108,67.5007492622599,12.972815614033962,45.759688443538785,39.32785642410613,REPLACE_BATTERY
4489.103472293078,57.81134555961366,-1.9422028845601318,0.7425972820174785,0.606201862871411,97.77979640803022,0.8602858858602098,19.710730235234454,73.32104931695602,14.290358124989456,44.983553174748614,50.34666185348766,REDUCE_LOAD_PAYLOAD
4839.990318160899,55.1850063597604,-8.966107606996907,0.7277081035031404,0.594047431431135,78.23687223348766,2.6249119616352266,23.21555677728788,52.40199091005684,6.53212898840257,55.0239321824907,76.38245462511901,CRITICAL_ABORT
5148.139626043375,52.95902161956911,-10.705621751921246,0.7029834936527605,0.573864076451233,85.17419430087716,1.5401649513616467,19.88944071746476,55.35947113808502,10.196576124561929,47.21308385742277,71.77587558033655,CRITICAL_ABORT
5985.769784412939,47.27312734828086,-12.714728829815407,0.6323492119522882,0.5162034383283985,92.72010941455686,3.345892766663885,20.49696902228673,58.14033851768117,8.752324228698226,52.28331577720555,83.56790599812066,CRITICAL_ABORT
1448.978911541207,85.08673398928835,9.128829965251061,1.0500887215336754,0.8572152828846329,76.35097823564531,3.7998200373288165,12.93698567641819,66.88869931504739,16.044237194615583,22.05613533217708,38.74105114734849,REDUCE_LOAD_PAYLOAD
242.10496115819825,98.4501573990141,22.710023175650747,1.1592379138810363,0.9463166643926826,90.06575883621639,3.222547701099673,13.159137866234923,90.06575883621639,24.463274579544827,22.138762403169185,24.86929994627848,REDUCE_LOAD_PAYLOAD
2467.1491079675156,74.99128686329627,14.446266389362414,0.9083851195709028,0.7415388731191043,69.73965974362397,1.5101816919822286,21.3107390427925,65.32426313126041,12.173402638068241,41.47408926945761,43.43244699015097,REPLACE_BATTERY
780.4840189736817,92.29355191686395,8.970584620844662,1.1396697834457814,0.9303426803639031,75.19528115219268,3.1547457169256963,13.044006915888293,65.74057726186177,17.161448263539203,22.688572616261563,32.89117562875004,REDUCE_LOAD_PAYLOAD
134.55533497233074,99.71897265392892,31.797800831652424,1.1391862611506498,0.9299479682862447,70.0648722647782,1.4057666938827338,17.56709120362604,70.0648722647782,17.479438661118678,29.07588204637393,27.07408065223543,REPLACE_BATTERY
2162.5609628489165,77.90372968889581,16.55522483499784,0.9367945841515551,0.7647302727767796,93.39306954404752,0.6684003510625356,12.238989285413933,89.72548290139287,32.81601732312278,22.69175973589405,24.77725949726825,NOMINAL_FLIGHT
4702.429506451419,56.20285934744431,-7.864614871086605,0.7380529747225639,0.6024922242633175,72.79272323293749,0.13357281946342958,21.88871747375418,49.66963357227871,8.558338489733773,50.26940507053449,66.02505205864944,CRITICAL_ABORT
3397.084147350425,66.63996532079301,5.635907181581283,0.8327341881091741,0.6797830107013666,90.10912443918235,1.5428668510440802,9.87852297087073,75.35369600875057,28.84490052607787,19.899407776478082,34.9909951131014,NOMINAL_FLIGHT
1876.6679352621243,80.72009275401767,12.817397055327826,0.9833487696257679,0.8027336894904227,98.01544390359784,3.6142372147891275,22.100592875948294,89.98977532113706,11.88511920652672,39.777607950370275,38.45556953713135,CRITICAL_ABORT
3926.0520329563183,62.23654636734564,5.630613627977345,0.7777237541246629,0.6348765339793165,83.47202731741069,0.955946351022706,18.24640660862923,69.79839066311979,15.240572496331465,43.73620827253889,43.219403412664136,REDUCE_LOAD_PAYLOAD
1392.1090818528644,85.6814943907564,20.864706681806087,1.0152206124833247,0.8287515203945507,83.90102172912407,0.826052659719136,11.177462092060313,83.90102172912407,34.57004200837297,20.68935175861298,23.5594534347979,NOMINAL_FLIGHT
86.28867643251014,100.2926857689882,17.438769987273638,1.2023554705657764,0.9815146698496133,81.13617488342342,3.8792831409641613,17.21460155360401,78.76715905241011,14.523870964371671,27.423310905121895,31.981762114102786,REDUCE_LOAD_PAYLOAD
4586.120318618564,57.07527740407784,-1.8734700036997798,0.7329565972039809,0.5983319160848823,76.4061550187775,0.10001645140236848,12.802480226404787,57.35370278390308,19.3307348644907,29.042905797277545,51.31492810174433,REDUCE_LOAD_PAYLOAD
3742.4585091840545,63.737322515191885,-0.3541195779125934,0.8139513668583082,0.6644500953945373,81.6479260823721,3.1431286015750173,13.498944690418442,62.702589263603556,13.557191924915928,29.898855300992714,54.565276405062576,REDUCE_LOAD_PAYLOAD
4573.8157470057595,57.16820988040665,-4.315639502946934,0.7408192616986676,0.604750417713198,86.09826362933657,1.2854798229634814,13.975976707146966,62.23197215059333,15.59043182487799,32.85468740563846,55.93110235120334,REDUCE_LOAD_PAYLOAD
233.62810012599365,98.54968596537303,19.84055784433196,1.1717745705423486,0.9565506698304885,99.50970502597308,0.14995182747863733,9.076427198529457,99.32883214854984,57.680247240775174,15.894607237229959,7.542609497140283,NOMINAL_FLIGHT
5022.717766983913,53.85608579326559,1.0930198602087415,0.684134752828814,0.5584773492480114,97.82175957613785,3.6712101608383345,24.761348634824095,76.73729922891945,7.234882259802812,61.842065621319314,63.3737945742123,CRITICAL_ABORT
3717.15720021782,63.94642416212871,6.038787298097049,0.7979225532590314,0.6513653495992092,95.17535354025927,0.5585693208383344,8.53608867823081,80.02745129605944,40.18439763954693,17.219813376530382,30.58833142226211,NOMINAL_FLIGHT
3380.3721042758407,66.78308729055948,-0.6712744976578024,0.8538396955662962,0.6970119963806499,96.11956874967004,2.2071171349027816,19.262446844132732,73.46874926115154,14.048639299091795,38.44998400703732,47.71667497211233,REDUCE_LOAD_PAYLOAD
3747.6842886871896,63.6942033377173,-6.033000911017897,0.8306935374124108,0.6781171733978864,81.3747214152215,1.0962168297181911,14.31087001187632,57.22463997242781,16.802217813227358,29.072365935506056,54.31727540047156,PREHEAT_BATTERY
5186.599481210184,52.68637980200439,-10.64125978275544,0.6991929477857549,0.5707697532944938,88.01055145121127,0.26077120873876414,18.98217494609388,57.26755390591381,12.976726679672069,44.72989388289401,65.58817937220202,PREHEAT_BATTERY
3521.6190393534425,65.58125027990701,4.281989474659154,0.8235037944913318,0.672247995503128,96.3273353027675,0.19968994265351636,14.056220302488924,79.06689090286442,25.22632591052104,29.807325441780062,31.87239247044618,NOMINAL_FLIGHT
3485.7022793290757,65.88518352162859,3.5439644040921223,0.8295269935483933,0.677164892692566,78.75327677469735,0.46222679534535516,19.453760986400596,63.979256099450986,14.09297754899368,40.203943820597075,42.92246621441709,REDUCE_LOAD_PAYLOAD
5944.0749423945945,47.54392093784047,-7.370823001723652,0.6231842828354938,0.5087218635391786,98.6616867420914,0.2854680555575202,20.397003660962135,67.87653890258152,12.630781853199155,55.24681099744841,63.29587514455618,PREHEAT_BATTERY
4540.381002411408,57.4213507377591,-0.5628779047698904,0.733855441087404,0.5990656661937991,79.5525121724214,3.0422324620796917,19.73939488679396,60.90406619148228,8.061355192349739,47.02734024152802,63.56963873765149,CRITICAL_ABORT
2653.762832706812,73.25090725583642,12.598386716170259,0.8930415586584819,0.7290135172722301,86.03789328876255,1.9422648091337167,9.937353683088588,78.77815425054388,30.33539729536638,19.573073663182573,33.612925783827436,NOMINAL_FLIGHT
4244.382000197566,59.70225345143261,-0.954205998231995,0.7641027495481844,0.6237573465699464,89.84316496453302,1.3715683653959188,19.167184989129638,68.38161404185342,13.368463190103302,44.34391088699928,52.10252682515679,REDUCE_LOAD_PAYLOAD
2335.382830150731,76.24020164464557,2.8735179529652983,0.9622333352584606,0.7854966002109881,98.27072045765784,1.6734756405280287,12.759788340719656,79.08415873945127,24.20216430273233,24.872566412884485,30.711499461885893,NOMINAL_FLIGHT
1373.252774900994,85.87944030944202,15.095364307409033,1.0379330061807899,0.8472922499435018,73.56156959182931,3.7157869422904932,8.48962329967867,69.44853281384597,24.194800635983746,14.469848378674072,36.29206684317875,REDUCE_LOAD_PAYLOAD
3581.1112613265564,65.0803161057347,7.023225500920713,0.8092178844913984,0.6605860281562436,91.11458423835248,3.643007250952589,15.052121422112217,77.63552732743399,13.586198742271579,30.4808484801707,46.69226125198775,REDUCE_LOAD_PAYLOAD
5569.0925886837085,50.03621912860383,-11.456716469067336,0.666092215502509,0.5437487473489869,83.22854551504288,2.8627059204903076,15.370232747664618,53.38224246928778,9.974455171032231,38.112794639226664,78.06172911704152,CRITICAL_ABORT
5574.837120092777,49.997256780999614,-8.720989437484318,0.6586876567626864,0.5377042096021929,74.39949992172244,3.538729509686751,15.94196026699159,50.03966925569512,8.615580644975513,39.55237046462352,80.7806573744398,CRITICAL_ABORT
2051.431668632942,78.9888623010837,10.07195257765521,0.9715863279747186,0.7931316963058926,92.18123939287366,1.2785921103504991,19.982010811642176,81.74819062884384,17.21246689972215,36.965760099575625,31.487177846986057,REDUCE_LOAD_PAYLOAD
3166.0647973301698,68.64058293697569,-0.7284804253553299,0.877772561146769,0.7165490295075665,84.32777980608464,1.5244373040331314,13.250344755421805,64.4007310496099,17.79866919085962,26.539428538956326,44.49501163943343,NOMINAL_FLIGHT
1269.8153914191673,86.97188252149766,16.12947963554486,1.047378589413466,0.8550029301334415,88.13408372273865,2.454848727416912,13.359768722766685,84.24526139203208,23.48027943481178,23.219894201494846,28.78187110846005,REDUCE_LOAD_PAYLOAD
5973.7866569933,47.35082539851154,-12.28437605529318,0.6323436325259286,0.5161988836946356,76.30153740022654,2.4945037891890567,9.02938835610143,48.21937559213093,15.733102595784294,23.866424577336772,78.65482423185327,CRITICAL_ABORT
5886.707447207615,47.91855465585902,-16.542037004156715,0.6505430324700228,0.5310555367102227,81.84458831396617,1.9267993520493638,19.67596067186903,47.74983340171444,7.776687409055845,48.97767430091136,85.57503924378418,CRITICAL_ABORT
3897.053578244684,62.471670429496456,-1.509404482873789,0.8011814651478224,0.654025685834957,86.60739878458234,1.602631393751813,17.653043553792926,65.37064006757703,13.482083828396332,38.26365944864082,51.83320220345043,REDUCE_LOAD_PAYLOAD
4826.48435806484,55.284275088392405,-11.069464537351376,0.7348679397088379,0.599892195680684,79.17187849944455,3.9447212464347805,13.940226915794398,51.129840765553126,9.204040921621058,31.748135006708203,77.88453288233468,CRITICAL_ABORT
4290.6009677022,59.34134747601624,2.7073182977561743,0.7494028536890306,0.6117574315828821,71.94303889466954,3.2844945044708975,19.988212641595027,57.760434870476125,8.176989288514172,45.47081274483418,61.90944205121063,REPLACE_BATTERY
3558.949314236809,65.26655987123073,0.3945506695205687,0.8311991747613697,0.67852993858071,98.65741723103564,1.7399207915521808,17.13508173685691,76.6072750926066,16.684122284219065,36.51974376909271,43.56273284252906,REDUCE_LOAD_PAYLOAD
320.0879819333862,97.53835549408979,30.183205843063906,1.120206073022959,0.9144539371615992,82.9013639014916,2.909169908958274,15.977164079799174,82.9013639014916,18.887797267485134,25.278481077097055,28.34738813556239,REDUCE_LOAD_PAYLOAD
2728.5860553159664,72.56235111969539,14.907929893150762,0.8775542209457987,0.7163707926088152,90.68721296006952,1.078246773009838,16.69251724223915,85.4228565935327,21.092033176036463,33.12551256136968,33.23516319744918,REDUCE_LOAD_PAYLOAD
4048.717813004463,61.24986506762101,-1.7218956081377264,0.786127106421282,0.6417364134051281,79.38665177446204,0.4006773049493195,18.81791812953996,59.728166161683355,13.376044755743422,40.961269480241164,51.69175795584685,REDUCE_LOAD_PAYLOAD
4065.189683302108,61.118341340048694,-6.465976604200446,0.79839353176183,0.6517498218463919,77.42961174090007,1.4097241022109626,19.22004427776819,54.06815840290044,11.610269603483372,41.005817492671014,62.19090625160649,CRITICAL_ABORT
2238.7357105343017,77.16691158946519,0.01872849286035283,0.9841076020918135,0.8033531445647456,79.25075044634937,1.6118912004935768,12.91228292539219,61.19849976168032,19.76887109993998,24.257847737074083,40.091016554214946,NOMINAL_FLIGHT
5650.151919948184,49.488701681802475,-19.086172844797154,0.6785872154364467,0.5539487472950585,79.32188253249774,0.0661484982426832,10.392637177649604,43.97745008664284,18.207721174238298,24.929640771840468,75.58360723541327,CRITICAL_ABORT
1004.142193420686,89.82941352706594,11.603901618272241,1.0989838990289535,0.8971297134930233,84.04630405796837,3.259168006543584,10.662781080238819,76.00176823056746,24.684899159138336,17.349849489755783,30.060838380680135,REDUCE_LOAD_PAYLOAD
3002.156677293364,70.08929481700373,12.378329734900658,0.8551551872638641,0.6980858671541748,84.02144544934771,1.436773609556726,18.869645060351026,76.72107067185136,16.33183808451241,37.920307647240705,39.81476278232126,REDUCE_LOAD_PAYLOAD
4145.303859304937,60.481906636273244,-1.365352149347359,0.775252188495575,0.6328589293841428,82.4003835559005,2.321672663120588,22.83884585804114,62.3305329400911,9.65427745072628,51.26082449555009,60.388807515457344,CRITICAL_ABORT
4182.814835350855,60.18576618086219,-0.24027380932061804,0.7682759329571325,0.6271640269037816,69.71750247211034,0.29585274908382386,14.96143673187438,53.630947203662835,14.514108496518048,32.853607833333534,51.37326576034841,REPLACE_BATTERY
3891.8337406128935,62.51406998444674,-11.399024358659437,0.8320164526007557,0.6791971041638822,82.3626417475186,0.6999873150023359,10.88184272560086,52.88102657051639,20.85064511300702,23.056088639852874,57.708326172287634,PREHEAT_BATTERY
1651.729280711161,82.99345517812687,8.273927529291146,1.0273662025415842,0.8386662877890483,70.9186365147228,3.55877490131024,20.86224247099553,61.43842990195412,8.996676898829145,38.32411045910306,45.67631605317284,REPLACE_BATTERY
937.2394121197318,90.5608564789329,23.343342703453178,1.0640646699682539,0.868624220382248,69.41475252035178,2.434750111531203,22.152321065130625,69.41475252035178,12.850271617203905,37.87558478163606,38.59377207922903,REPLACE_BATTERY
3815.6419609602654,63.13561558031621,1.6321978156712067,0.8004390635046434,0.6534196436772599,97.64260010694088,3.8011362006819422,22.96990153305643,77.19692852272382,9.437748925757786,50.28622101058798,55.160565695091265,CRITICAL_ABORT
3595.8126968366264,64.95700631715741,0.8911910771339443,0.8257576459556254,0.67408787424949,86.17325046016964,3.9950001375652677,18.316134291533466,67.4012332388851,9.12194911673067,39.756612403529964,56.71643820205004,CRITICAL_ABORT
1076.1360617354458,89.04766125395078,20.829327391720213,1.0552325388337036,0.8614143174152682,88.08215203436045,1.4874404613323775,22.63238550959744,88.08215203436045,16.964243229337907,39.83859338857978,29.60604018385216,REDUCE_LOAD_PAYLOAD
4230.8348734233805,59.80837384531293,5.678562353427102,0.7472521678450293,0.6100017696694117,79.06277846166773,1.1952122563330985,8.262054293622931,66.15464222996691,30.721449669295204,18.758734175065115,41.447176170808895,REDUCE_LOAD_PAYLOAD
2731.0319504019385,72.53993170625883,6.1430800047021465,0.9048142167862783,0.7386238504377781,96.81433121702025,3.433424220636387,9.8230086300819,81.52067897739356,25.05780501900071,19.664943667474404,35.815149790156475,REDUCE_LOAD_PAYLOAD
4006.5635496189175,61.58750027068532,-0.6958140592326157,0.7874836421689868,0.6428437895257034,87.32756713528829,3.994445708149817,9.573793139885678,66.72417509016958,17.003218465567205,19.828983014248934,55.36539636933181,REDUCE_LOAD_PAYLOAD
5024.202478620904,53.84539509648314,-6.69433151737935,0.7039892915362678,0.5746851359479737,91.92094543332556,2.5185649369298293,20.11427963233046,63.947988058340876,10.06839902449513,47.31087839637189,67.68190100403169,CRITICAL_ABORT
1018.3705714615389,89.67447439518384,30.341139461869957,1.0293552228614344,0.8402899778460688,77.89968641596998,3.1805628900460894,9.182890320240844,77.89968641596998,27.91213229559649,15.664584839481424,31.112449784420157,REDUCE_LOAD_PAYLOAD
114.86920798102007,99.95264654024525,13.756568826028243,1.2136578099452395,0.9907410693430526,98.60041582866938,3.126983435261098,16.43819433192722,91.58251985522465,20.187813901474186,27.130785868359627,22.74902932124045,REDUCE_LOAD_PAYLOAD
4674.6155183747205,56.41049884937001,-1.9688857954916426,0.7246744478725502,0.591570977855143,93.71614515554103,1.4213588328781879,16.036017276816914,70.24537724822093,15.614428612772064,36.69063269037558,52.7823086633865,REDUCE_LOAD_PAYLOAD
3658.1845509156956,64.43595805842136,0.647789175252662,0.8198620835818617,0.6692751702709075,94.88819620550902,2.297081521028349,13.281959900490095,73.95441749917042,18.751627628197074,27.358127894540413,44.93442584226057,REDUCE_LOAD_PAYLOAD
4197.8374177327305,60.067496152174165,0.5479154156581467,0.7645580905226496,0.6241290534878772,71.0267993599014,3.3322277650568544,22.796887889015697,55.27633923839718,7.537371136176749,50.02148105515487,66.14449351439161,REPLACE_BATTERY
5028.929849931856,53.811367007474544,-10.97490679453068,0.7150312826100774,0.5836990062123081,74.48371227549268,2.752455505044222,10.897364431959932,48.182475357430775,12.676414476820975,26.096335899620605,74.29613978470866,PREHEAT_BATTERY
4816.865608947003,55.355060957232816,-6.554451612447772,0.7233473401798896,0.5904876246366445,74.9969309889252,0.08465525592815304,13.991867334787077,52.29380391361172,15.4797620811818,32.74269933238705,59.42737641827384,PREHEAT_BATTERY
5765.520881572948,48.71781421836864,-8.918832832896689,0.642312243713271,0.5243365254802211,74.48182281364049,1.346822675590134,21.160915500389795,49.927050647017545,8.236120470227752,55.136654692057924,77.01330089090762,CRITICAL_ABORT
3215.6104731127093,68.20747616773602,19.663082929986594,0.8114914559549083,0.6624420048611496,94.93928567365008,0.5779027863784214,8.517179344685832,94.5746376817251,47.0521970985754,18.65328390861451,27.806420829777192,NOMINAL_FLIGHT
2930.973795959432,70.72611048978406,9.988851273274046,0.8702073721787114,0.710373365043846,66.11596783230073,0.9318888483121563,19.440156804188266,58.57034445844198,12.21986994117993,37.99794809745319,44.115435665474976,REPLACE_BATTERY
2411.3231993443806,75.51838048991961,5.086071214108984,0.9455438719365644,0.7718725485196444,67.6634996143271,3.6219579099653028,21.8787613481467,56.15943340729157,7.6218816349880445,40.53335694106952,52.093426102418974,REPLACE_BATTERY
922.1462570652272,90.72653360184502,16.887250918962508,1.0897402368241313,0.8895838667952092,74.58702047204663,0.1475731556430726,23.848553260248842,71.94027472652539,14.58152788623927,41.160842906963225,29.136260624141663,REDUCE_LOAD_PAYLOAD
3435.6433972921345,66.31069127520855,0.40124737568185553,0.8444759868793215,0.6893681525545481,71.99555411273053,0.879202847847695,22.897042888355244,55.90989128452081,9.656491757688647,47.0121383776334,52.39654877303887,REPLACE_BATTERY
1662.0751459558726,82.88776916234491,5.218295688136752,1.0373209032360655,0.8467925740702575,73.1150864858997,1.2382774089529258,13.429529986172648,60.79435876935169,21.18842263234054,24.42102038210062,31.806416356621426,NOMINAL_FLIGHT
5527.845073277853,50.31670352365407,-12.58144393481323,0.6727173415271291,0.549157013491534,92.9280116238655,2.4675362878655793,17.968190402490194,58.41190329592374,10.22275178194701,44.28593721088324,75.85286690186713,CRITICAL_ABORT
3499.1448256625854,65.77129732865369,5.919704042301921,0.8210434963827181,0.6702395888838515,84.70943078622165,2.136406760343462,9.313989383557919,71.11226482921083,26.38286916228008,18.85238613072176,39.36329635594357,NOMINAL_FLIGHT
3557.0410830486608,65.2826163533341,-4.491927635200269,0.8465256188314214,0.6910413214950378,65.20197314525387,0.8730779314135444,12.383790060316146,46.99706225467143,16.228344462740345,25.222280993253538,55.02334515817579,REPLACE_BATTERY
2129.54796526206,78.22481993414105,16.400351481049572,0.9411588371368176,0.7682929282749531,80.02629679964683,0.6569642688926178,9.601780438707625,76.74233823507475,36.561066883350534,17.364910683101495,27.637843522390853,NOMINAL_FLIGHT
311.9361118662449,97.63334842529864,25.411289378291098,1.1392187788752588,0.9299745133675581,79.27597243976257,0.9471921383844752,13.358183932617386,79.27597243976257,28.896501362558045,21.20773536091783,20.639917843815077,NOMINAL_FLIGHT
190.46259223793172,99.05776565890717,20.090826540598254,1.1768105189171532,0.9606616480956351,68.98808443055903,2.0101185068066223,22.878182628798392,68.98808443055903,12.61033984038271,36.306436503199166,33.230056215162804,REPLACE_BATTERY
2540.010864919185,74.30783047283272,7.7822811913360574,0.9214576601362413,0.7522103348050949,88.664962601051,1.0847111428448137,13.901836274462974,76.31552977491107,23.978317678929045,27.12040807016894,31.1927616853399,NOMINAL_FLIGHT
507.3922685834271,95.37624509832247,29.69355929241289,1.0971457561688152,0.8956291887092368,89.57340159328218,3.7904100064308888,17.55226775102425,89.57340159328218,14.350053796153501,28.058523105568824,31.354495850484945,REDUCE_LOAD_PAYLOAD
3641.0817332408346,64.57849529218241,5.0007078014639035,0.8088168698071074,0.6602586692302918,90.23126266682343,1.8554608857153903,15.367474417953993,74.8024448211424,17.043088773955162,32.75959171896686,40.837164482721775,NOMINAL_FLIGHT
5285.838033837945,51.988124180077655,-9.314028945455906,0.6864558177366414,0.560372096111544,90.49648309455073,0.23518406617854826,15.8015809130785,60.25437471074064,15.841122468709912,37.95543250659419,61.700009644859,PREHEAT_BATTERY
5297.4888991123335,51.906641099406656,-10.622094429035089,0.6887948660004359,0.5622815232656619,65.00184894263039,2.9170656233465335,24.48272488122149,42.31023151986302,5.1794604284380465,58.8541505072648,87.52651577935914,REPLACE_BATTERY
3954.272460793394,62.00841916168002,-0.31972564289876193,0.7917727461118921,0.6463450988668507,98.38722813463528,1.3153811528359585,13.034625960485585,75.59633123457898,21.870907347185465,28.382177846238616,42.7681851784105,NOMINAL_FLIGHT
1267.390988837586,86.99762186830223,14.203140782844175,1.0547119861463097,0.8609893764459671,93.4973068469132,2.61395572823299,18.664515981893913,87.31861258220077,17.293853539750522,31.748819626659234,30.670100275143028,REDUCE_LOAD_PAYLOAD
5177.980988153233,52.74737724345288,-19.180623951591087,0.723539035965095,0.5906441109919142,96.63935938062498,1.118377482092928,15.141065382850599,53.47450883413474,13.066914288388784,36.40672298966916,73.67641684380993,PREHEAT_BATTERY
5316.560611879249,51.77348177845145,0.6532455754585325,0.6587357436816204,0.5377434642298942,65.5475153357602,2.2829749669332795,9.039485077810665,51.09081415708627,17.44258006974395,23.66870662068353,62.27259235058217,REPLACE_BATTERY
1179.9215097177523,87.93040042345297,18.107135182831616,1.0517316083009116,0.8585564149395196,97.68505785250088,3.0886100192298587,16.318624137612012,95.57714530793943,20.47304678651548,29.15265760086631,29.066567279657427,REDUCE_LOAD_PAYLOAD
4424.556514624063,58.30530826467571,-1.7688810194437268,0.7484639991740891,0.6109910197339503,93.34259850408367,3.712034967098216,21.826836593766842,70.17820980603909,8.927869334157956,49.1324795769718,63.27889383175531,CRITICAL_ABORT
1719.1172935627376,82.30702203870953,13.536198842457662,1.0001670690740294,0.8164629135298199,94.30267000355445,1.0445085777323082,9.678800467588703,87.35375773773174,39.5058369657521,16.64661777497297,21.746437158254622,NOMINAL_FLIGHT
4815.841874117578,55.36259909993135,-9.978556185387198,0.7328585456115337,0.5982518739685989,68.2650584652689,1.3394278039959246,9.183061405737252,44.935096511291114,17.576745738482515,21.25761026962173,67.70659900040015,REPLACE_BATTERY
5983.427399421616,47.28830714188713,-14.821900500984363,0.6377119673103695,0.5205811978043833,90.85723101215092,1.8570656811437587,10.611735846685534,54.78966638981012,16.597733688011775,27.250495318214625,75.22061405585494,CRITICAL_ABORT
180.15603197635687,99.17939216766597,15.832011981182124,1.1956197508889606,0.9760161231746616,98.59708413747319,3.7086993509439554,20.994801893618202,93.912237432194,14.391233841166503,32.264925851967256,28.046434440623887,REDUCE_LOAD_PAYLOAD
5384.195194745592,51.303482834504685,1.3881637244201723,0.6510083714436714,0.5314354052601399,88.74915694963562,3.6055474272426284,20.307921530460547,69.91881047197276,8.202161680788222,50.5818640239387,65.38535967144213,CRITICAL_ABORT
3735.7832015919485,63.79243647871034,-5.455150802459647,0.8301787713714059,0.6776969562215558,84.96964916186123,0.3595131204025521,17.60530207140388,60.312415505122395,15.814753306958314,36.73787393611039,51.51022787660507,PREHEAT_BATTERY
5840.295714988927,48.2233887046622,-18.121753566663923,0.658736744992492,0.5377442816265241,98.09703872121489,0.5277193030152434,15.959848869574751,55.46524377366895,13.827339395540074,39.78738195712291,74.03538910639224,PREHEAT_BATTERY
2790.0571051585657,72.00059746344958,4.663332794537318,0.9028705024977136,0.7370371448960927,80.50279926070526,1.982036709322553,23.101538849944575,66.42785034909178,11.024069051702806,45.66774270293646,44.796914988659665,CRITICAL_ABORT
5084.327583428242,53.41390457611255,-1.6077506680216818,0.6852662829739166,0.5594010473256461,85.97527482086676,0.42647709122169397,21.033863005169202,64.79712657870594,11.673984788595567,51.751174079843196,56.716139079503606,CRITICAL_ABORT
374.3644115896634,96.90778383345688,22.639176320980457,1.1413499724351757,0.9317142632123883,81.67184027230282,1.3823234933947899,21.803018272130686,81.67184027230282,17.622816318007214,36.18122092940537,26.864172369142594,REDUCE_LOAD_PAYLOAD
2011.6743004697744,79.38003621474101,5.743438066794154,0.991551887063943,0.809430111888933,97.64961774761048,0.5935415128699106,21.82545912296112,81.77913256344186,15.822473641392701,38.53936230775362,27.87845668811552,REDUCE_LOAD_PAYLOAD
402.0992265072598,96.58684357510369,28.65804683148951,1.1148838071676686,0.9101092303409538,67.66296543679276,2.5441614205275433,18.926191630674488,67.66296543679276,14.072964668594068,31.54422190660679,34.55986122379786,REPLACE_BATTERY
5852.0588008744235,48.14598016965881,-9.383379071756346,0.6358909523018154,0.5190946549402574,82.53918952888719,3.797981726956647,15.786248613371079,54.890994174974885,8.850203134885668,40.22864091654473,81.22252886687465,CRITICAL_ABORT
4901.84344363102,54.73222852279183,-4.16980759751937,0.7088678511245851,0.5786676335710897,89.04333544849034,3.986935081177526,22.69952179395606,64.50870819229252,6.6011040483067775,52.82150200734365,72.00340809535527,CRITICAL_ABORT
5115.284527475823,53.19283513497337,-4.6706782227386485,0.6902155593071483,0.5634412729037945,92.71672884477829,1.5009645299876593,23.74212609925526,66.64054459636172,10.719973454970784,57.13915031083977,63.867011162229815,CRITICAL_ABORT
5627.791388603366,49.63924953336575,0.39116547699037696,0.6321861293330492,0.516070309659632,85.40565266054477,2.396050548458449,8.404702735391831,66.31401212255182,23.69219510870159,22.68460978405623,57.49541729456146,REDUCE_LOAD_PAYLOAD
510.6209167187121,95.3393190752183,32.60643851650893,1.0862727463136779,0.8867532622968798,96.81212104425089,3.425070614096325,8.876432845526272,96.81212104425089,35.45530011482923,14.653745208226638,22.264254158881656,REDUCE_LOAD_PAYLOAD
2313.58555508,76.44841561536444,6.528117176963523,0.952253221766044,0.7773495687886073,97.96970064093551,0.46984829118553595,24.298636047443434,82.92356651036937,16.096118541657294,46.728152156773994,30.547633234051055,REDUCE_LOAD_PAYLOAD
426.20933426401274,96.30854730619633,30.34906429133968,1.105477542611653,0.9024306470299207,67.25117281177542,2.75825764420786,12.71173043535131,67.25117281177542,21.266017886691664,21.55283637694306,31.918815059408935,REPLACE_BATTERY
1264.7586093001717,87.02557624479037,18.694909988343383,1.0388126587343836,0.8480103336607212,79.0829688839481,1.635374646900273,22.84728047404012,77.90637040622654,15.087479808495683,39.56930809742861,34.53974265516926,REDUCE_LOAD_PAYLOAD
1376.194662226034,85.84853320542777,18.550213776219522,1.0252707809906279,0.8369557395841859,65.8210657602404,0.8245846411206563,14.609517022343844,64.7332039523797,20.874534398502508,26.701057868050277,31.84833179784316,REPLACE_BATTERY
2814.6432662854722,71.77690494576683,-1.7565353890722122,0.9213566843420768,0.7521279055853688,76.5295830081055,1.611014474989768,10.024700979359045,57.54837118440013,22.30534409807694,19.61956454433196,44.79736566954203,NOMINAL_FLIGHT
1611.3730047218555,83.40674973884514,13.674146642366958,1.0130431312339763,0.8269739846807969,83.79038762897108,0.3038411478596674,9.367534403558682,77.74786659288192,40.59350781640628,15.938838715639978,21.832965137346577,NOMINAL_FLIGHT
605.8686409065666,94.25516829350225,16.997735882424493,1.1316924955732313,0.9238306086312091,96.87782256784821,2.781628594357223,10.66063428436776,93.56210052832722,31.839369822287328,18.86507432406617,21.454483639335006,REDUCE_LOAD_PAYLOAD
1004.9465345646462,89.82064892226455,22.608141599796348,1.0579908907944213,0.8636660333015683,94.6294012862891,1.0109706749938123,12.2481843127452,94.6294012862891,35.85010563422855,21.278647343097663,18.8819482869665,NOMINAL_FLIGHT
883.6533813125455,91.1501801842143,24.611655523482476,1.0664271909793062,0.8705528089626988,69.4624904335195,1.245622580179512,16.304812016824044,69.4624904335195,19.0822215005481,27.887229269739123,30.29674495835895,REPLACE_BATTERY
5838.460787473789,48.23547276760365,-23.322426873661193,0.6726182072246351,0.5490760875303143,68.25606311593135,0.48432519296585097,19.92546430961832,34.546054461458446,6.2183273795918295,48.564170178168794,92.92647614414084,REPLACE_BATTERY
4555.755041510842,57.30483846438033,-4.72258208984182,0.7437155596039291,0.6071147425338196,85.62435685648335,3.458636455559567,24.7687758002501,61.4922076759561,6.806803128337943,57.43464193837472,71.10496353868604,CRITICAL_ABORT
5806.568791617372,48.44589204255369,-7.13338962154166,0.6344401374388136,0.5179103162765825,83.6241290360574,1.9737771171309544,15.505614635915908,57.7574597822268,11.419075015688916,40.57225421197951,70.8683066384552,CRITICAL_ABORT
2638.442919047451,73.39253816671837,6.916726214624345,0.912920251715753,0.7452410218087779,74.32321745005083,2.288587511145601,16.809144019832868,63.237960021447954,13.65443443659588,33.042047770473,43.04548049895473,REDUCE_LOAD_PAYLOAD
1670.2108899759396,82.80473674263656,17.788947440168215,0.9915069580081931,0.809393435108729,96.48085795938422,2.2777307323794185,16.870866923515344,94.04896153257339,20.377206674467214,30.16437261653257,29.63860697294053,REDUCE_LOAD_PAYLOAD
4789.75918325512,55.55493627262936,-4.377607353022858,0.7200794965814575,0.5878199972093531,97.45782433115437,1.641972458165367,17.170384043294913,70.37383457587212,14.55905115189419,40.85338916193661,56.54277935414201,REDUCE_LOAD_PAYLOAD
1957.5235082468807,79.91534926045783,13.984398356158406,0.9695884357885683,0.7915007639090353,79.0914003419057,0.7701196617525579,16.801591170775858,73.66748146172598,20.318019637407584,31.72367527613863,31.705800445810745,REDUCE_LOAD_PAYLOAD
1796.3002422320897,81.5264705616004,11.96747353514993,0.9961328356772159,0.8131696617773191,96.16058949897321,2.9805309939935998,8.149170836052603,87.35508722667583,36.074200882736314,14.176577783201871,27.88870548415413,REDUCE_LOAD_PAYLOAD
1395.0359532469872,85.65080242410211,9.849362283216035,1.0543588019649446,0.8607010628285261,78.43821129920404,0.5082250614306973,8.029321975867292,69.36155562622525,41.69326008180665,12.717640825435282,22.40777293843817,NOMINAL_FLIGHT
778.0738693454122,92.32040047903754,14.334869112129685,1.1187296196698866,0.9132486691182747,90.78858911403951,0.415495161115242,9.66032740814409,84.92523577283983,44.417053561397594,16.35832368483451,15.11706134700302,NOMINAL_FLIGHT
1538.7783661005958,84.15439686819528,18.544703192622713,1.0050570576730045,0.8204547409575546,81.65797761417035,2.8405801503860135,9.72646225829604,80.30324044121616,28.9784932471741,16.175546921966433,31.88396788955236,REDUCE_LOAD_PAYLOAD
2131.9184908433263,78.20172813257118,11.239821087112794,0.9579542116767231,0.7820034381034474,69.29041047775141,0.8353480818079353,19.98324745223153,62.37065160060095,13.291661700631664,37.342829470625524,38.307051307491754,REPLACE_BATTERY
4043.9652488743823,61.287855663880244,-1.9783353407196116,0.7873585867962606,0.6427417035071514,97.47769704329576,1.2270910054113293,11.483572552771996,73.05436538530742,24.963402602204706,24.665197573186237,44.33834053076627,NOMINAL_FLIGHT
375.38905331670946,96.89591159752307,20.440520941829625,1.149756496522622,0.9385767318552015,80.89338076821377,1.900909868006961,23.210139780845417,80.89338076821377,15.52487004809499,38.333770205128786,29.93158208233934,REDUCE_LOAD_PAYLOAD
1263.0416379920578,87.04381342435302,15.264285125647866,1.051389392387959,0.8582770550105786,90.70704641128413,1.7974052669181848,23.78630760280933,85.8100315298416,15.204748048555102,40.8117238084597,31.63233095696635,REDUCE_LOAD_PAYLOAD
4854.141841750058,55.08114764014687,-1.3173629989346818,0.7059010551062652,0.5762457592704205,77.85108350509523,2.834316500259997,24.590186744230277,58.93187370599642,7.113379386278586,59.360392011909155,69.03158270466011,CRITICAL_ABORT
881.5315415026246,91.17357932080992,17.593824570892806,1.0924484543784396,0.8917946566354609,65.66083075016822,2.493727173773444,23.964382183079344,63.85972790546185,10.485528179695823,39.77194868113926,40.89108277437113,REPLACE_BATTERY
2055.870879135129,78.94528183009477,4.931515719113817,0.9890004889910902,0.8073473379519103,68.51856255421426,2.5775846491274628,12.622101472614919,56.748394490327385,16.361540187350716,23.71788984324207,40.33246768917362,REPLACE_BATTERY
5187.953531148841,52.67680169857779,-5.003439074766599,0.6843678766167266,0.5586676543810013,82.36768178214736,2.8562173226218293,16.666206359959713,58.88966321201296,10.708485454672727,42.274394810537345,69.14903930681093,CRITICAL_ABORT
929.551866860656,90.64521179887778,17.933529546082152,1.0848499780202583,0.8855918187920475,89.14875249942268,1.1704509096938613,10.982734493347998,87.0486073007246,34.74501651318142,17.66445599140118,20.199154122583334,NOMINAL_FLIGHT
496.4210137091394,95.5018098015535,21.930242738554476,1.1274931667475208,0.9204025851000169,76.71573643027477,1.2893332472018946,21.70556413793136,76.71573643027477,15.13886016998871,35.72152401303032,28.903619655806395,REDUCE_LOAD_PAYLOAD
2907.227970480065,70.93958422956153,14.14090972387713,0.8602193412402654,0.7022198704002166,89.34209607121775,1.7519909915822165,23.103338987449632,83.37461323894965,14.269463365715808,49.10062931086965,41.12106581377726,REDUCE_LOAD_PAYLOAD
1814.5170676712182,81.34312092434185,13.102836273384547,0.9899505048434867,0.8081228610967237,89.45224563011845,1.2298486921341043,22.471910268057755,82.41882429452089,14.945317652567493,40.824096918330866,32.371475680544854,REDUCE_LOAD_PAYLOAD
3380.4501869031246,66.78241801254055,4.472992150723318,0.8380099164551253,0.6840897277184697,89.63775675647408,3.9397514758834538,15.367238127846193,73.77116661513175,12.851992844852967,31.90583800475584,47.97289822257166,REDUCE_LOAD_PAYLOAD
4822.829342900851,55.31116427330953,-12.243008185347161,0.7385323636337842,0.6028835621500278,82.2382648907178,3.2562077056857186,20.897456039675276,52.009921743287954,6.785125211171977,48.55976924920781,79.79064079771359,CRITICAL_ABORT
822.890928916459,91.82218115590685,18.552861700288215,1.0966028340176215,0.8951859869531603,97.02101525425263,0.6586187530241183,9.65884588279658,95.42042302586724,47.351114994384325,16.179649118586553,14.107969599875982,NOMINAL_FLIGHT
3484.1945073257098,65.89796742470617,5.400365928425893,0.8241584860872475,0.6727824376222428,82.12187812932154,0.022376623527478046,8.684161100527263,68.45385531179465,36.392910368142545,16.87819911920387,31.876219612681837,NOMINAL_FLIGHT
3033.0525623391836,69.81434326106479,-2.4917103244109056,0.8985986724799211,0.7335499367183029,80.75928177238234,0.17113307298907143,20.805019043248933,60.05215793577866,13.66980539269059,41.69227001666444,46.54187083226288,REDUCE_LOAD_PAYLOAD
864.4727160791974,91.36187672553997,20.385152811063765,1.0842947189170486,0.8851385460547335,71.97832866537195,0.976253804171701,15.231039663587623,71.97832866537195,23.227236516065492,24.090473250592332,27.649918041378257,REPLACE_BATTERY
3743.9909131738946,63.72467582864024,1.168014427593716,0.8092743116841326,0.6606320911707204,75.76792805747178,0.4571651433474262,24.924337500572676,59.50171803793633,9.972776158346123,52.797484849159524,51.588526648183255,CRITICAL_ABORT
1641.84250716463,83.09455337358459,14.534460981367102,1.0062331065952943,0.8214147808941178,66.48170723814061,2.1333524595702884,9.65332166954405,62.33942187787721,25.744116028706234,18.252883523586352,35.1008818168928,REPLACE_BATTERY
2927.005911264075,70.76174532279198,11.160256070074727,0.8670586164897961,0.7078029522365682,87.17373527656596,3.4319808909094345,22.54567058609897,78.38896940780269,10.400696807153391,45.1952096871373,47.96072449481211,CRITICAL_ABORT
493.6339456623713,95.53372877429649,23.463571927437194,1.1220395335518143,0.915950639634134,73.69875103744825,2.9470008836529096,16.15971211399286,73.69875103744825,15.89893724983804,25.968332826446783,32.832049068684405,REDUCE_LOAD_PAYLOAD
2757.5043432817383,72.29764075277711,14.46658126045092,0.8756945654361253,0.7148527064784697,75.64543390699129,0.8624362523287616,22.06155332356591,70.87364628540944,14.230119692558779,44.8558060276303,41.08060807540226,REDUCE_LOAD_PAYLOAD
1838.780808256922,81.09942866291225,8.079977168359827,1.0046126254804733,0.8200919391677333,91.97850825825124,1.5971970241031435,21.891163796892464,79.47970878782367,15.394345275387346,38.5718724979005,32.65793060963304,REDUCE_LOAD_PAYLOAD
4934.287267112126,54.495938528309004,-6.3932444001370765,0.7116904832645374,0.5809718230730917,76.45274141065089,2.0315768381251105,23.571864023155314,53.449412274776485,7.606195115730317,54.710178571690754,72.45830773478643,CRITICAL_ABORT
341.87236198420965,97.28487144441429,23.200163579052372,1.1436222251433317,0.9335691633823116,73.47685622045998,3.240823398013342,13.063450191863748,73.47685622045998,19.46061670710408,21.33660662516943,31.268513625415178,REDUCE_LOAD_PAYLOAD
2511.6436495099797,74.57331785311143,3.3280438094097304,0.9396481576308566,0.7670597205149849,70.9170212196797,3.356486412424659,24.14658900885405,57.43851085094477,6.966098726279089,45.52922115449371,53.91142207586688,REPLACE_BATTERY
2750.588544788628,72.36087488884169,11.902649469330647,0.8843438825446137,0.7219133735058071,92.12004407636846,3.638873247631104,10.578338326079544,83.61646159559591,22.02132920535572,20.00997097134902,38.795862092135735,REDUCE_LOAD_PAYLOAD
4350.036457794712,58.879837464518594,8.348129553598461,0.728674443226867,0.5948362801851975,69.53971902965094,2.0369810020115007,9.393469219089338,60.30266614370666,22.1414804778314,22.286634088820442,49.311071299088056,REPLACE_BATTERY
3445.725450541266,66.22481391401861,2.5177541990626153,0.8369070518440657,0.6831894300767882,80.88138160876237,2.777098985743452,15.337463795329935,64.76191619711905,13.453667771595482,32.19978950825344,49.38687599995132,REDUCE_LOAD_PAYLOAD
4003.2740231650864,61.61391104062311,1.5038242907957748,0.7815118641894584,0.6379688687260885,82.7425540627018,0.4472014849357486,22.081490466911326,65.29575673098029,12.58394058078105,48.1160815681223,48.513848579551635,REDUCE_LOAD_PAYLOAD
4662.2957139105365,56.50266804664298,-4.88232976134185,0.7337414721800549,0.5989726303510652,89.058646944,2.2611558398159284,16.048159220768575,63.79639946050139,13.210501885664018,36.76602697311082,60.993224212792555,REDUCE_LOAD_PAYLOAD
5173.217841949133,52.781112968722844,-12.19383932220524,0.7046175213467738,0.5751979766096113,87.16492188165483,0.9947672378845405,22.09787351801874,55.17454410032237,9.694587163343732,53.00082050132896,72.29108985898198,CRITICAL_ABORT
1883.252980334823,80.6543083512325,3.655054238813568,1.0150700275285744,0.8286285939008771,93.37522355308111,1.7268675401064444,20.40467569850319,75.97639575876416,14.38582908928767,37.23779608302816,33.63680774963288,REDUCE_LOAD_PAYLOAD
3228.1362321834176,68.09833262367971,0.4882470753309591,0.8669661228723685,0.7077274472427497,66.56630018741834,2.5362020332268775,11.56028256436187,51.75969288044301,15.969232645877474,23.09583300230307,52.39362029496095,REPLACE_BATTERY
5040.648470635199,53.72709028664633,-14.724006963887451,0.7242684646477907,0.5912395629777883,75.37542536727891,1.0279437514151244,24.130987623290885,45.53778590018207,7.339464838299406,56.739206796188114,80.02457386527058,CRITICAL_ABORT
5936.7067857903385,47.59190489432697,-5.06808371734161,0.6184548755579613,0.5048611229044582,74.80469415713829,0.20874023118704432,9.033279866699857,53.42729633151173,23.246298051431285,24.330237447948598,61.73359087655984,PREHEAT_BATTERY
5337.1158662625785,51.63027417944377,-10.266801600322959,0.6842015443577236,0.5585318729450804,70.11059169572378,0.040935425635030054,23.270755028244515,45.91952528985656,8.57157282970842,57.440075796451666,74.030591576494,REPLACE_BATTERY
2228.803575746261,77.26266128724899,8.78318011241345,0.9546978003239354,0.7793451431215799,75.12123888497551,0.08863814217808619,13.175538632836357,65.515354853097,24.350019403184913,24.63942610365162,29.946636794981394,NOMINAL_FLIGHT
1170.9991033119024,88.02600272268243,21.834274952411665,1.0395719781949309,0.8486301862815762,75.84178599500162,0.03339895005507865,16.502517413794788,75.84178599500162,23.851080381897983,28.06180918567468,25.312959515385614,REDUCE_LOAD_PAYLOAD
2936.3552244395323,70.67780410279259,0.3049355268636029,0.9004087991120796,0.7350275911119016,83.26595616746174,0.4414202262315019,15.179981835912486,64.57077269091694,19.702496408529377,29.341171706895608,39.383046468298296,NOMINAL_FLIGHT
4449.848711016253,58.111347471896806,-7.758336811628407,0.7628095446602267,0.622701669110389,88.22965676241895,0.9579548582805195,10.921187467587576,60.3098195297032,22.386437831453545,24.68256796178421,55.53211832047342,PREHEAT_BATTERY
2955.4144245197854,70.50693402930591,6.1301675868645,0.8794966353175061,0.7179564369938825,78.3385179764135,0.8848860567291967,14.088496728828783,65.95193785599416,20.8320291464942,29.55291404809425,36.592856934652445,NOMINAL_FLIGHT
2899.085179882011,71.01290750845709,11.299791287884332,0.8697093195028576,0.7099667914309041,90.18145809596834,3.947186376719587,11.27988541697752,81.237046511633,19.740710481527465,22.311730251517282,41.917700045274444,REDUCE_LOAD_PAYLOAD
5029.382526490804,53.80810951031551,-5.182561196346287,0.699532920166442,0.571047281768524,76.7657868502853,1.224024420835773,11.466070082828907,54.727772823655265,17.55814116812632,28.108119426655264,61.15884640371021,PREHEAT_BATTERY
2168.422674403118,77.84682938173034,12.146878328959145,0.9505749338659554,0.7759795378497595,75.15992870601661,0.5096831334375964,11.179966212448466,68.43119196598442,27.676121188222897,20.690819877620612,29.962448698105774,NOMINAL_FLIGHT
5158.768048869873,52.88356279156516,-8.141403641474097,0.6951894825058312,0.5675016183721071,83.94158195499585,2.182250176671032,16.313295465892104,57.01211503786251,12.321026661354281,39.358243733169395,69.45435974597959,PREHEAT_BATTERY
2440.8288057103414,75.23942382733597,11.135792040516657,0.9220038929022173,0.7526562391038508,65.83007261070267,3.4318298215900334,21.564833247692363,59.17781403955828,8.125023270247018,42.62755929004787,52.00590439914244,REPLACE_BATTERY
1969.3986340700365,79.79770703645231,13.207173404191037,0.9707888824234044,0.7924807203456362,67.79261932719001,2.7122415071507007,17.672490573941097,62.54287934094572,12.016284620171954,33.17996918864333,43.53514193040515,REPLACE_BATTERY
2723.939467198194,72.60495784456936,2.144532089327061,0.9187791706706221,0.7500238127923445,79.62893402552845,1.1843283565418012,23.18451200536431,63.42027863623381,10.454262752101705,43.657771249945114,44.798020016112375,CRITICAL_ABORT
4574.68175204921,57.161665216917235,-4.50503528015411,0.7412566728614007,0.605107488050123,98.00194489871149,2.24646463916582,18.82125630580431,70.62437616187175,12.59744741760912,42.58219393474084,58.50800135561072,REDUCE_LOAD_PAYLOAD
756.0121671839657,92.56645725104688,14.717477618715458,1.1202204301881427,0.9144656572964429,90.25291229451983,2.8594238968016366,19.718781965754275,84.81781376196004,15.666168458407126,33.41188502983718,30.375660464616562,REDUCE_LOAD_PAYLOAD
1178.5152952321043,87.94546222530867,17.74506329549544,1.0532210576165129,0.8597722919318471,68.08442993251953,2.9124179694709693,19.349322905359053,66.33423261983431,11.06336055387099,33.5215001399986,40.57628320787034,REPLACE_BATTERY
5708.668953978552,49.09647018055712,-14.509587908301802,0.6612966682148055,0.5398340148692289,94.62113044733059,2.6661538211907554,15.640806284123599,57.39629754896305,11.080175456962351,38.26795988021269,77.97723933154417,CRITICAL_ABORT
1052.9497642881443,89.29882803784089,30.85273464604137,1.023318245873801,0.8353618333663682,90.63052697128634,3.483241699102472,19.718759977401408,90.63052697128634,14.08165511814254,34.184291089685686,34.3149348764724,REDUCE_LOAD_PAYLOAD
3406.3639075863275,66.56060074505058,2.6591626819303102,0.8407192508161679,0.6863014292376881,86.38312839959286,3.4804218333764174,9.18503168997234,69.30643254631563,23.235426495226744,19.554334146597537,46.00796685855801,REDUCE_LOAD_PAYLOAD
3475.886799971627,65.96844177160871,-4.614462031123519,0.855809112135995,0.6986196833763224,93.71025362132121,2.315746237628013,22.617475022566275,67.414700352867,10.055046369229503,46.899983600265784,56.26930540769844,CRITICAL_ABORT
2937.746772301469,70.66531722328155,5.23374492665583,0.884310718147051,0.7218863005282048,79.1438446710035,1.719425476444849,21.222806438546595,65.8211412149758,11.683820187668417,42.15667831057986,43.61803993670348,CRITICAL_ABORT
3868.4714914609117,62.70412185530765,2.451729033693515,0.7926046229041447,0.6470241819625671,72.75253677988485,2.5662811822603993,12.16890928993854,58.19837077042943,14.994877358979767,28.356113819866373,52.085520994236354,REDUCE_LOAD_PAYLOAD
1378.9603547857105,85.81948539622375,24.4035774246555,1.0047619468466362,0.8202138341605193,82.92081861880658,3.2728480054818525,21.0565517223194,82.92081861880658,13.445497308412833,38.41106509799937,38.92875994028293,REDUCE_LOAD_PAYLOAD
3315.973606660489,67.33692562200332,0.4989095570132305,0.8572391776012015,0.6997870837560828,84.20946144577158,0.022608419364738896,8.214924223800315,65.48865135434671,37.02223136262886,16.528525698989235,35.28491250464822,NOMINAL_FLIGHT
2233.0395314813827,77.22181324444377,2.573103175252813,0.9756842314255589,0.7964769236127011,83.84142302034692,3.9679880360594044,11.693191732174967,67.18493057412942,15.639636851413592,20.810213665270616,43.489712240744346,REDUCE_LOAD_PAYLOAD
3970.003557775134,61.88154695028698,3.2791619316165335,0.7798655814407381,0.6366249644414188,84.77758270180368,0.7315750893167969,9.107333057405231,68.61748725488503,31.52115864674893,19.21759313359851,38.759012242831616,NOMINAL_FLIGHT
847.3412602388968,91.55129261716957,12.589288278948915,1.1161870271869998,0.911173083417959,98.20467213837134,1.8809959426399048,21.263857582504208,89.90813386876434,16.85913675632204,35.315492930170805,25.383238104032433,REDUCE_LOAD_PAYLOAD
3425.2645010368574,66.39919127182701,0.5550035357230025,0.8451280219461017,0.6899004260784504,96.5785968083681,3.488118939371467,20.849860570032583,75.16973341088361,10.715850459479315,42.539429799876935,52.10255882824778,CRITICAL_ABORT
1111.6221322999422,88.66436448152083,16.486353712495404,1.0664450503371496,0.8705673880303262,95.65009627956287,0.9001615961767975,21.831812404631123,91.81877737467245,20.64969721855217,38.65879489084809,24.48162216901099,REDUCE_LOAD_PAYLOAD
1671.8583786902184,82.78793087523638,13.78475327201304,1.0051394633246913,0.8205220108772989,93.04958838180195,1.9071808956015328,8.07618878653399,86.45667027487393,42.903521831049595,15.648287159595265,24.182792905821735,NOMINAL_FLIGHT
1312.2588019414993,86.5222681895168,19.91614007275193,1.0285009577415485,0.8395926185645293,98.019983754285,0.5303287207247167,16.520956353532938,97.92627633903099,28.758891900562475,29.578240052775097,20.249155212163114,REDUCE_LOAD_PAYLOAD
1097.0266792129025,88.82185271726878,14.451155173684196,1.0758993632773832,0.8782851945121495,68.44731245877911,1.5803053015527704,19.982215357794722,64.11755238080097,14.275102204827087,32.97452040622574,35.35823703033563,REPLACE_BATTERY
4954.265709364002,54.35084594660071,-8.57137337169981,0.7156389981839779,0.5841951005583492,74.27931415060088,0.7085418191720101,10.641819188563263,50.08552714094801,19.765820782985905,24.492232314474442,63.2298947329858,PREHEAT_BATTERY
1714.2454059653421,82.35649375378313,13.786053096478334,0.9998967973268266,0.8162422835321033,82.32695809791048,1.454510995084628,19.04644236771462,76.49499914953337,17.660799953013306,35.28526928031198,33.06761118605862,REDUCE_LOAD_PAYLOAD
5562.742691186696,50.07931598349665,-10.409837705119589,0.664009622992539,0.542048671830644,94.62870725931919,1.493856867170888,9.429871688264658,61.823569877305864,23.139060315122762,23.098228033477064,64.08097633548714,PREHEAT_BATTERY
5819.559152071145,48.36009379040363,-12.337998614922828,0.6459546240726053,0.5273098972021267,82.68079990329564,3.972683158393331,11.082539553773323,52.2002597459059,11.47781524949717,29.190647132493357,82.36183233507458,CRITICAL_ABORT
3427.562819622584,66.37958545817003,4.900870548566103,0.8316732356860932,0.6789169270906883,91.1812158769556,3.979252117215089,16.08854585490822,75.48618628141128,11.657921177641047,33.9345031803239,47.774969185086135,CRITICAL_ABORT
858.0067359943585,91.43333125094588,23.642153764245357,1.0732343799333437,0.8761096979047703,69.86359668371207,0.45914511464244967,19.110607595578735,69.86359668371207,18.45376856690066,32.544051587079615,28.740939191257624,REPLACE_BATTERY
2247.2894602774877,77.08452709529698,12.355789086451171,0.940577839899106,0.7678186448155967,73.8344834541796,2.903875117313389,10.479775158216233,67.40025090210945,20.772045123843768,19.24554426371381,39.44451609417743,REDUCE_LOAD_PAYLOAD
4786.393580089284,55.579794033080546,-3.8436306530342574,0.7189732904604358,0.5869169718044374,90.61216332631854,0.20698191867640459,11.148796624125945,65.98220163903177,24.807355957058903,26.04971262346445,49.284189006129196,REDUCE_LOAD_PAYLOAD
2204.344372182423,77.49886788599873,2.7606457470818615,0.9785191952642628,0.7987911798075614,70.76569031107034,0.12076806134875451,11.47558824011627,56.85820554290718,22.45390582213664,21.16625309230552,33.1161421731522,REPLACE_BATTERY
522.1033098167325,95.20808881780052,21.85746698201964,1.1243027877428309,0.9177981940757802,77.29745771292244,0.42133557697985724,12.057913679882635,77.29745771292244,32.59146134671901,20.585071203834385,19.8062490626788,NOMINAL_FLIGHT
3340.7094655691276,67.12375472466346,5.682926213808712,0.838638187365169,0.6846026019307502,74.270319023475,3.861942628031736,11.85141542494695,62.148315555028134,13.60238840829394,23.844764997242798,50.08599433435751,REDUCE_LOAD_PAYLOAD
5070.7251089762085,53.511277407785194,-4.315007235493105,0.6934289506542758,0.5660644495136945,77.24515929778674,3.7634541915787896,14.717534844459824,55.83348997533622,10.131771840023664,35.29019168043519,71.66490685582394,CRITICAL_ABORT
4775.558322861014,55.65988253914136,-9.50288296976556,0.7354644879730482,0.6003791738555495,89.79134171772895,0.7757112811227218,19.114424064224288,59.59156242881017,12.700572576102617,44.021623802966246,63.21148525528089,PREHEAT_BATTERY
1050.7388407821195,89.32280790894106,14.875001160472998,1.0803752553045263,0.8819389839220622,77.87465133999804,0.6466893422148461,15.446540313285984,73.32482586569296,23.592739718086023,26.662092837508126,25.566191156840315,NOMINAL_FLIGHT
4036.5876864748,61.34686751973889,-4.108323338504194,0.7943561820026697,0.6484540261246282,84.4342162912779,0.9621403460637881,21.1915564487481,61.22874807738799,11.042636206196217,45.124452494940186,56.247733975682166,CRITICAL_ABORT
1323.0255806138825,86.40851265310445,19.08240322546648,1.0300791791405628,0.8408809625637247,68.49761569690433,2.0621879763005686,20.227564601126453,67.78108931691978,13.803388445085481,34.49738318210376,38.61322739813413,REPLACE_BATTERY
1309.2452073130335,86.55412979298991,21.659311427086323,1.022796060916113,0.8349355599315208,93.17561926321197,2.2788185281416395,10.150957538834287,93.17561926321197,36.14338684974191,18.481387907189323,24.66194097103356,REDUCE_LOAD_PAYLOAD
5244.430639831111,52.278555208461455,-11.126099695360228,0.6950645173266149,0.5673996059809101,77.94610189768437,0.8863737217577894,8.830307596452647,50.28789911841922,22.363688282964276,20.045287214890276,66.28478205038752,PREHEAT_BATTERY
1498.013716441381,84.57660242896705,19.80272241126627,1.0057618204563186,0.8210300575153621,87.69869556616699,3.026491152359781,22.925006587993302,87.50146431212818,13.289012151389962,42.096938981651896,38.14821567189477,REDUCE_LOAD_PAYLOAD
1579.4840791080671,83.73450628482382,15.350752531620534,1.0111136245495116,0.8253988771832748,90.38863605816414,1.238212677610603,9.357128131568848,85.59790989221804,39.96691842471305,16.567048973230236,22.83520892775401,NOMINAL_FLIGHT
3.920344567797329,101.27791317760531,24.353088874497136,1.1859481821672018,0.9681209650344503,72.33813227390951,3.6885253021176414,10.521766072235122,72.33813227390951,21.83081593987469,15.282976716428788,29.849551907059386,REDUCE_LOAD_PAYLOAD
5224.014204753106,52.422238664043476,-10.013013479985034,0.6940265989299182,0.566552325657076,95.96362447336725,2.6268908258269223,8.376265684488008,63.129828347422965,23.28115516098373,19.806293052660124,64.77836381224039,PREHEAT_BATTERY
4755.568879254808,55.807879178139295,-2.1781408921454664,0.7174865703105802,0.5857033227025144,86.56784880624335,1.7454047772144468,18.681718210077115,64.6808298041185,11.190928211557853,44.15294550802425,58.81013929130954,CRITICAL_ABORT
3763.973610544068,63.55994772377009,2.1620606153989104,0.8042679142638485,0.6565452361337538,80.00537996130186,3.1596480068113815,17.900299573691925,63.73608521391669,10.322307092959635,37.921599645360565,54.949016772997226,CRITICAL_ABORT
4501.594583633054,57.71614654208025,7.11876234462334,0.717406125470604,0.585637653445391,71.38173142523769,3.271658504186659,24.777362329399345,60.89960189239308,5.73902502855029,58.178556418381,63.41083252736587,REPLACE_BATTERY
912.2914045469508,90.83484240875482,14.808982655458198,1.098915465160883,0.8970738491109248,97.98053282654223,1.1619264224357746,23.077850737391927,92.18228026977991,17.825064417422958,39.106559984894915,24.232447897136744,REDUCE_LOAD_PAYLOAD
2749.9415675254527,72.36679277171537,9.715888321234434,0.8912533938497202,0.7275537908977308,91.42738714460688,1.3588581753443374,14.984334017175465,80.70854330182813,22.22114440955612,29.40725811888547,33.128058877799276,NOMINAL_FLIGHT
2107.316324092685,78.44165197428245,8.656438844339982,0.9697019484319215,0.7915934272913644,72.28085969566371,3.7438206149144135,14.316959295513094,62.93374487897126,13.103870923604475,25.658655831408083,44.623880546961935,REDUCE_LOAD_PAYLOAD
562.6591575420989,94.74575324286197,16.996280541033137,1.137588502493553,0.9286436755049412,76.81987711534785,0.6589641534530877,13.046484582759746,74.18938001446217,28.088984917634946,20.93982263295137,21.694227753728754,NOMINAL_FLIGHT
2916.7829112895447,70.85362316627112,5.986575391443099,0.8842758532530578,0.7218578393902512,93.33859903308256,0.1686016678517368,10.590917640643983,78.42747403803251,34.62221375076416,22.163054016394014,26.332864159773855,NOMINAL_FLIGHT
5524.437902055813,50.33992919995299,-10.222083966327604,0.6669885060990158,0.5444804131420538,89.34871821253687,1.8162212904381967,10.347422162234153,58.56524732176229,17.816751280998293,27.09571291829731,67.23962028368119,PREHEAT_BATTERY
240.3547143041669,98.47070073607392,38.02856213232338,1.1024015305545485,0.8999196167792232,91.80245024505035,3.2048396009745157,10.248823036163293,91.80245024505035,30.196007479416807,15.444979200743127,22.438653906359093,REDUCE_LOAD_PAYLOAD
1748.7654809627634,82.00647725210196,12.712295295326028,0.99938707542012,0.8158261840164244,80.44203857745264,3.086672425242983,9.939950872175235,73.75892739531571,24.18707492652033,18.770536034239942,34.58541058814069,REDUCE_LOAD_PAYLOAD
1245.2456172342208,87.23302001301396,11.255009840554148,1.0685285105845788,0.8722681719057785,90.07666919247583,3.67812251565133,12.088704720894128,81.09666591567982,20.262742397618624,20.832586151528286,31.783280816062042,REDUCE_LOAD_PAYLOAD
1428.879921994178,85.29655156174046,17.077334094509773,1.023848290996144,0.8357945232621583,78.52728030023698,2.132802657476161,13.21336671532298,75.91087764569508,22.66883180417797,24.075126294922303,31.776614767945816,NOMINAL_FLIGHT
5450.6073112762515,50.84534661368984,-20.802147711027473,0.7019303943260006,0.573004403531429,72.39420209283688,0.40025868626613326,24.34684250766157,38.72043832259836,5.9921273543929034,57.71737457606461,88.52889141461313,CRITICAL_ABORT
2808.414325405741,71.83352448139992,6.285522971841353,0.8955462293881462,0.731058146439303,87.1436962194476,2.3547558973440643,17.834045267032057,73.51921171201248,14.228581694849115,33.642793615303276,40.41288499665297,REDUCE_LOAD_PAYLOAD
2797.7964776389126,71.93012146037434,6.89444930682287,0.8948006139307769,0.7304494807598179,99.1604873959578,3.1135824574128463,24.789128166725778,84.34558554062001,9.430409716948592,49.2294816524281,43.16371997964207,CRITICAL_ABORT
4563.453854731694,57.24656492591781,-0.689448141029954,0.7319615175212597,0.5975196061398038,75.87103399883654,0.3733124810793056,14.331938113036445,57.976114012928704,16.745647007002447,32.35382163861511,51.89170802744731,REDUCE_LOAD_PAYLOAD
926.9532240295548,90.67374105246834,23.842915290947126,1.0635989349123425,0.8682440284998714,81.13393572743888,0.690629604390359,15.779652754020496,81.13393572743888,23.868571149267726,25.921194881340984,24.06800230444494,NOMINAL_FLIGHT
2923.5921246003045,70.79241553809203,3.4788030955594333,0.8915214206531098,0.7277725882882529,88.59004798744488,0.049162644622683604,13.517837205809746,71.90485264449654,25.268199305962735,25.613993742833372,31.168269124045658,NOMINAL_FLIGHT
2579.911284726358,73.93570020770855,7.477506576129006,0.9178387761979073,0.7492561438350264,83.95271987428708,2.3746103177872415,11.109090065241396,71.96792971331006,22.546232528615523,21.893146832236347,36.236273269083604,REDUCE_LOAD_PAYLOAD
3581.4641432799367,65.07735405383339,-2.1101210843729423,0.8364483735655482,0.682814998829019,94.51997284981672,3.5469375677836177,10.433800032218846,70.6957051413643,19.203665290706244,21.77321015692068,50.90332487146451,REDUCE_LOAD_PAYLOAD
5997.346219502631,47.19816434540805,-19.623063200805575,0.648549976303979,0.5294285520848808,91.66099472643306,2.682653264008398,24.066346362733142,50.257455713559594,5.994522637879837,61.868867021689894,91.95060485815185,CRITICAL_ABORT
4616.693364492283,56.84489848940986,-3.4590329722966686,0.7342898812771245,0.5994203112466322,67.04040213518249,3.928160350363928,24.77578159057885,49.11158788769836,5.921039426082647,57.62178830464897,78.21348038052582,REPLACE_BATTERY
2387.1942181045633,75.74712653847594,3.1153098393373426,0.9551734815016418,0.7797334542870545,99.9447431873321,0.25213460999904624,8.763461440648436,80.70683253761393,44.329257526481015,16.024265653191748,22.409849334724395,NOMINAL_FLIGHT
4965.318313644282,54.27071137573346,-9.347703541547144,0.7166867762028034,0.5850504295533089,91.33408588018135,3.612004340605985,10.55587987044003,60.77700517777398,13.890682047213952,24.742453224168788,69.09321522092121,PREHEAT_BATTERY
1024.250179874881,89.61051194654331,13.366504031317085,1.0895615374688006,0.8894379897704494,95.23661607029396,3.2562731495467228,15.199909569117384,88.03464659027837,18.63580001387244,25.131967466922355,28.97294714360456,REDUCE_LOAD_PAYLOAD
182.78211785376075,99.14839056232745,26.560332165401853,1.152461438234207,0.9407848475381282,87.79191992333712,1.2569660819980197,11.167669097854924,87.79191992333712,36.28232538129265,17.77336036994253,16.75328131385114,NOMINAL_FLIGHT
1226.6902347856383,87.43065461031624,26.033663970225792,1.0180481108759334,0.8310596823477007,94.96997948163667,3.894106207349007,14.185966691657015,94.96997948163667,18.80869750508159,24.393958054182733,32.030678510229706,REDUCE_LOAD_PAYLOAD
2042.469336685558,79.0769063772096,5.216009397527218,0.9896369813677798,0.8078669235655345,68.93340412250483,1.1517509926856602,10.194637947613767,57.31554101682813,22.751000444551263,18.81322439480796,33.22356201226189,REPLACE_BATTERY
3063.4845447573593,69.54437456966454,-4.177741955410681,0.9007348488175447,0.7352937541367711,77.17082424457604,3.557218895312874,15.760699864270434,55.90051870875855,11.149666148410926,31.69895039273461,59.66981914796134,CRITICAL_ABORT
3690.774843247199,64.16505131820946,0.38552909214287134,0.8171979162982097,0.6671003398352732,95.67473302615724,3.5229943082967576,12.618808474877408,74.28138737598967,16.959195600715898,26.037218209642564,49.363242190254795,REDUCE_LOAD_PAYLOAD
5463.634303286531,50.75587130796085,-10.43513399157366,0.6730449776524946,0.5494244715530567,72.05793239434122,3.03063046641189,13.982385947897235,47.05667415995737,9.736829856114511,35.56692323296896,79.92738037215665,CRITICAL_ABORT
3059.124057302746,69.58300542593352,6.208990161318638,0.8677267371520304,0.7083483568588003,67.7384734503008,2.2538818952514075,9.603315074866709,57.08879917686276,20.691006984397923,19.451251527893266,43.35047077877354,REPLACE_BATTERY
3007.6538677543763,70.04030968789188,3.2186472834248288,0.8828801114729008,0.7207184583452251,92.58416289808267,0.48001099846755224,15.27817686207241,74.87212547148069,22.288254521137038,30.570252560613532,33.24476116895857,NOMINAL_FLIGHT
301.4580589378928,97.75555814672167,22.037326122776538,1.1536822249496657,0.941781408122176,94.24201544751537,2.127886937985993,24.715379386346687,94.24201544751537,15.212747441561135,38.31378339663042,26.582603586429478,REDUCE_LOAD_PAYLOAD
209.46931593734286,98.83378628099285,25.476001499110282,1.1529759883830002,0.9412048884759184,70.69282763664653,1.4271850226197382,13.590161796980235,70.69282763664653,23.592414453067484,20.379917154660664,24.98545558315371,REPLACE_BATTERY
3306.9597714982324,67.41474199382763,8.706915948485683,0.8332371598747101,0.6801935998977225,94.90210939739504,3.168868132621407,22.899297672321396,82.68430191916005,10.324730157786536,47.80312306976303,46.697694478707874,CRITICAL_ABORT
2629.0716794900673,73.47928349068677,-1.864209768276849,0.9435834506577625,0.7702722046185816,89.03687284590094,3.0325168259873796,22.334385407602646,66.8442549847394,10.663997571131123,42.738374167305224,52.182967031573206,CRITICAL_ABORT
5035.082369881792,53.76710663715049,-9.572732599388958,0.7106424789763017,0.5801163093684095,83.20289391258044,3.642450029490421,24.18499311105258,55.15277287441885,4.941310278496779,56.66675609874783,80.90776355139468,CRITICAL_ABORT
964.0775082710711,90.26686062246206,19.802540165943352,1.073429482121867,0.8762689649974424,94.05875674734847,0.05932064972683149,21.431861708540605,93.84702652526094,23.28523913055743,37.78136297243927,20.784790064942598,REDUCE_LOAD_PAYLOAD
149.8299727022976,99.53796798432755,19.436224654381387,1.1851609796359046,0.9674783507231873,79.6737237261638,3.2364128672921844,19.213146059999854,79.16165760127679,14.401395375787304,30.771957013027016,31.65264075828501,REDUCE_LOAD_PAYLOAD
2694.232607580755,72.8778328590639,16.14333620956159,0.8776057672788636,0.7164128712480519,71.78978846781891,3.753848212498675,22.56193555186678,68.63348098195831,8.159900916768493,44.348466682486304,53.204023041807886,REPLACE_BATTERY
1424.871340513545,85.33844805251441,12.561286885518273,1.0405424252926987,0.8494223879940397,74.96984368137147,3.1572017964326005,9.285959571174944,68.61230126440228,24.74710484960518,16.21365036358907,34.48338667717621,REDUCE_LOAD_PAYLOAD
297.68624003302466,97.79958068661871,22.858576004748926,1.1509995342008357,0.939591456490478,82.68074064026602,0.5207778394814668,15.868121172379732,82.68074064026602,26.70905320648757,27.500663162416267,19.27203344424954,NOMINAL_FLIGHT
4347.589721085774,58.898778563820436,-0.4792227028460747,0.7525063016350783,0.6142908584776149,83.59657774356116,0.32511641936355096,24.817356056456,64.07985830957077,11.817217669569933,55.07816228046754,53.78680527932282,CRITICAL_ABORT
669.5579997434849,93.53581427547536,17.691449057657877,1.1203767308882555,0.9145932497046984,93.19532892544318,0.08338095923080324,21.08320257201045,90.74266265113822,22.719304355253843,35.06801907695553,19.249990014920332,REDUCE_LOAD_PAYLOAD
3649.91700004663,64.50482912050715,-7.9573257393251815,0.8473701379501328,0.6917307248572513,92.6973453278317,2.514980903312284,24.355281426632793,63.153448712921396,8.20511150984406,49.7838356329622,63.440249766121866,CRITICAL_ABORT
1686.298501001335,82.64074679437118,11.895787108908657,1.0100015848089718,0.824491089639977,85.34782950216012,2.518690607439549,21.253784054269147,77.4627119292701,13.319783047407292,38.512645823240824,37.162361140544874,REDUCE_LOAD_PAYLOAD
1040.9763021301321,89.42875561606338,23.380856815789343,1.0506298702959769,0.8576570369763076,92.32749191779168,3.947654856872849,22.872993446516453,92.32749191779168,12.811828365479998,40.58358765890421,37.28524137238174,REDUCE_LOAD_PAYLOAD
2278.509137515905,76.7844423391704,8.505214972220925,0.9497250354349404,0.7752857432121961,71.71207104027849,1.592172696416383,20.01100374915425,62.31488185852351,13.40726155678668,37.22207339267587,41.16932829913262,REPLACE_BATTERY
4808.674657337722,55.41539728351288,-10.488556779990084,0.7349817809041919,0.599985127268728,66.75225844826531,1.327625139589987,20.928534075093076,43.5512061986907,8.311759800885069,49.08079430564508,75.8092945654169,REPLACE_BATTERY
2352.5614614274364,76.07643007490644,14.336711548235272,0.9218808605490981,0.7525558045298759,95.5771837922145,2.49769970873757,16.894026167271512,89.40657855427636,19.052504277136944,34.2253880031388,34.774050472513764,REDUCE_LOAD_PAYLOAD
4504.617895266334,57.693123944598305,-5.9338907993464325,0.7521489754060049,0.6139991635967387,67.64440728169693,3.302434690030376,23.712040913840262,47.64558482511444,6.069673580306166,53.648250263167526,77.3334187689268,REPLACE_BATTERY
752.9177807949042,92.60101173119737,17.555230356582037,1.1096993581205743,0.9058770270372034,73.6340950410399,3.7470957980920074,22.025661480597147,71.58188527788337,10.745158528575027,37.100365691363926,40.88709325480963,CRITICAL_ABORT
4636.628517990474,56.695085916181846,-4.390804918621538,0.7348937177605093,0.5999132389881708,89.33616323685345,3.2124966647161544,22.34604441631575,64.49578063840772,7.882185307851129,50.9819067782599,67.50279760019993,CRITICAL_ABORT
1421.5999494398918,85.37265199760346,19.61335137673464,1.0158849143540565,0.8292938076359644,79.33067781695581,1.706695922463219,19.44115471637189,78.98100450704459,15.870134166891953,34.565303834456856,33.59173167485837,REDUCE_LOAD_PAYLOAD
4064.3587793332367,61.124970416727,10.490235592996694,0.750746425883737,0.6128542252112138,95.67098894704282,2.5396569412482566,13.177859100483232,85.29917130066892,20.623534859730412,29.68847375051665,42.654342404616465,REDUCE_LOAD_PAYLOAD
3394.689329045978,66.6604592903432,7.070699899488259,0.8287251843909608,0.6765103546048659,75.42929281317943,3.425197306864468,8.605706521632369,64.31146603325837,20.994444858283046,18.636964290388473,46.410015748543245,REDUCE_LOAD_PAYLOAD
5574.868303270124,49.997045347816574,-5.4374441393140875,0.6506059763049524,0.5311069194326142,65.41549713342758,1.9624387532469578,23.90613719996226,46.4458623158095,5.669609038312737,61.64509587090996,78.85240171753976,REPLACE_BATTERY
2323.9351078518844,76.34949631653055,7.364590804023475,0.9481851937411861,0.7740287295846418,75.52294741962605,0.8667465748215708,17.964045929693448,64.64434529422763,15.52346919209188,33.64799142884224,36.151983745663834,REDUCE_LOAD_PAYLOAD
396.99113300664266,96.6458883872283,17.290217105609443,1.159228576737356,0.9463090422345762,85.2326267214691,0.6788937589914918,13.068430509518384,82.59966090262364,32.86917741204349,22.12411620256888,17.871272158620354,NOMINAL_FLIGHT
114.93291330751742,99.9518896450163,24.56459281159675,1.1695891621759458,0.954766663000772,78.15784313911527,0.0006309783122269152,10.535296833408143,78.15784313911527,40.04044332864449,17.95112858198107,14.638741164319242,NOMINAL_FLIGHT
4961.151365836518,54.30091170685086,-6.711634301639389,0.7099909437339598,0.579584443864457,83.72054645155643,2.872951979925137,22.10189381351283,58.226582579596204,7.970638329036998,52.99264114334307,72.72652575079583,CRITICAL_ABORT
3148.413825968593,68.79541695120136,-0.8572535756188371,0.8801686253592015,0.7185050002932256,95.68093415922566,0.444388835383962,22.220843305608838,72.93062098955957,14.06241870130957,43.87742878430568,41.905088769218914,REDUCE_LOAD_PAYLOAD
4651.464311009696,56.58380263781118,-6.110990671083087,0.7381759147340686,0.6025925834563826,96.9369768980629,0.9753563987837617,21.846635458219033,68.08220320412408,11.076158404828389,49.63583488071365,58.30435647557144,CRITICAL_ABORT
1406.5536000690881,85.530111689438,17.85398960814658,1.023911792469167,0.8358463611993199,74.30909226289393,1.1915053260911734,18.966405763435368,72.49115610295277,16.35882742837848,32.84473407443703,33.044702139293264,REDUCE_LOAD_PAYLOAD
2070.5024730794025,78.80177884866043,13.343700900074285,0.9582159428619167,0.7822170962138095,81.17491656444653,2.2415194405470733,14.22226158906189,75.01521699011157,20.432665746336802,27.24422753157053,35.60576515089555,REDUCE_LOAD_PAYLOAD
180.62323326791363,99.1738761648005,26.347388250679924,1.1535772883359474,0.9416957455803652,84.2200405334508,1.591829109183077,13.16919484126437,84.2200405334508,28.441518857674687,20.17142192773754,20.447497404883542,NOMINAL_FLIGHT
5768.953947444673,48.695024599150834,-11.043377007703159,0.6472156994666,0.5283393465033469,98.21893599108864,2.6986959680926472,8.145431092008893,63.45979495544679,22.969234041998345,21.303754782429916,68.53502470800946,PREHEAT_BATTERY
4007.2074402048806,61.582331710141226,-3.581891657682005,0.7958478849861895,0.6496717428458689,99.95160617075346,0.22255463731481084,22.171328497700085,73.08125956663137,15.008626783086799,47.03428001568456,47.82796155253375,REDUCE_LOAD_PAYLOAD
5599.230526555837,49.83208178107794,-13.96450155585715,0.6697932715742043,0.5467700176115953,73.23925370945344,0.4957567770577578,9.486355857391922,44.88135759861759,18.39460167740851,24.184782552050585,72.33674256869735,PREHEAT_BATTERY
1592.978444574434,83.59568323537549,8.650883120296799,1.0334368672026302,0.8436219324103102,90.44429549710354,1.9968460141330668,18.72283496669305,78.74261865713446,17.553508135509052,32.83424222401388,31.35874436904612,REDUCE_LOAD_PAYLOAD
3668.781667353965,64.3477681334702,10.076794358124701,0.7914830162061878,0.6461085846581124,78.23108717816183,1.3478591513873193,16.569274096281504,69.38123108967916,15.735802450313336,37.02118321079087,44.01638215601284,REDUCE_LOAD_PAYLOAD
4070.999809755827,61.07200354408003,-1.3942469403164082,0.7828992368926797,0.6391014178715753,65.28378689101746,1.1832534510054389,16.95371910174797,49.361435870439685,12.231342614930359,38.02398696269884,58.18070170908508,REPLACE_BATTERY
1905.2982015455307,80.4343931136339,11.49129641097979,0.9844333757849043,0.8036190822733912,65.32383828525658,0.2681123161500909,23.754118370232145,58.98747686442033,12.278483235069148,44.43830837908022,38.50878831687792,REPLACE_BATTERY
5088.65541009378,53.382954086420035,-12.72022057287187,0.7140923961772621,0.582932568307969,81.11981026467895,3.582876698992006,8.537455191611116,50.8612680992151,14.49837411998674,21.283894677382296,76.11441505654234,CRITICAL_ABORT
5682.968777401487,49.268423669234494,2.7389924585292285,0.6221236953535881,0.5078560778396638,82.09172195515171,2.767274344500203,21.14766781868913,65.93808347308548,8.345049020548396,55.751607841592495,65.19763705005974,CRITICAL_ABORT
5309.130706176026,51.82532469263432,-14.875989751258654,0.6990428122826645,0.5706471937001343,65.78993938007049,0.4864726272785975,8.884890772244221,39.63276191234045,16.96940979090726,20.366579454321414,73.94984485348714,REPLACE_BATTERY
4434.401855636235,58.22974410069199,-5.967851689665896,0.7592414200825945,0.6197889143531383,89.04245958710058,0.26018383094856246,8.648611300901413,62.68290780219436,31.920220638115666,18.559814745678963,49.02876147658987,PREHEAT_BATTERY
1664.7880783497242,82.86007381343578,16.258061672157094,0.9974178590013647,0.8142186604092773,75.29011860082336,3.899490133724972,15.306900868403492,72.07838542312041,13.468350365859166,25.93540090479563,42.166950802595956,REDUCE_LOAD_PAYLOAD
1689.6962526337904,82.60614528613607,17.01803918660175,0.9917568998420787,0.8095974692588397,84.59625855375823,2.7246902017580195,9.072277963830434,81.72046345492971,30.21104510533375,15.568928544095456,30.908826014772565,REDUCE_LOAD_PAYLOAD
5780.161922676228,48.62068311679259,-7.781392221317057,0.6382840017008924,0.5210481646537897,75.53216756078966,1.669824284374966,21.415447171979505,51.61053555619872,8.294621180934945,55.25216156417279,76.73013260450924,CRITICAL_ABORT
61.70697561415217,100.58589731561244,33.63694719735433,1.142201340521084,0.9324092575682318,70.84970102042575,2.8069241630231394,17.002572592021732,70.84970102042575,15.028707855258045,27.06419077176849,31.290071167150018,REPLACE_BATTERY
4296.299839452867,59.29696981646782,-0.3951606791400719,0.7573602103627978,0.6182532329492226,79.25108085096063,3.0253271459206363,8.493659305216166,60.82482163232079,20.27571369637317,18.947967350338384,55.239235960939,REDUCE_LOAD_PAYLOAD
4237.476975331573,59.75632437358257,-7.823754339488563,0.7845960421401978,0.6404865650124063,73.12956776766752,3.1198488095551173,8.688511670192632,49.93354170253312,17.996386127482378,19.37996789955744,66.42431221608408,PREHEAT_BATTERY
3736.1372456987847,63.78951238264684,-0.5696177226510075,0.8152618777598545,0.665519900212126,83.71803419217088,1.9115092226122306,18.41536500557115,64.08668745016837,12.649379085396552,38.78174900180885,52.39374182130287,REDUCE_LOAD_PAYLOAD
5940.653076521195,47.56620042462181,-12.075083134818339,0.6347106154507118,0.5181311146536423,71.9589985600268,1.719531032499392,21.703900900192885,45.646762743359886,6.801027514517779,55.29492514072376,84.42884179080139,REPLACE_BATTERY
1871.2766145823514,80.77398422698285,23.177832212743837,0.9496017583147527,0.7751851088283694,82.79420918256194,0.04411233707560136,15.44259203167115,82.79420918256194,25.927855918061987,28.923330735123436,26.368783520869897,NOMINAL_FLIGHT
2039.8311827594891,79.1028381828907,4.7520699199418335,0.9916141909992933,0.809480972244321,70.50824802041036,3.706228460567352,17.427871416105617,58.252052891348534,8.992944374167081,30.858178165351905,46.8737240984808,REPLACE_BATTERY
473.6364176793333,95.76300445125791,27.93424581121047,1.1080316865952713,0.904515662526752,88.48411483200248,2.4132315135557723,21.597100718848328,88.48411483200248,15.038415949348963,35.589222724621614,28.80131751907172,REDUCE_LOAD_PAYLOAD
2656.7888192624246,73.22295853619873,8.630444522526322,0.905271548398653,0.7389971823662472,91.38781895544984,0.8126157487598724,18.378604958710927,79.54277575104574,19.68888109758575,36.89126616745868,32.586670177699446,REDUCE_LOAD_PAYLOAD
1566.2911574090886,83.87040864370435,19.008260152988328,1.0000760763213659,0.8163886337317272,68.86379819874769,3.6784136776857466,11.82092404019993,68.08523551007863,16.93071125172004,21.05642714295089,40.920974764099505,REPLACE_BATTERY
2060.320213065865,78.90162151423253,11.097945031892216,0.9670101747152684,0.7893960609920557,81.37308442130687,3.6597276070811855,18.421884439781138,73.11506497825725,11.738035026021807,35.472443227103085,43.31506421918327,CRITICAL_ABORT
5007.430741533766,53.96626032244672,-11.760462970601111,0.7192445392177131,0.5871383993613984,67.48050952292057,3.9567366574643836,18.68075080410863,43.04789017000441,4.406101273260797,44.90692673810113,86.75060283860272,REPLACE_BATTERY
5612.907081164974,49.739667264891814,-7.729532130565675,0.652846250434151,0.5329357146401232,85.93638559397009,3.4962262525559153,20.479818674979153,58.7704618671256,6.526725370112839,51.378069904954025,78.33840122432379,CRITICAL_ABORT
1114.3984320311138,88.63443319211832,21.028565327325868,1.0496243444171567,0.8568361995242095,74.25415042753758,3.991137551280259,18.554861188465622,74.25415042753758,11.883782966930323,31.23519553847414,41.61138740092369,CRITICAL_ABORT
2235.0535893207953,77.20239747644752,15.332436498113438,0.9322960811647205,0.7610580254405881,83.46685598935477,0.9787447524930903,24.477116217786644,79.02556589213704,14.23983207128074,46.55061231988116,37.18097556061821,REDUCE_LOAD_PAYLOAD
5571.7833726923645,50.01796579659943,-11.283115099393546,0.6654078070762032,0.5431900465928189,83.11113532845019,3.3689983407969364,11.353901248190164,53.47141790570873,13.440029591717716,29.22844050523126,77.39899495525609,CRITICAL_ABORT
370.8507641353358,96.94850442507735,19.59035991652107,1.1537214315692292,0.9418134135259013,97.35240211678301,3.292113235183058,24.168541552640296,96.89777643090109,14.496949821852454,38.40233106446071,29.936504946769382,REDUCE_LOAD_PAYLOAD
554.163168668271,94.84245643522937,13.604004428537031,1.1522209068130003,0.9405884953575512,84.2179127899053,0.923761436882935,17.151771335950276,78.0772184613455,21.74276581738583,28.286565254001683,22.511517197312564,REDUCE_LOAD_PAYLOAD
976.7459352373762,90.12835407636739,22.74801776165409,1.0611134833145164,0.8662150884200133,85.40494679014105,0.3937501960039631,19.423254388413504,85.40494679014105,21.972066172144505,34.30270179840707,23.936469113731622,REDUCE_LOAD_PAYLOAD
3571.2770047612485,65.16290768730902,3.906146881271816,0.8193606704111253,0.6688658533968369,79.0578594017533,3.9176820547103985,9.690847156687227,64.55311982289446,17.207062109418924,19.83495388381442,49.98063814547711,REDUCE_LOAD_PAYLOAD
902.8336260359848,90.93888564365481,14.3026682664463,1.1021120037573051,0.8996832683733103,98.2177861113986,1.1840982060824414,14.469791003427819,91.83858198182338,30.183646415431397,23.551665033532434,19.01254722108625,NOMINAL_FLIGHT
5808.458288704401,48.43340470761582,-15.447847243061727,0.654740795703109,0.5344822822066195,92.20150683038634,3.4835671618712243,21.079445489873933,54.942374631764764,7.3594827670586875,53.80595141350653,86.86060680275598,CRITICAL_ABORT
2680.287163551122,73.00621607818364,5.244339377160504,0.9135701222707862,0.7457715283843152,74.98918516059945,0.016508618698415578,20.017487256682834,62.37491454121037,15.093353849409837,38.848700677686,36.461193321967166,REDUCE_LOAD_PAYLOAD
3009.107762100998,70.02735876058051,-1.9741226135685777,0.8996200810717929,0.7343837396504431,94.54733550216812,0.08409922887840882,8.682369598811974,70.86275543070445,38.82563232596821,16.45672331872415,33.35530219036048,NOMINAL_FLIGHT
1479.951694832439,84.76422099518393,11.291902000563478,1.038153206968132,0.847472005688271,80.13387260647815,1.8634852347854736,17.292102479453156,72.17879738713822,17.80861665153167,29.92048091224877,32.94952725903929,REDUCE_LOAD_PAYLOAD
2825.761514608401,71.67593263044662,0.9633983710136231,0.9109311166762061,0.7436172381030253,94.0033500236758,0.9548587357402543,9.500729280462961,73.60300070509973,33.722251590919136,18.366943362414474,32.707516109016524,NOMINAL_FLIGHT
3971.481795822069,61.86963568693312,-2.877026732283134,0.7974755709401915,0.6510004660736257,93.80108239027257,2.759365133743857,24.92955929602876,69.33793787957589,9.717975050055697,52.51823480668933,60.09438521359649,CRITICAL_ABORT
4507.0628217242565,57.674511204332724,-7.989395832855477,0.7577350410752643,0.6185592172042974,71.6104565366999,2.2622573022718173,23.254042005066008,48.761055619639976,5.662704660747297,52.86234153503052,74.25070509153203,REPLACE_BATTERY
4523.208496259478,57.55171942340793,-12.535879830020352,0.7693125367015146,0.6280102340420527,89.53993959842519,0.3099431898019658,8.358371227285128,56.328767450142465,29.316380573518792,18.1711384278953,57.26676952955101,PREHEAT_BATTERY
3467.34667616453,66.04095131014361,12.575197757777959,0.8052064172144782,0.6573113609914107,75.17250392572859,0.6505131852628683,22.597042841344724,68.80969680273498,12.564731244902148,46.13746315522046,44.913462719830676,REDUCE_LOAD_PAYLOAD
5426.158649963143,51.013615919371695,-4.007327569614277,0.6603071446638387,0.5390262405419091,75.41224344974339,1.552197080233657,23.63030320949293,54.77315413340803,9.059086806107281,59.25607195327263,71.06602097748392,CRITICAL_ABORT
4904.447083836656,54.71323551852278,-10.774003152538192,0.7264583920998834,0.5930272588570477,75.37218269082032,0.7424162558217327,14.010319783578737,48.929839510573046,14.871371028922756,31.966394941262806,67.34806732645129,PREHEAT_BATTERY
4542.288688191753,57.40688291106506,-3.162769489978341,0.7407355547037282,0.6046820854724312,90.39488866459818,3.1688893889757144,20.23152813581202,66.52561461560026,9.414178903977474,47.64225746211479,63.67604845996268,CRITICAL_ABORT
333.6331300827637,97.3806807268048,24.91871010356851,1.138148333247631,0.9291006802021476,73.04391146273876,1.6642809422131202,15.515763685532242,73.04391146273876,21.385173236133955,24.709246026218864,26.9313359914761,NOMINAL_FLIGHT
41.26777331789589,100.83022514030608,30.68718874730106,1.1560916290946233,0.943748268648672,65.03170423361315,0.37372746736999707,19.13895223779785,65.03170423361315,18.529043852678043,29.792653607160915,25.364481541239318,REPLACE_BATTERY
1274.6836631728377,86.92021577847378,12.621531056076162,1.0596056929483932,0.8649842391415454,90.03328987189215,1.9373716090884994,13.785395873069255,82.46018057296699,24.297057175351043,24.093022028633463,26.460384304602727,NOMINAL_FLIGHT
3981.1415634807136,61.79184545022607,4.583113757287492,0.7750789664422943,0.6327175236263627,70.99146603422939,0.3633527242456567,13.483507022765561,58.51453817522401,20.132067612489898,29.22434368471985,43.3292530958261,REPLACE_BATTERY
2467.1849332952747,74.99094956904703,6.223771412546037,0.9351163943371452,0.7633603219078736,68.65688383577421,0.5157492216792687,15.215376110578845,57.87438848138177,17.45669630382205,28.26928997732065,36.42528801601269,REPLACE_BATTERY
2414.4375557958706,75.48889676694463,2.6268438664837745,0.9536032668779074,0.7784516464309448,73.3130642207921,0.9584393281128212,10.474651897092519,58.793120071580816,24.544118188966603,19.98909026978565,36.15137257709674,NOMINAL_FLIGHT
5307.521329377682,51.83655981786302,-5.878205844382444,0.6756557720327573,0.5515557322716386,78.29651828129464,3.438110820989959,22.129362395401504,55.19814132770217,7.046163369851976,53.666660819309655,77.78113971879554,CRITICAL_ABORT
5373.377088791032,51.378425831551795,-3.473158956529568,0.6637118786831976,0.5418056152515899,81.65672146156203,3.6984501293318877,13.927864221147823,59.805871750368155,10.420120498201026,33.627924271330905,70.15854443858639,CRITICAL_ABORT
5455.051584321514,50.814806983046275,2.4817095695635754,0.6422491679682655,0.524285035076135,66.55995142494208,3.3050309173282764,14.802542416399369,53.2673626398263,9.471290518527683,39.34495671311973,67.82249114949013,REPLACE_BATTERY
1883.2684590901638,80.65415377008907,6.760128690462868,1.0038078179747443,0.8194349534487708,98.97006664195762,1.336308869671389,23.198928415936457,84.03206585942912,16.38288446795171,42.08797801916526,30.276724664170374,REDUCE_LOAD_PAYLOAD
4146.334876435571,60.47375125676373,1.5434217285727323,0.7669394873498627,0.626073050897847,90.06220686968453,1.0897857644353266,16.442604839073915,71.11266892726354,16.969114354938057,36.37860163962066,45.76533448727412,REDUCE_LOAD_PAYLOAD
1629.799087646218,83.21783926756876,12.357299711331919,1.0154105409421308,0.8289065640343924,76.31179228635176,2.1966227631609567,17.25231645896467,69.66299129728502,14.461419216800229,30.66867358196454,36.38675928161221,REDUCE_LOAD_PAYLOAD
1143.6589984466987,88.31947223161436,21.483010062716616,1.0442813244653149,0.8524745505839304,76.1544040049889,2.8874126421324493,24.260468121210675,76.1544040049889,11.185032204935874,42.57875709615589,40.40138103658271,CRITICAL_ABORT
1107.7947440842154,88.70564097507912,10.446886407296347,1.0896630608776967,0.8895208660226095,80.69898922789608,3.9734911526406993,23.074348513464816,71.91042586351683,8.73576077390274,39.54868474961945,41.96269070787581,CRITICAL_ABORT
2052.645725181564,78.97694177033868,5.343953907827013,0.9879318575162932,0.8064749857275862,86.91856879670615,0.5262828475157049,10.880934051103472,72.39630772043348,31.814521480345626,19.16878075234652,25.05438876022461,NOMINAL_FLIGHT
2579.74571867893,73.93724123120909,4.352278712754536,0.9281948129676827,0.7577100514021899,70.12305733061388,0.19716799609521773,16.044655508607786,57.61422428173749,17.471293365557113,30.94213457053197,36.648885461795196,REPLACE_BATTERY
4985.695026330411,54.123225110612445,-7.012197442807248,0.7084668757263707,0.5783403067154046,71.61254348177333,2.777423555981084,24.512035866285274,49.56024481318473,6.919006301900245,57.714427867338266,78.55602755437566,REPLACE_BATTERY
719.3465608362726,92.97656757299067,17.118841021872452,1.115874977820128,0.9109183492409207,95.08021039917428,3.328903134015622,14.330227069886245,91.95728069826853,21.994548115752565,23.473223446379365,26.999637626324258,REDUCE_LOAD_PAYLOAD
4409.555084369365,58.42059867681829,-0.3668363288337795,0.7460894347536152,0.6090525997988695,73.96892233611754,3.385395119465693,14.316742844775401,56.79467488122243,11.609041132201963,32.698108485011396,62.558762840642274,CRITICAL_ABORT
3188.729485135832,68.4421825955609,9.407731437906666,0.8438380495194842,0.6888473873628441,78.30682492913121,2.7138541963086427,11.315513940415624,68.85113004233753,19.448869417995656,23.3221090284507,43.159794871836546,REDUCE_LOAD_PAYLOAD
1727.672056055955,82.22021069678259,16.768019341863074,0.9879747041408111,0.8065099625639274,95.49451478325409,3.8160632164767483,9.943492940025129,91.9760595412449,27.278724539127378,18.657806896750593,31.931339645323686,REDUCE_LOAD_PAYLOAD
2956.9175071969476,70.49347279365965,13.873974401524183,0.8556047386821959,0.6984528479038333,88.21017402899379,2.0440190541783476,20.58518144285169,82.04986728971089,15.64005368664151,42.35942638644234,41.39130486738085,REDUCE_LOAD_PAYLOAD
1799.652418662136,81.49270630521372,15.38139242597283,0.9839388706587774,0.8032154046194101,76.9599157769591,3.65525919334485,21.09051796792578,72.907812568054,9.887542030409826,37.24494400398324,44.923534676058765,CRITICAL_ABORT
3576.491731429836,65.11910199612716,-4.331679805994772,0.8439019468710914,0.688899548466197,88.92948410036172,3.871248547966092,24.473220379550998,64.26212155051945,8.091678619881023,49.3633535799005,65.13667904801127,CRITICAL_ABORT
2603.063537131465,73.72046411633295,14.896969576337177,0.8915941267285877,0.7278319401866021,65.68891253834948,3.388629828012431,21.148109585391172,61.867489819691514,8.41839046611192,41.423630583041415,52.58964551779255,REPLACE_BATTERY
986.4331744732724,90.0225576278564,15.562403187893743,1.0862464110979766,0.8867317641616135,90.74749310039778,1.2390342530344824,12.136992398571177,86.15670413898364,31.43457982008899,21.90703323119198,20.921144820643548,NOMINAL_FLIGHT
699.4984473341804,93.19918472059535,25.005352590755678,1.0889600609522996,0.8889469885324894,82.04556141806839,0.7848626046811811,8.681981830904762,82.04556141806839,45.21582317249442,13.913911830326493,18.516884979222738,NOMINAL_FLIGHT
3280.174092432781,67.64641236716864,11.547539481962453,0.8277582230042125,0.6757209983707857,93.46137515495614,2.1924802599272737,24.752435534284224,84.45561930352626,12.366994788566627,51.65318656064881,44.49612986358771,REDUCE_LOAD_PAYLOAD
5414.478199716621,51.094166304074946,-7.91066824450604,0.671082387500444,0.5478223571432196,98.41231782022639,1.8120590015207538,13.787661824241297,67.09932730629959,16.893881410738246,33.711452621626655,62.70076517158924,PREHEAT_BATTERY
2063.746119346113,78.86801718936748,4.104856158427017,0.9909784483121746,0.8089619986221833,97.40259923230988,3.511033368770932,13.303516221351153,79.75279632342645,17.81909632031659,23.673325477167207,35.170266773799796,REDUCE_LOAD_PAYLOAD
4398.000643335739,58.50952374704847,-8.178065014231262,0.7692528866676296,0.6279615401368405,96.82427652093693,0.40012668426861486,23.401238565739504,65.72141987104025,12.237838941898051,52.092386798205574,58.1214031929924,PREHEAT_BATTERY
3951.9681296386016,62.02702139947414,5.925929491774767,0.7742852664262687,0.6320696052459336,82.92594845768605,1.0309602452460744,17.946698275264765,69.6209440983599,14.976845741481998,40.75427155272446,43.663185347533364,REDUCE_LOAD_PAYLOAD
5589.329485856886,49.89907130747003,-12.176255086283847,0.6660979453381854,0.5437534247658656,77.60497399486283,3.007195778074834,11.652809955435288,49.13874718771914,10.90573446353537,29.39166358855777,79.32285734721225,CRITICAL_ABORT
4925.886103794845,54.55704521422331,-6.620391999955666,0.7130957191894894,0.5821189544403995,81.27623636557354,0.3799465799092485,23.114636126176073,56.61113626098168,9.560686880527287,53.8788389040919,64.52570462783132,CRITICAL_ABORT
3399.6315534327778,66.61817116157492,6.696516983504993,0.8293068427830395,0.676985177782073,89.14636011596762,1.2830576560868008,24.887134535930638,75.62644931521722,11.592783299481672,54.22649463208329,43.37370495298642,CRITICAL_ABORT
3942.1829894046436,62.10606451465173,2.857424879271434,0.7838910279052386,0.6399110431879498,95.93992219049153,1.5486215762159325,9.473535539564121,77.19082870569969,30.726421639086542,20.778950788938268,38.47963705094422,NOMINAL_FLIGHT
5390.318799504209,51.2611004905361,-8.643073134850056,0.6751391996879095,0.5511340405615587,72.24452060500418,2.49037518625076,22.658277681142284,48.654442609997176,7.249696527439614,55.37399675003681,80.46350543763555,CRITICAL_ABORT
2397.1127075216086,75.65303008677417,8.375425545007214,0.9361623100826647,0.7642141306797262,97.1367605461596,0.6325305828774583,14.638766860634698,84.26418258590333,25.21531157634416,28.90274615705861,26.14054107155814,NOMINAL_FLIGHT
1960.7682351466642,79.88319108640088,10.691664242884896,0.9804415536950408,0.8003604519959516,93.53130811894611,3.442417961398838,16.909231590613974,83.60623077353007,15.496728661712698,30.54099321980796,36.756463173005095,REDUCE_LOAD_PAYLOAD
64.86650181117804,100.54817152932822,28.86786186468406,1.159802385012309,0.9467774571529052,99.25996053123822,1.790168941865097,23.551871588004673,99.25996053123822,17.45676843441262,38.976304107605806,21.481658226095412,REDUCE_LOAD_PAYLOAD
4959.306445148785,54.314287281993046,-4.467644238128139,0.7042346448322785,0.5748854243528804,95.80881206485905,3.668086847522226,24.547446328176992,69.08475048017965,7.574727980126202,57.78689908725176,70.24116993486888,CRITICAL_ABORT
4805.8842024201895,55.435964536658126,-7.5247473188201806,0.7270506993730754,0.5935107749984289,74.79780653921674,1.8714796545357264,12.456786476949588,51.32759227428586,13.857708264243572,30.074432731406365,66.37690959865486,PREHEAT_BATTERY
626.7271086009083,94.0190859989791,26.3368353590598,1.0936559926038842,0.8927804021256197,68.70845689704167,1.1001610357629334,11.618463106318535,68.70845689704167,26.536060784764103,19.62538937334052,25.704629967442834,REPLACE_BATTERY
3461.1442867962014,66.09365286301602,1.8573915601757705,0.837255168330923,0.6834736068007534,68.9284375197056,0.5673153147506995,9.368781496055702,54.67226268361205,25.836154846646934,20.46840553479787,42.58488666348517,REPLACE_BATTERY
2783.8901890013244,72.0567944376708,2.6464028998194244,0.9101831456355196,0.7430066494983834,75.19281615023966,0.014980378845139253,17.55056349525635,60.31734561642867,16.15774185627806,35.576996816877276,38.33270482129694,REDUCE_LOAD_PAYLOAD
712.2545730546688,93.05606206603233,16.57549178062793,1.1189235389484835,0.9134069705701906,86.49643033945887,2.1286299399393425,8.231274722661361,83.11966214171932,40.64634913313891,12.634176241998874,21.802194832377648,NOMINAL_FLIGHT
5883.409362364341,47.9401649703684,-18.13586503691705,0.6549041157065358,0.5346156046583965,93.15121141340104,0.4286267877076937,15.002271059368923,52.65382831145165,12.54448887410254,38.90106784192026,75.0887150862606,CRITICAL_ABORT
1288.1753247801325,86.77715926467198,15.264810305910702,1.0481666074662037,0.8556462101764928,96.47376074435476,1.566911054524713,9.247528283084145,91.26599498741032,42.44919446432158,14.900964728128367,20.172973225011432,NOMINAL_FLIGHT
403.40508054336686,96.57175380551489,28.54648836814908,1.1151218155336167,0.9103035228845849,86.83136845292314,2.3570870449483468,14.888838309798677,86.83136845292314,23.267978106455015,23.720833293186256,24.734596749082048,REDUCE_LOAD_PAYLOAD
3569.0842770114573,65.18133456068738,-2.224523705727017,0.8381386176973185,0.6841947899569946,65.19709594618188,1.1027435876108012,8.678847217515358,48.678787736016425,22.854581095720768,17.34638186398519,51.01269993232532,REPLACE_BATTERY
4433.200062798196,58.23896375231871,-2.8734216030977593,0.7506676069875031,0.6127898832551045,71.52108717814868,0.700897169464461,22.19869343034907,52.87146260001885,8.781895775343065,50.656786593499305,61.22363955472258,REPLACE_BATTERY
194.66067628312177,99.00825919099988,20.451258876022642,1.1747784195882072,0.9590027915005772,68.49041713486788,3.0988864904373665,11.565562896955619,68.49041713486788,21.79301446511462,18.324357308247684,30.724036691761277,REPLACE_BATTERY
3952.305832362133,62.024294934808985,-1.9915331167110515,0.7968583267236129,0.6504965932437656,77.71635664491535,3.7871646891264823,13.581248076084503,58.23259577303403,10.93793489854314,29.177591897917214,61.594848699653674,CRITICAL_ABORT
3193.7512557087266,68.39828632451719,-3.309589222032983,0.8830406174083124,0.7208494835986223,82.5472847771811,0.401761671447864,22.79081594230866,60.61205116230805,11.793943276412294,45.425065365190065,49.891268886041786,CRITICAL_ABORT
619.5900532502905,94.09981134744382,19.869973508090425,1.1187523917539224,0.9132672585746304,66.51890125024963,0.6223612975400314,20.686523042647487,66.42030014937178,17.179574221326178,34.50606206890126,30.078428564402934,REPLACE_BATTERY
1035.1432616781724,89.49210708929765,17.303041900067072,1.0733744497457647,0.8762240406087874,77.19672915284794,3.8400506290108747,11.723652147914994,74.82329083150898,18.682349625451984,20.47170933257204,35.45386163716567,REDUCE_LOAD_PAYLOAD
3407.845783896483,66.54793417937614,5.550442124851336,0.8318391752917809,0.6790523879932905,71.27128861188629,0.1511368872489851,9.222290117177433,59.53112846206012,29.777458495221858,20.106586692982884,36.034286789392766,REPLACE_BATTERY
1778.1456810797304,81.70952630524965,14.558457639258606,0.9893786006159146,0.8076560005027874,87.64745581906058,3.910529346201889,20.16645420654077,82.21037010144343,11.942810539479913,38.0609793800857,41.46026450847543,CRITICAL_ABORT
5629.894371907896,49.625074895493995,-17.58627404216155,0.6764635692680125,0.5522151585861327,81.2495329263519,0.018577932339955083,14.641943361697859,46.4354467281625,13.559308968604228,36.00786901229581,75.3620760924603,CRITICAL_ABORT
4912.441376904305,54.65495218987315,-1.509877729660266,0.7009354905936637,0.5721922372193172,82.33611764268682,3.4946746226053254,21.023359985009762,62.14626365787488,7.954190267244702,49.85904442072656,68.36916595836954,CRITICAL_ABORT
5901.403239081978,47.82235805942409,-12.307605852922885,0.6386975612343632,0.5213857642729495,79.96921258117113,1.229300723950998,15.570011130378578,50.51601525614284,11.737244365875576,40.60086183067381,76.15663924111915,CRITICAL_ABORT
1558.0250337024838,83.95565025403317,15.864804866821288,1.011980835978082,0.8261068048800668,98.46068986702984,3.754355432709186,13.8820410205287,93.81913237978766,20.185771852567722,23.831210734950375,32.03529539478071,REDUCE_LOAD_PAYLOAD
5818.341796787862,48.368128904810916,-12.865133446046801,0.6473703699213842,0.528465608099089,72.51572937925471,1.2677811545423419,15.670491939610741,45.346803377207216,10.248003227073983,39.392679369627885,79.15445649374644,CRITICAL_ABORT
2587.403218749347,73.86599544914979,5.5930918420181435,0.9231725675593525,0.7536102592321244,83.0832490945356,2.617225286136224,20.725502756401504,69.43775986797817,12.460269272721673,40.56249746736251,43.2639447364688,REDUCE_LOAD_PAYLOAD
2085.112771882528,78.65869555895988,12.535778681507201,0.9591809987491585,0.7830048969380885,90.76060789278677,0.3201302790637466,23.33774487118636,83.03759507962192,16.124732859127786,43.325588210043676,30.60008054270691,REDUCE_LOAD_PAYLOAD
302.09716181611947,97.7481004888957,25.414310627838134,1.1405462029869133,0.9310581248872761,84.4895544597097,0.969319245814956,8.846042342005784,84.4895544597097,46.05828124087699,13.363869008070143,16.133461960038524,NOMINAL_FLIGHT
316.5915471576157,97.57908993070659,14.207676486747722,1.1829772936760534,0.9656957499396354,97.51573100008804,3.094717385917003,16.909896200858235,91.07652465803278,19.72762348722825,25.412964777783287,24.467406092758978,REDUCE_LOAD_PAYLOAD
4152.067535679928,60.428421971338366,-4.6822431686500146,0.7841363159348227,0.6401112783141409,78.22889244744495,2.114743414715279,8.55820229442592,56.21703662074209,23.100578895184935,18.748792740203015,56.52418258574504,NOMINAL_FLIGHT
2747.5739666041673,72.38845249219136,5.866034365054965,0.9038213155316558,0.7378133188013516,81.22865320206122,3.711876247148179,15.962962265414099,68.14050708265009,12.785297766512015,32.062776619703556,46.094799470523675,REDUCE_LOAD_PAYLOAD
1359.1297562166342,86.02794047392261,17.44650961306327,1.0313155857951493,0.8418902741184892,68.0982810325155,1.7150056333654171,23.049808094647304,66.11595434430424,11.790516702283211,41.374807215695995,39.355014531791966,REPLACE_BATTERY
3683.821837951396,64.22277062560471,7.021713082951558,0.7985593530628021,0.6518851861737159,86.3149688868175,3.4792494632556923,14.147034529145264,73.5444559682963,13.436833691555949,30.569054763074654,47.81412781569303,REDUCE_LOAD_PAYLOAD
1517.148709500667,84.37820538009552,11.279829315261752,1.0334693291579382,0.8436484319656637,75.08741889568371,1.79582174991295,23.851657158370934,67.62298265255016,11.54798219155993,43.41718708381344,38.61476338246071,CRITICAL_ABORT
3465.7905260665357,66.05417068116306,-0.017447653521691198,0.8424986817596429,0.6877540259262391,70.6108163830449,3.916993114807941,18.72034401806036,54.49750552683653,7.10513690359334,38.558067807605916,62.44519344358109,REPLACE_BATTERY
2155.252481896142,77.97472111867432,8.428188314442325,0.964711084562564,0.7875192527041338,84.05859525165778,3.839337525595507,23.880640844481107,72.96969857488425,8.279725699328855,44.120319616710496,46.87769803398575,CRITICAL_ABORT
4941.313359670914,54.44487612153428,-11.126174788383643,0.723866836730807,0.5909117034537199,83.63085921829688,1.3165468222243213,20.871832632012833,53.95541956255875,8.850317652346577,46.59057337345035,71.36508711361904,CRITICAL_ABORT
4924.176964600676,54.569483595074,-8.743082745465706,0.7189844208050408,0.5869260578000333,67.65550744284167,3.543694681667213,9.758397833028958,45.48674996861848,12.02192618899196,22.50879612187483,75.68053107247096,REPLACE_BATTERY
2864.102388734408,71.32861509450446,10.237345573166204,0.8768509713604216,0.7157967113146297,89.43754087230656,3.390445496862597,11.92957324856551,79.48365590303402,19.41053146763503,24.531403158143142,40.2760391913508,REDUCE_LOAD_PAYLOAD
2104.9146560100935,78.46510528012239,6.048877259112665,0.9790510625003738,0.7992253571431622,86.83202667277985,0.8427215893102513,14.700897727919605,73.02201808652757,20.982590321187782,28.160313121942796,28.868204087917803,NOMINAL_FLIGHT
2175.358779354567,77.77954328911497,12.99923990995983,0.9469242548274228,0.7729993916958553,71.61560489612741,2.4971616031330788,10.891816994205293,65.90005907430522,21.915941074971908,19.81196900658464,38.52357737419594,REPLACE_BATTERY
4834.287154009307,55.22690696232524,-14.932377651152175,0.7450875244683896,0.6082347138517465,81.43022017539153,0.29072926235925944,16.413497281203227,49.002336456822505,14.040702771742502,37.74948330754019,69.55661762095235,PREHEAT_BATTERY
1969.076896785672,79.80089251253472,9.394310188682102,0.9839287064170716,0.803207107279242,90.2113020767496,3.3468428823338465,16.01325864692534,79.30431688151702,15.957985986234343,30.032545946684856,37.070942167961185,REDUCE_LOAD_PAYLOAD
1254.3562422410762,87.13611464922926,15.199237924343073,1.0527417142329445,0.8593809912105669,83.53025091894467,0.6981835340139861,24.25640636646548,78.95874990603242,15.317125393945952,41.904651559269396,30.25352233054071,REDUCE_LOAD_PAYLOAD
508.13005125184094,95.3678060631651,30.071453031433357,1.095681467644749,0.8944338511385705,78.84211766642495,0.28325880554305805,15.373374009231622,78.84211766642495,25.956849802096226,23.89047849514224,20.655595708712447,NOMINAL_FLIGHT
2800.1587253064504,71.90862157356923,5.424956761744634,0.8992518517484999,0.7340831442844896,76.28184603283303,1.6008763821552447,21.355655672895963,63.607198304696766,11.49145625009123,42.03941809651877,43.45229295628248,CRITICAL_ABORT
2892.7925935190515,71.06961230327532,-4.809369225128425,0.9226563154668964,0.7531888289525684,86.36378533254188,2.307688554398574,24.012479262475157,61.93779149940159,9.371897508598437,46.69899904676848,56.479861302438664,CRITICAL_ABORT
5045.452262417443,53.69257379256662,-17.78988424001963,0.7324932128240874,0.597953643121704,97.86880444085841,3.419667834239084,22.908810126557754,55.70646542882601,6.597474450104599,52.13040344471964,84.09462485215609,CRITICAL_ABORT
1327.432178676384,86.36199003480365,16.54183877033691,1.038553394634619,0.8477986894976481,88.51106941671192,3.896970102086946,11.547349616697062,85.02169416206895,20.975228221052266,19.958952267113947,33.30652773260735,REDUCE_LOAD_PAYLOAD
2285.9476420103992,76.71308287477763,13.210194605881949,0.9332526591147969,0.7618389053998342,67.61610662727104,1.7579700502794546,16.432508202310252,62.38236428449002,15.911227928276832,30.329542921962858,41.120949868783235,REPLACE_BATTERY
4850.434433362146,55.1083411767374,-4.650544528717686,0.7150170171805431,0.5836873609637087,81.12397407187468,0.24178769194108085,13.911576299030738,58.32682253053442,16.72457276950488,30.687264456490908,55.73511299478176,REDUCE_LOAD_PAYLOAD
4941.741664493841,54.44176465249514,-6.2834702902050115,0.7106905397359362,0.5801555426415805,96.17884460287196,2.9964623161034827,14.797597817332663,67.3606272296815,13.56810076916383,35.81991514960393,63.81968748924256,PREHEAT_BATTERY
2307.6664558726093,76.50503600939253,15.811466024356374,0.9223431796808026,0.7529332079026959,68.30618490303804,2.2606930248957497,14.13371604617777,65.04461325421018,16.676573475495587,27.132801259790583,41.5120514142593,REPLACE_BATTERY
2754.7441397200855,72.32287311981506,4.396206988133788,0.9077846251779416,0.7410486736146461,99.61064992481403,1.7915653793778525,22.048106572975072,81.89158474428541,15.473535210275294,44.151285006918016,36.87739907204036,REDUCE_LOAD_PAYLOAD
1819.7153450956976,81.2908623151774,17.646403037012092,0.9738569074260001,0.7949852305518367,98.21742877758975,1.2370755151687587,15.686363937081607,95.5821564178388,26.317303194976457,29.52129022961562,25.2897576517003,NOMINAL_FLIGHT
5595.329270515872,49.85846861945422,-19.52971468348526,0.6848530547131191,0.5590637181331584,67.73960682554565,2.0095941113741427,16.902803648159697,37.21351525687334,7.044595059388451,40.89613801024528,91.0438760824661,REPLACE_BATTERY
711.8625944494819,93.06045738089952,15.848153971388037,1.1217925794682275,0.9157490444638592,97.66946621573442,1.3547184178281237,24.70160506980027,93.04666834189572,16.797001273147334,40.483881880310975,24.86937573418389,REDUCE_LOAD_PAYLOAD
5602.49653800882,49.8100002292141,-20.45143447171641,0.6866828736496284,0.5605574478772477,77.70964065908117,3.028047470989441,9.019647627255779,41.87412327794863,13.14800512589072,22.380228873725404,87.7915435329966,CRITICAL_ABORT
4103.198711012059,60.815721390214,-3.045018124927342,0.7843785649048992,0.6403090325754279,94.56482084765518,2.1755747859705643,16.295279876442727,69.72139352892736,13.961306712862438,36.38921228546767,53.42723364072576,REDUCE_LOAD_PAYLOAD
3189.4329161203873,68.43603239532138,4.0373799588857695,0.8601096466661676,0.7021303238091163,79.6434168199645,3.507391096616448,21.159049018083973,65.15039616317026,8.410870322168302,43.21706016975942,52.73311952954715,CRITICAL_ABORT
195.95436470697524,98.99300723602093,24.29680409053726,1.1594116484201133,0.946458488506215,80.42992894458806,2.1741756585977683,10.569753289199852,80.42992894458806,29.992860304715478,17.784020016636447,22.48760269011308,NOMINAL_FLIGHT
2853.57715093205,71.42382380551406,6.76116528337735,0.8889254162843123,0.7256534010484181,87.19850818421399,0.9530496533597201,18.396037108451157,74.0382725180036,16.598646196620447,36.14012064366577,35.73794731446504,REDUCE_LOAD_PAYLOAD
2446.488630016394,75.18600930678473,4.4600572508348,0.943505176499177,0.7702083073462669,92.10670967465941,3.404367528928578,12.070901252085935,75.78951352985608,19.262776376876104,21.960834135933833,37.69068557269681,REDUCE_LOAD_PAYLOAD
967.3128718507353,90.23147134313572,17.76126211090414,1.0805377732049564,0.8820716515958826,66.1826202831887,2.2288761797201757,22.745869924817647,64.49353313143385,11.305066835088944,38.424238905621756,39.48454894885449,REPLACE_BATTERY
3938.4576210039413,62.136178994105435,-8.087207879554361,0.8166542444121088,0.666656526050701,85.7604598434497,0.827364152574245,13.560694311801349,58.300460599901434,16.72125586895231,28.862149087284095,54.90185679201506,PREHEAT_BATTERY
5826.905444209715,48.311627764090396,-6.058740511701899,0.6301362196347433,0.5143969139875455,71.53565479340799,2.4940312398248885,13.594067887315463,50.28458344561241,10.863876010141333,34.438683621608185,74.73234907597211,REPLACE_BATTERY
3373.132866387151,66.84516134706344,1.5565060039935126,0.8477025304420044,0.6920020656669423,77.10823312521211,1.4308670597697102,18.16929593480419,60.89577744977441,13.498895809860366,36.250792622399764,48.08824862366086,REDUCE_LOAD_PAYLOAD
4288.519658663675,59.35756153139323,-5.319808376532343,0.7720740720669337,0.6302645486260683,77.17890331543258,3.377622449168263,11.120569438038448,54.90153582913514,13.76611228009089,24.97292679909969,64.72594441417957,PREHEAT_BATTERY
410.7027153961007,96.48746127334444,30.27513399214576,1.1078010591368543,0.9043273952137586,81.41711190774038,1.8131989545861713,12.843106861352037,81.41711190774038,26.29705211529213,20.971058633372554,23.40513686861082,NOMINAL_FLIGHT
2506.0019749019684,74.62620945941593,2.499754495391058,0.9431401242387093,0.7699103055009872,76.69477441566607,2.905765432429667,15.082741452029996,61.393952270045844,13.29363450963841,28.313222823095472,45.72173365647167,REDUCE_LOAD_PAYLOAD
698.1509109869752,93.21431436802747,14.834083508424815,1.1276039089851033,0.9204929869266149,68.75763914577337,0.38214483054494863,14.011843673381875,64.70840221514521,23.117102536515773,22.619357219308647,24.84752259830936,REPLACE_BATTERY
3676.775013219062,64.2813116506133,-4.380139210266732,0.8331949179690956,0.6801591167094657,70.09700584839081,1.5840973852093847,16.9229127060949,50.614693575195005,11.038514584392102,36.45990726854585,59.26418206735329,REPLACE_BATTERY
5630.892949284927,49.618345379849735,-11.940161078849437,0.6617518974222804,0.5402056305488002,66.17032949463842,3.932965745889595,18.193882449172428,42.076532291866485,5.574429765441306,46.56792082244782,90.68040452558071,REPLACE_BATTERY
3970.666394829831,61.87620574955052,1.3488265817940857,0.7852819794072665,0.6410465138018502,81.4587179865064,3.2338411579085933,17.6333467137528,64.13869028476832,11.9362846433973,37.51488792971066,56.73998981348611,CRITICAL_ABORT
460.81828988652916,95.91020104285145,25.70305845632673,1.1180199299047784,0.9126693305345129,98.4056693198546,0.6397632094677146,19.12086130386285,98.4056693198546,24.807461439071812,31.047488318963847,17.117751246877283,REDUCE_LOAD_PAYLOAD
2127.997229910497,78.23992896918863,24.02799459305661,0.9171793087074461,0.7487178030264866,69.04863282768407,1.1110561979090203,13.231741782332943,69.04863282768407,21.92638335599998,26.198431572090982,35.351801496347065,REPLACE_BATTERY
3303.9802766451094,67.44047995737495,-7.7230340691970305,0.8851524147394058,0.72257339978727,98.11925725510787,1.3192632354254443,10.149245861635476,67.1093932214125,26.82952510774604,20.619701626146632,46.23590377400518,PREHEAT_BATTERY
2419.2465367995133,75.44338828219666,12.318575456425249,0.9206728281427978,0.7515696556267737,90.66765301562327,2.6014622419817828,20.93372820432831,82.72804623454245,13.23201734730551,40.21653125984441,39.69431323922435,REDUCE_LOAD_PAYLOAD
5001.864062851034,54.00642501591508,-10.29776927139288,0.7157744824381154,0.5843056999494819,87.31245810269571,3.027979037958622,22.463266504721595,57.155209207400304,7.987336941765338,51.91646903710798,76.80838445153678,CRITICAL_ABORT
4888.026028259936,54.833113011243604,-9.704244928133448,0.7250937241318258,0.5919132441892455,87.5847214363247,2.998106435231639,12.369105947781348,57.92604803674571,12.211497442097063,28.24275017696349,69.16828927668357,PREHEAT_BATTERY
3670.9861206193286,64.32943480955727,-1.9602704252950272,0.8263783800731465,0.6745945959780787,93.93546769386987,2.0394962252256112,14.920563254686336,70.41899738071287,16.547105372760388,30.864829908485383,48.48944531852017,NOMINAL_FLIGHT
2240.7476707962314,77.1475272071838,5.891291785784631,0.9631545604116853,0.7862486207442329,68.74219525329374,3.243282151352605,16.47567668838044,57.68575050019364,11.607339789051016,30.776911112015405,46.0589738215924,REPLACE_BATTERY
1532.0182425794649,84.22429418004869,23.46450559625074,0.9892075971078247,0.8075164058023058,82.66640132479395,1.7483123310299002,17.06655632679992,82.66640132479395,19.367221302124058,32.34546655548148,31.79963765547774,REDUCE_LOAD_PAYLOAD
635.2459092787759,93.92280551462375,25.08238822475747,1.0971315372806758,0.8956175814536128,89.39818983912654,0.4955222611822476,19.211332908490082,89.39818983912654,22.535018484892568,31.553881790976863,20.801242918292715,REDUCE_LOAD_PAYLOAD
2129.3861009193242,78.22639689100833,11.274970236811267,0.9581379775893439,0.7821534510933419,85.53871557757472,2.257767366615253,8.707254967040463,77.03057820933499,33.009008377429986,15.394999452766688,31.173849074909715,REDUCE_LOAD_PAYLOAD
2479.0351032463172,74.87944800548975,15.64135059133394,0.9032768943523631,0.7373688933488678,94.14726748581532,3.8092055384044268,20.26511040647829,89.46922126381317,12.844007983610588,39.476434987652034,42.9530814951384,REDUCE_LOAD_PAYLOAD
4054.9375506244414,61.20017512887046,-8.919738905553249,0.8068867052038644,0.6586830246562158,67.5295098153973,3.1719746055700453,9.053507118649975,45.26604178339065,14.96382182732118,20.17031845768477,69.04916967199507,REPLACE_BATTERY
3948.958945785441,62.051320524399,-7.321758804259998,0.8131906175214606,0.6638290755277229,89.1745363824708,2.3148025907689695,15.960905650438754,61.39951739290205,12.634269348752271,32.73502016690817,59.867669787309175,PREHEAT_BATTERY
420.6488378475417,96.37267289101382,11.375943893017542,1.1799795489946048,0.9632486114241671,83.69097056346513,2.5872226413963877,22.0704093046763,75.46295642949173,13.502528807243456,35.95744777144679,31.10627567827343,REDUCE_LOAD_PAYLOAD
2371.555892586947,75.89567941389015,6.087813997568409,0.9468589146662864,0.7729460527888051,78.27063023929801,3.7222481081422907,15.670660325732737,65.85699278214808,11.915117358881187,29.324181957410687,44.80018205730945,CRITICAL_ABORT
1090.6732033041715,88.89047888079999,18.719116812046654,1.0609857494120918,0.8661108158466054,76.90962437819108,1.713371177739842,10.534525729060212,75.7865847868118,30.5461235018012,17.49459331363351,27.189749174201324,NOMINAL_FLIGHT
940.8762319008341,90.52097186466813,19.39859738230625,1.077937638732692,0.8799490928430138,86.72914214709675,1.3255765557705494,24.745575365101313,86.13452802955614,16.32831134497866,40.65931961055856,29.951502237804682,REDUCE_LOAD_PAYLOAD
4963.812898423475,54.28162043907832,-6.518074284453187,0.7092234770798078,0.5789579404733125,96.18483811254927,3.908966260001796,23.117852855262477,67.10757993653306,5.553101136992064,55.33251450294164,72.6419062309194,CRITICAL_ABORT
251.4913002975452,98.34004543928778,16.310022392735547,1.1835436019770285,0.9661580424302273,82.36615741353904,3.4537725340413337,21.11233176482524,78.90136366198193,12.61635699501411,33.0669627985703,33.257923551880495,REDUCE_LOAD_PAYLOAD
2515.097255412728,74.5409547240234,12.667641552887382,0.9085490286947456,0.7416726764855066,93.8653107426922,1.2921743384744095,14.995697249286577,86.01921395578086,22.617966673948327,29.276478729519745,30.661614015482954,NOMINAL_FLIGHT
1009.2219345991091,89.77407310779488,19.63819501630078,1.068168622281222,0.8719743855356913,79.07547336453887,1.8551223894436912,11.125377357118062,78.74932050052988,30.599056840424975,18.272771806411658,26.842647648924213,NOMINAL_FLIGHT
5275.981294070844,52.05714047051957,-5.62860700413049,0.6778978242450152,0.5533859789755226,68.58380619776118,1.6603125160311962,24.00399008411452,48.54594165661666,6.685570343912734,58.704027215005276,75.15511977007246,REPLACE_BATTERY
3342.243079650211,67.11055621991827,-6.188390905676631,0.8757587310019478,0.7149050865322022,67.15270077605236,0.5963827146857357,17.049969150791362,47.10441934348715,12.655819855067023,33.73130822843273,56.88545845036619,REPLACE_BATTERY
1388.283818261088,85.72162056625645,17.533609475291875,1.0273354567205197,0.8386411891596078,66.79670299632872,3.8312772952530363,22.49004282658725,64.9185899853172,8.464727236720803,39.53097752971057,47.58079177762586,REPLACE_BATTERY
3014.5637229982585,69.97877571577031,-0.5334903990763138,0.8942452375322073,0.7299961122711895,78.30525496851845,1.6172497248790352,13.815615097910237,59.975420676054874,16.554869736524275,26.654108385452755,46.17235981777581,NOMINAL_FLIGHT
4388.918158218695,58.579501108827166,-5.514584291178325,0.7625082294241929,0.6224556974891371,76.80332127925448,3.501316330551632,13.699901390351,54.46382639256382,10.307899170544541,29.400900399509304,67.6882383650632,CRITICAL_ABORT
5748.708053516602,48.829547065891596,-9.694777854675998,0.645681485080058,0.5270869265959657,90.12779582678994,0.7574249107226603,24.754188171458665,59.61769224485735,10.053798207022725,65.39986397292692,72.31599151650008,CRITICAL_ABORT
1322.6760254725136,86.41220394682833,16.858073865708228,1.0380241123302347,0.8473666223103956,90.9987525554703,2.191483242548879,16.871161824412447,87.7393630646717,20.722396947867356,28.37922255523292,29.206806008380823,REDUCE_LOAD_PAYLOAD
5317.09063277607,51.76978510963108,-13.818789011941046,0.6954469759882005,0.5677118171332248,66.7798889091809,0.09584554049707927,10.391822205632687,41.03395821401176,17.82208038506011,25.153272608168812,71.82046182088668,REPLACE_BATTERY
5605.824685004942,49.7875067293132,-11.40649467161003,0.6626541354449424,0.5409421513836264,72.73931420111552,3.0568819353692342,11.734469525910026,46.69616372495303,11.051157311805584,27.934143512657766,80.4336666045844,CRITICAL_ABORT
5498.523267192398,50.516865848297904,-18.3980778129688,0.690814393199572,0.5639301168976097,74.59916475556149,2.3236555929851135,16.193052749676255,41.94426907860305,8.368018634783306,37.5801517197268,87.4722448932383,CRITICAL_ABORT
3812.486141171459,63.16146715036041,5.970177061876996,0.7883215999310947,0.6435278366784446,84.16641944499833,2.5023583338790107,8.722005478302993,70.70484387649836,26.338923023326203,19.06515475602158,42.39830272344552,REDUCE_LOAD_PAYLOAD
3778.9239266082463,63.436929867848214,-0.5894256204348589,0.8108146172035455,0.6618894834314657,70.05803283674327,0.20688353021861383,15.863077751431108,53.614049755993626,14.914990734974168,33.903230323121726,49.52438204605492,REPLACE_BATTERY
2419.2637991029364,75.4432249651038,14.867535027107543,0.9125228841939871,0.7449166401583568,69.68794267900002,0.8441533208344616,15.12199431536217,65.6104941359049,18.33542957846205,30.29211782043245,36.96036376613032,REPLACE_BATTERY
4514.387293822728,57.61878055071125,-6.976175845327946,0.7541212299499995,0.615609167306122,98.03261112227852,0.29732348941432063,21.24871651043128,67.88479862147041,13.713482211617068,48.24661820051639,55.2581159937911,PREHEAT_BATTERY
3187.7641101055915,68.45062373955433,1.6616533422807431,0.8677302021274278,0.7083511854101451,93.14710175542234,1.155657263215247,14.03401339631711,73.67403395488058,21.1069038521426,28.172852921495995,37.75394379199535,NOMINAL_FLIGHT
4064.628427369767,61.12281906037708,-5.241018711092719,0.7948012693504347,0.6488173627350488,71.32292157319097,2.509756030728604,24.70332894617319,50.799921116461654,7.004526692966391,52.66586239646096,70.2701148786209,REPLACE_BATTERY
2570.747423092773,74.02103294587765,12.671011408362356,0.9022012788929297,0.7364908399125956,79.22987327669219,2.264743937269501,11.073088628115354,72.61018013076797,23.700604646966966,22.837668562262195,37.40221392949542,REDUCE_LOAD_PAYLOAD
4388.978784258834,58.579033781890125,-7.075517884324798,0.7669753871451571,0.6261023568531895,77.4467699740148,2.448599286453561,18.04677364445829,53.541979951148065,9.829999016416668,40.90132656050416,67.99693972267028,CRITICAL_ABORT
4946.829105627295,54.40481736967499,-3.9314120245015363,0.7040034111652228,0.574696662175692,92.68514259228925,2.1970050855115772,9.524888049140328,67.3989583627357,24.00685105093411,21.70160432172304,56.088099538412436,REDUCE_LOAD_PAYLOAD
878.6175396168967,91.20572215579587,17.37672400414372,1.0936502288878753,0.8927756970513268,82.85745207673428,1.0921151827034374,20.475687727897693,80.3795712744722,18.02919492829017,34.333681987176945,27.50600532611807,REDUCE_LOAD_PAYLOAD
4997.578293445368,54.037364182898685,-17.364075406852994,0.7359697485500672,0.6007916314694426,69.47474079477135,0.9780299893777009,24.910812697053515,39.881943019998964,6.702086754894942,57.408065515380876,85.28737133355008,REPLACE_BATTERY
3241.779190741843,67.97961527743024,1.076864921245686,0.8635970548188951,0.7049771876072612,90.86472221046853,0.5482387341463251,21.92535684177775,71.26304451045165,15.58399883637477,44.09435789286462,42.026597291617314,REDUCE_LOAD_PAYLOAD
5067.995454541346,53.53083484727873,-13.837511526332987,0.7191558746291613,0.5870660201054377,78.89107923787216,3.3962834996139684,17.446960192245122,48.4590322832578,8.313791060642611,41.49284559745588,82.76068215540164,CRITICAL_ABORT
2587.8102380460878,73.86221007678014,8.348747071112118,0.91408857520376,0.7461947552683754,74.20234866712515,2.465917434164978,16.240603075794766,64.34647487960966,14.612144425272318,32.07132886941798,43.11628991203723,REDUCE_LOAD_PAYLOAD
2274.2429122982103,76.82539356972869,4.265382391689181,0.9647542579396824,0.7875544962772917,78.1424517707252,0.7460440500162391,22.195509341536397,64.12567755821937,12.915882237571454,40.956151579307516,37.91307079110812,REDUCE_LOAD_PAYLOAD
5490.364395103335,50.57267606648386,-6.057493064598594,0.6596243503114999,0.5384688573971428,82.42147972624137,0.7088375192849581,23.911559440082314,57.937732371959804,9.437778330653812,59.80565227924869,68.4536757728046,CRITICAL_ABORT
1507.0156052904078,84.48322128883436,14.749019263847213,1.0222867413757357,0.8345197888781516,77.00904307459533,3.4921424061045467,24.816510938567582,72.39919085528076,8.318380734947693,45.080805870704836,44.82319987411828,CRITICAL_ABORT
5065.273951716858,53.55033964369841,-8.812260659953278,0.7057412575351841,0.5761153122736197,73.46670204071152,2.9709234550532773,14.741166868596231,49.33584587383676,9.967996251552679,35.80658166507401,75.39446154031744,CRITICAL_ABORT
2904.1234350564246,70.96753236424222,9.402658361071154,0.8749893270833121,0.7142770017006629,78.9475710081393,2.6375963196214856,24.84559707150671,69.40993905861926,9.539223618065478,49.81412615272689,49.10741462646499,CRITICAL_ABORT
3084.5726553075583,69.35779372116647,9.769812410880185,0.8540324195760514,0.6971693221028991,65.67105187624644,1.6274564301571992,10.650746286955135,58.01222202574189,20.923203258354352,20.443707933298757,42.50188171787042,REPLACE_BATTERY
1850.8096889369042,80.9788362811878,12.869243263061865,0.9863220152027126,0.8051608287369082,92.03742461337099,1.0479022571140701,12.310346190842456,84.55564467739156,30.933813527497463,22.675590441849735,24.899132416135334,NOMINAL_FLIGHT
3438.253203714094,66.28845270521923,-1.204647321888066,0.8491779120543042,0.6932064588198401,70.98307127486551,3.917803052451295,9.513274120476236,53.82412196369469,14.290906683243916,20.07179551968756,58.0577047807064,REPLACE_BATTERY
1951.267177657268,79.97738473918945,3.446915264667112,1.0073080740614226,0.8222923053562633,66.5366614770723,3.1889583000912007,12.61955478023619,53.980849729100335,14.967398207164056,20.3758911333555,44.48858852857528,REPLACE_BATTERY
235.61648544991388,98.52633261401166,20.03824405939966,1.1707069968085684,0.955679181068219,87.87945425167777,1.207116892545106,21.05493837750619,87.87945425167777,20.046886174102685,33.60528252567799,22.776271883918476,REDUCE_LOAD_PAYLOAD
1631.9916320661364,83.19538364138417,11.305993158330306,1.0188883329671454,0.8317455779323636,92.08776450882853,3.3902591851139787,22.499714089033645,82.96079164554695,11.662618009773515,39.55774802828934,38.50253400656008,CRITICAL_ABORT
38.27426043954407,100.86604955176415,25.286504572104445,1.177431135688349,0.9611682740313051,93.48401960574951,3.035727794458726,21.24117496674372,93.48401960574951,15.748790349459915,33.36851964621362,26.632543866484802,REDUCE_LOAD_PAYLOAD
5870.12872234114,48.027264692843374,-14.881571100907546,0.6478269053440988,0.5288382900768153,82.272821393121,1.1883221995119935,18.72811822885084,49.557041325421835,9.786345261430878,46.97507059725768,79.99789456596716,CRITICAL_ABORT
5794.483258918485,48.525824760217354,-9.224476322713015,0.6405218987267316,0.5228750193687605,72.18788646414949,1.7062114169665588,16.737430712884976,48.137840226305634,10.510161790770576,42.90060678987494,77.04551490985004,CRITICAL_ABORT
2370.93178483383,75.90161288140688,6.524027042226657,0.9454559895807328,0.7718008078210064,90.80296870374394,0.7438137815641066,20.04797291663199,76.85326350533995,17.28995972132804,38.849754137976724,31.867481796064887,REDUCE_LOAD_PAYLOAD
4370.225126037876,58.723737644206714,-3.6916691535109085,0.7592145513043922,0.6197669806566466,89.4899577004018,0.4442097775124374,14.644170337542771,65.3200599378463,18.90081666493644,32.495761777995995,50.05378655915737,REDUCE_LOAD_PAYLOAD
2074.83659046255,78.7593114942396,17.43349937797787,0.9442204674989928,0.7707922183665247,73.61947569361107,2.891048131358787,22.30224197549493,71.46550918978028,10.701594361713282,42.795753379265996,45.55917262949341,CRITICAL_ABORT
4026.5589425158564,61.42715949493411,0.5364929434217665,0.7818969471969147,0.638283222201563,96.61927145519775,1.0700474294154665,19.51223159760535,75.18100291702329,16.34605750170935,42.11000582261687,45.74774077545504,REDUCE_LOAD_PAYLOAD
4832.580258275874,55.23945236981671,-6.711959387236006,0.7222633568938621,0.58960274032152,68.65300103289901,3.2802374629850144,19.862679874404947,47.74704063330858,6.441244909420647,46.98176540755236,77.4343508206146,REPLACE_BATTERY
5680.537468153444,49.28471617046361,-14.93321575267327,0.6649212924128383,0.5427928917655822,99.39408838569639,3.9824348460577044,17.110911883194213,59.81151985675338,8.188524488235005,42.68455346632646,82.46907433507553,CRITICAL_ABORT
2401.273655098032,75.6135834785414,6.225564258287906,0.942874416155393,0.769693400943178,95.10867338421126,0.3064792557185947,23.048892731589934,80.17389465009383,17.310229174912752,43.76139476692319,30.69802681816327,REDUCE_LOAD_PAYLOAD
4699.787897736286,56.222553085673304,-9.801687600045597,0.7437422826230938,0.6071365572433418,89.07645259176763,1.892140500334801,12.284250472543892,58.81368640744214,16.746181231059868,28.022036003667246,63.46677327617956,PREHEAT_BATTERY
1595.5707037927127,83.56903676536174,11.92375609643287,1.0212465613891204,0.8336706623584655,97.85624608979415,3.2082502372432122,14.479510107137862,88.84670170543538,20.803904895203278,26.137462955233616,30.776454094640968,REDUCE_LOAD_PAYLOAD
5941.99382276189,47.55746992926284,-9.844630654230714,0.6292184888904542,0.5136477460330238,90.28089089132978,3.155803586164934,21.219923684520715,59.564732672162094,6.9216500442016695,53.26857733628905,80.44309326472006,CRITICAL_ABORT
154.61759258610687,99.48128941637873,22.885544291728962,1.17068484316075,0.955661096457755,71.66599489605161,3.039988633323874,16.376731234198743,71.66599489605161,15.573203949967832,24.846316149560344,32.044833858618,REPLACE_BATTERY
3621.1728390067256,64.7447402257132,-5.286488800449872,0.842041282707201,0.6873806389446538,80.47546483394841,1.3959797412076438,23.116638228211244,57.277126715273575,10.63506577370756,48.07101045506408,59.405789062652545,CRITICAL_ABORT
3957.035889907963,61.98611670850784,8.12011318089716,0.7677384480981384,0.6267252637535823,67.50260585160724,1.8154130227402092,13.88878843596849,58.360680031974965,14.582714628551333,29.246359632390682,49.597869206590794,REPLACE_BATTERY
4128.273342444773,60.61674748923115,-0.23395077016520882,0.7737595152800613,0.6316404206367846,78.63800978008403,2.379873429365881,14.278612869933962,60.49881292856854,13.899204548851262,31.12569226074249,55.33072508084578,REDUCE_LOAD_PAYLOAD
722.3254727345341,92.943193184616,13.27016742465968,1.1304632374057955,0.9228271325761594,90.9561056908023,3.8957623342930288,23.10850841957263,83.97794495255603,11.170689836248217,37.65875927277914,35.85314207117975,CRITICAL_ABORT
5631.178700838783,49.61641980672804,-13.811906191656206,0.6665021549585092,0.5440833918028646,78.5255172825786,1.3101890837539716,15.894295443094698,48.25740664886659,10.274449512241562,38.910611977230346,77.38868513257871,CRITICAL_ABORT
1087.0996743004969,88.92909670579604,18.488284031188858,1.0622868259695986,0.8671729191588559,76.5602961413847,3.692575550867431,16.774117931442277,75.24088952769091,13.49140241554335,28.210570547237538,38.45694019188649,REDUCE_LOAD_PAYLOAD
3736.5204194390462,63.78634782346875,9.235577740133085,0.7869147272190163,0.6423793691583807,85.83745028786092,1.0774276727219765,13.656983160706549,75.3039578969198,21.972712813425215,29.98960350409563,38.987805181774455,NOMINAL_FLIGHT
1336.0564747385097,86.27099780033672,10.775070622905343,1.0585308687439323,0.8641068316276997,95.52715851496133,3.9562978618948184,12.703389017044392,85.48112179875783,19.601527668362248,22.652688902491413,31.81730768140371,REDUCE_LOAD_PAYLOAD
1843.2985021276254,81.05412067113943,17.898763332950168,0.9701788196056187,0.7919827098821377,66.66541173911394,2.681054747310367,19.15112808425266,65.06850193281365,12.631416558485515,34.54450185569217,43.96431264002007,REPLACE_BATTERY
3278.7512503687462,67.65873659079911,10.685549007464864,0.8304233358556866,0.6778966006985196,78.49146521449074,1.8540459214342038,10.037291246200466,70.15686928526253,26.61599006800246,20.499273612943156,39.62908308851114,NOMINAL_FLIGHT
2503.160511387459,74.65286013656855,5.5861851506086655,0.9330298715543828,0.7616570380035778,70.5384259635342,2.4535617122544195,22.947634900109456,58.94772891122716,8.612146529188605,43.068765129135286,47.88275792354296,REPLACE_BATTERY
961.3536058590378,90.2966641152471,17.363633467615088,1.0827984785298472,0.8839171253304875,89.33739877561544,1.0901246761608272,21.246453325006833,86.65240091388057,18.74204861445421,33.94258237882815,26.17564599331952,REDUCE_LOAD_PAYLOAD
1025.6184145250897,89.59563264328573,13.151934068718067,1.090197062154453,0.8899567854322065,68.70035961508972,1.0966954300458664,11.242720482998648,63.33706326461491,26.2589004788043,18.996226649775664,27.795888371919474,REPLACE_BATTERY
2508.868728976798,74.59932938448294,7.675047556249288,0.9254256466045607,0.7554495074322944,88.26827155030855,0.45421817537397535,19.798339079017612,75.86618591000281,18.558588675185565,38.657953185825775,32.323494148152975,REDUCE_LOAD_PAYLOAD
4543.697869653004,57.39619762049366,-4.716986024459179,0.744885710967303,0.6080699681365739,75.01633047792676,0.45620119082159505,18.24475966185579,53.87870592879471,12.763878434989852,42.3724719755107,59.56718206441363,REDUCE_LOAD_PAYLOAD
5387.787881086731,51.278613900033704,-6.722371236651897,0.6705010566972717,0.5473478013855279,71.96208848080286,1.3906869658756453,11.13709586252295,50.039915346626486,16.134139005632214,26.899803107211802,67.20621079492132,REPLACE_BATTERY
504.76597355629707,95.40629055440401,27.169938526986304,1.1067137175642336,0.9034397694401907,97.77233952387448,3.0514219115854866,12.644459602853953,97.77233952387448,27.391350562355964,19.981871542878995,22.75365727588028,REDUCE_LOAD_PAYLOAD
2358.623445356406,76.01870651752438,5.928467282075125,0.9489352843073987,0.774641048414203,65.64836018610846,2.43188467039265,14.952770563475184,55.117347436207325,13.642428115350492,28.08019389389851,43.872940551498615,REPLACE_BATTERY
601.4733823372597,94.30497630396002,11.25379769367784,1.155158738438875,0.9429867252562245,80.32220451613492,0.41033824132408325,19.887126499173057,72.31354206171287,18.04190785536595,32.553748248945794,23.86686745412261,REDUCE_LOAD_PAYLOAD
99.5548837955873,100.13473368059611,24.24666935894747,1.1729813188107399,0.9575357704577467,65.75694473616278,3.408946099903644,18.8582979498891,65.75694473616278,11.870409373964792,29.996266771424175,36.66433280905608,REPLACE_BATTERY
3970.3120958637396,61.87906067611423,0.6606590267288968,0.7872919498312421,0.6426873059846874,81.92575668365151,2.4054705079602656,17.047992410503866,63.863709053469975,13.293908117075539,37.38196366938679,53.94265807233909,REDUCE_LOAD_PAYLOAD
3614.6966517995265,64.79889286647308,2.7515602017282847,0.8181932232969618,0.6679128353444586,82.53665822280463,3.843422307139119,21.06297923293858,66.30729240502968,8.209943488479512,45.42119003247028,56.94664904030985,CRITICAL_ABORT
978.1146828893172,90.11339958072345,17.008888323674217,1.0819219806298124,0.8832016168406631,76.25818649881614,2.68074186964483,20.884941573304822,73.6578835254229,13.011810436160227,34.70073468008167,36.59905066408637,REDUCE_LOAD_PAYLOAD
1402.8769985583847,85.56862296621001,16.505060007690172,1.0291433502579854,0.8401170206187636,69.62566221337583,0.700699454816724,18.503605619058348,66.8516145838652,16.811006233985484,32.36840132054046,32.54425371057343,REPLACE_BATTERY
142.2465218671103,99.62779869880504,31.652621649625022,1.1386867975286896,0.9295402428805629,78.17356382070663,1.895133449231289,21.37883141754203,78.17356382070663,14.0155465309204,35.98622690584911,28.403073325453374,REDUCE_LOAD_PAYLOAD
5009.683234166422,53.950015015539584,-5.654270177269199,0.7026145921819216,0.5735629323934053,88.5292028976398,2.5939903901888166,13.682477371246556,62.63806907489639,14.024282658010453,32.50068070623982,63.960005783809244,PREHEAT_BATTERY
5848.143576291309,48.1717336408319,-14.879775370908929,0.6497710904432336,0.53042537995366,92.38385330255608,0.11305880419991077,22.981241981484295,55.649313520105466,10.068768358375262,57.37976256120673,74.84826835553564,CRITICAL_ABORT
812.7572207681449,91.9346439502825,17.21608897952708,1.1030006090855367,0.9004086604779891,83.57627108358498,0.05964105661923158,18.453471458632993,80.92384559942126,22.54851253740117,30.170128509522662,21.785125746061347,REDUCE_LOAD_PAYLOAD
1388.8512825917887,85.71566702894856,15.12320487476472,1.0358536042643138,0.8455947789912766,85.64420380539144,0.5176120023942716,21.98017973481132,80.88277451929164,17.00631367088687,37.70799991251219,28.25531399976374,REDUCE_LOAD_PAYLOAD
5210.457143681604,52.51782487524379,-0.6842716247772298,0.6714865164356767,0.548152258314838,72.02157298936284,1.006657740181883,17.286744781434827,55.03883591382786,11.3527387077271,43.06995658016913,61.15492213614132,CRITICAL_ABORT
5558.782787737109,50.106207124176954,-12.048591667922194,0.6685359464701367,0.5457436297715401,75.05656166296774,1.7181964940827021,11.713450164807567,47.634350760192426,14.27071704927351,28.376029236472906,75.08605329962907,CRITICAL_ABORT
2517.764296840862,74.51597013447495,8.535560347930858,0.9215676555826602,0.7523001270062531,70.66634635183254,1.9497618950391535,17.220972187531245,61.43063563154862,14.742485311619298,33.302212047533914,42.597927594012546,REPLACE_BATTERY
303.73483361444477,97.7289926856386,20.614155726824595,1.158956319489745,0.9460867914201999,73.7253372501614,0.5521104357515871,14.308898284201998,73.7253372501614,26.79107228382951,22.296249376210728,21.623671596450755,NOMINAL_FLIGHT
236.3510021569164,98.51770693533044,28.958635273189866,1.1360399513159813,0.9273795520946786,72.87103730789362,2.6935663164633232,19.857483612630606,72.87103730789362,12.922794250606414,30.57208967665273,32.889214975801735,REDUCE_LOAD_PAYLOAD
3443.6991964140625,66.24206599645889,12.415141497031971,0.8081111985879563,0.6596826110922092,83.18070752369331,2.3845522467861393,16.08849445949051,75.98828910081193,16.40461187298878,34.580434596030805,44.57016528026504,REDUCE_LOAD_PAYLOAD
2357.3706533590744,76.03063297289626,11.930156000322958,0.9291034380145696,0.7584517861343425,84.69410645267553,1.1778563953646408,22.21391768377069,76.90256866755303,14.236765055119497,42.51958613026444,36.85370364570465,REDUCE_LOAD_PAYLOAD
171.9145654659271,99.27673573003747,24.296419843398603,1.1627361944860346,0.949172403662069,98.07315972875266,0.054639533741168034,19.527232709472585,98.07315972875266,26.470673171557994,31.564062749787347,13.59846693736741,REDUCE_LOAD_PAYLOAD
3499.5143538753405,65.76816891249432,2.4370708656814606,0.8313795938090638,0.6786772194359704,71.84497264855331,0.31059166141316297,19.637255361532507,57.46035958712032,12.778558340560116,40.429311966240995,46.29068021234694,REPLACE_BATTERY
67.81521953413483,100.51297320279576,12.637667129099395,1.2252397702613216,1.0001957308255687,87.45864985565235,1.5667791020433577,11.691640669348104,80.1181933591362,31.62012069501452,17.261774117822128,17.675467365408913,NOMINAL_FLIGHT
4724.231748895638,56.040532333415634,-1.981752046397557,0.7199558513410919,0.5877190623192586,93.6040744145633,0.6158974046627357,24.732246030351938,70.14764469538967,12.024659060873965,58.21325531575787,55.32365783150089,REDUCE_LOAD_PAYLOAD
1838.5969362202295,81.10127315142297,13.719951994547726,0.9848839497908469,0.8039868977884465,84.60845123240684,1.5072784245918833,22.30847855761531,78.55111668877294,14.585763921691951,41.85601170967997,35.14957209006437,REDUCE_LOAD_PAYLOAD
241.54801805539262,98.45669408320032,25.571648135943573,1.148209144342617,0.9373135872184628,73.92512783753764,2.5127304180414205,21.41308303753181,73.92512783753764,13.296466813198464,34.51239867317681,32.80582425235936,REDUCE_LOAD_PAYLOAD
3530.11332589892,65.50953656473247,-1.5030475887615045,0.8401215768198002,0.6858135320977959,74.1892580507,2.188949711517134,13.613658827720467,56.00289338129415,14.774822559599302,28.504129657706486,53.806501238000706,NOMINAL_FLIGHT
2386.106486598328,75.75745158274229,7.568023442225409,0.9401507750684832,0.7674700204640679,66.373856857485,0.9247035325495769,17.105738098402945,56.96705300696973,14.946929901212624,32.086013791755114,39.419185711139846,REPLACE_BATTERY
5842.802480142897,48.206884162895506,-15.0333408034447,0.650632083810987,0.5311282316824384,75.69054792919685,1.3752899650350097,10.330754197263587,45.461250451482435,16.157398452210344,24.986983089074776,77.98712154365441,CRITICAL_ABORT
3265.1919750222132,67.77627413978844,8.884367082720809,0.837178578788007,0.6834110847249036,91.0611287651183,2.4561247937946025,17.154091603266004,79.52202504871622,14.908031576844971,36.36275962028402,41.67848105852753,REDUCE_LOAD_PAYLOAD
1651.4350862220497,82.99646205493649,12.37187275654121,1.0126576434807777,0.8266593008006348,66.66312150224886,3.443420112173795,10.480117190215884,60.86605308702434,18.22649394242091,19.39896725830683,40.50217454528945,REPLACE_BATTERY
4256.633187803848,59.60641603597033,7.745185889823976,0.7392497092573963,0.603469150414201,72.67533488766907,3.012853754955509,17.40164334782322,62.52223588601688,9.885080647476716,40.4488474692269,56.13318064128203,CRITICAL_ABORT
1628.952015256268,83.22651613735933,16.566123995909447,1.0007635935945878,0.8169498723221124,89.71813744861237,2.2136001073336597,19.028271962633397,86.20601451240441,17.18019519844024,34.07873413446189,32.81883556206183,REDUCE_LOAD_PAYLOAD
5425.459748445391,51.01843276976335,-16.6439016648737,0.692902083890802,0.565634354196573,92.39280469880069,1.4491719932659448,14.633331443248341,53.796590209658746,13.016546410336344,35.79645120424386,74.49810939322927,PREHEAT_BATTERY
2248.3318230442587,77.07449256385291,9.743111683952533,0.9491410354436187,0.774809008525403,80.93614435216749,1.4602051101672218,16.475262931631985,71.47240022795836,17.827103958037206,31.629924377770816,35.14854536660582,REDUCE_LOAD_PAYLOAD
3299.211376657231,67.48169201457037,0.2967504409459174,0.8597172592369361,0.7018100075403559,89.4326018467527,3.5176692410575843,22.886107590467958,69.34451509566888,8.231837775306634,47.77843886424314,55.51081272991535,CRITICAL_ABORT
303.43862294537314,97.73244854793987,12.055736601754953,1.1937763525045118,0.9745113081669483,78.57832590292122,0.1569743041621856,9.84557345994776,71.46191103354941,37.885666549262545,16.168930111977737,15.763642284402433,NOMINAL_FLIGHT
2556.7274277133847,74.15173971838837,16.37862642043195,0.8922206767148757,0.7283434095631638,70.59696357584447,3.951930577681044,21.4594591809941,67.68246261876375,7.245723991173102,42.360883795377376,52.90072125168288,REPLACE_BATTERY
4994.18123796597,54.061897878216925,-3.9464653356787833,0.6996051192615145,0.571106219805318,78.93523227330172,2.657501643406249,10.90282736693534,57.386726514583074,15.843062026095762,25.066414572992183,63.7484785782284,REDUCE_LOAD_PAYLOAD
4833.892832180051,55.22980495902951,-3.7542668196737745,0.7142088797370432,0.5830276569281985,85.29887370711,2.724550796289562,8.624035707678683,62.20005456490765,21.532882579796617,20.441108922174102,59.23970948453006,REDUCE_LOAD_PAYLOAD
1345.9113531211576,86.16711713069743,17.078594506210997,1.0342935425427164,0.844321259218544,98.18186486485115,0.15199134921896862,11.154768246665812,94.91201381561562,42.23563838003456,19.74621774039647,15.75032536474614,NOMINAL_FLIGHT
1356.474426063376,86.05588384275681,9.272828387125868,1.0615078743769428,0.8665370403077084,67.40628332310371,2.4221170995650887,21.005734229498323,59.16318535658409,11.447719073719027,36.60845282769183,41.006947983351466,REPLACE_BATTERY
4903.8318732794205,54.71772286772335,-9.292992874093418,0.7224400803730145,0.5897470043861343,82.75879328457361,1.939112240361788,14.88714324672662,55.12231202630275,12.11674633286142,35.83434528033143,67.99565657616729,PREHEAT_BATTERY
5582.390521015953,49.94606314804421,-7.076634512683634,0.653946632619454,0.5338339858117991,76.51219223737536,0.42311562757626797,22.832848786385092,52.89489585665349,10.009149682694616,57.64391063909145,70.56303171330744,CRITICAL_ABORT
572.1655276380213,94.63764433524051,16.024823921440348,1.1401077308111878,0.9307001884172961,82.7909092996843,1.1116880430774363,16.92002820009852,79.0390730589428,22.807689476609262,29.099351621376023,23.68166107126512,REDUCE_LOAD_PAYLOAD
2700.3518365573514,72.82155633477333,-5.211133518876853,0.9468184005156852,0.7729129800128042,65.83914065817861,3.561257824854605,8.378255982747627,46.916515886902026,15.512838709941319,14.344747109254165,58.34338380506094,REPLACE_BATTERY
2024.7256737853738,79.25145081704824,10.70375308149044,0.9726465023061871,0.7939971447397445,75.95588741455535,2.1999536634638117,20.184131363232755,67.90629401330484,12.698521051336144,37.47585344629017,40.586644224582585,REDUCE_LOAD_PAYLOAD
5224.130732744636,52.42141767601211,-9.665637532977822,0.6931007442341425,0.5657965259054224,93.69538516344517,1.653666300695635,9.873959448260957,62.00870514704993,21.62902384758986,23.187370843979444,62.40510046994315,PREHEAT_BATTERY
501.14948808011263,95.44767657366484,22.420345409552812,1.1249855671578763,0.9183555650268378,84.38796068491231,0.2907286233632438,21.419453768852716,84.38796068491231,18.440017962877892,33.55677076364329,22.32949037300514,REDUCE_LOAD_PAYLOAD
1266.7556553482245,87.00436808356314,20.408681457809223,1.0324964746993177,0.8428542650606674,80.7703872485641,2.8564861096092224,10.85774334668806,80.7703872485641,25.114035135115177,18.88568705740492,31.346241371581293,REDUCE_LOAD_PAYLOAD
4514.810025518966,57.61556538912952,-1.1582361047172336,0.7379492969759157,0.6024075893680945,74.99337751003688,2.81140329358413,13.872588558693728,56.9046830108548,12.870683483206527,30.671588176886914,61.344908498831806,REDUCE_LOAD_PAYLOAD
307.7630938872935,97.6820051700374,24.2933889159522,1.1440702545464179,0.9339349016705452,75.43148829769746,2.456174427890254,20.941614303631127,75.43148829769746,15.23203325920673,33.71225625972447,32.16988649691557,REDUCE_LOAD_PAYLOAD
2955.2122842857357,70.5087445058766,11.768777092576265,0.8621133271453965,0.7037659813431807,78.40855017567046,2.041050584882597,24.221933077099166,71.05101007615043,11.223296475659991,49.11381218837928,46.9828453030847,CRITICAL_ABORT
2652.64220807832,73.26125979860889,0.16297674342434476,0.9338058258067974,0.7622904700463652,94.24497484875961,1.7351376088294908,14.31437716099445,72.93222160881096,20.261288546382644,28.107273756045398,38.38782525432239,NOMINAL_FLIGHT
2006.407073932492,79.43197807176239,14.481263091825754,0.9620590696090839,0.7853543425380276,98.85246223828939,2.373084371951969,22.09980374338191,92.63329789556022,15.267866950285324,39.81692350278604,34.26462812205394,REDUCE_LOAD_PAYLOAD
2367.4338919135425,75.93487472275966,12.744371519246684,0.9252905446226964,0.7553392201001603,80.3529383472631,0.9335818069136268,11.243468513089258,73.70661217223847,29.52459405750089,22.258445732349365,30.933515498399903,NOMINAL_FLIGHT
3179.6435215813976,68.52166273994176,-1.8654943206802832,0.8799243821111418,0.7183056180499116,78.76734935617166,3.765036256710591,21.722056093442347,59.133277214144165,8.847108256558776,43.384153205492055,61.370061071444525,CRITICAL_ABORT
968.2041503302987,90.22172427278929,11.192319979441113,1.1053811876557158,0.9023519899230332,94.6292771536952,2.3551781167209183,19.177399007356268,85.12778306498475,16.919826333699664,32.678280402360365,27.865967881917292,REDUCE_LOAD_PAYLOAD
3431.9752697015565,66.34195817811073,-1.037549885438123,0.8493414558151514,0.6933399639307358,79.94168622227062,1.2447697774175062,11.276639622610263,60.769426007442135,20.494157507720537,22.78132455476402,45.71919586353858,NOMINAL_FLIGHT
4832.593975799918,55.239351539037024,-9.719568055275925,0.7305081684412802,0.5963331987275756,84.3206360303478,1.798719403540629,13.142567325973996,55.75254518731178,13.571999734981665,29.34168582006008,65.97212874007066,PREHEAT_BATTERY
4560.965578740954,57.26539383104821,-0.8791789443040474,0.7327124983259506,0.5981326516946536,73.08295826095605,3.2227391555075693,10.240105106149612,55.68755959922655,16.113549902566874,22.6611218869619,61.310946781328965,REDUCE_LOAD_PAYLOAD
923.399428162642,90.71276824336096,15.925209798487352,1.093200998305773,0.8924089782087943,91.02258875226764,0.6464642429211898,14.510439188093326,86.7943520907574,29.00471414660464,23.284161487193263,19.659095024798862,NOMINAL_FLIGHT
895.4968184488434,91.01966292418362,14.897528088676498,1.1008129221812981,0.8986227936173862,83.61959113947736,1.1713424898410416,11.462026899095715,78.75559172818622,31.48515283460576,19.484782180020492,22.22662501849584,NOMINAL_FLIGHT
1609.04620646948,83.43062953881112,11.483030974475586,1.021133847388894,0.8335786509297093,93.31620925841196,2.7180320909462217,18.94796521171805,84.25581685071292,14.721866305454625,34.716416560845104,33.28682909870694,REDUCE_LOAD_PAYLOAD
2166.4483580462233,77.86599053756646,16.511247343470608,0.9364829286534824,0.7644758601252917,92.32564555100345,1.2619568259288956,24.9065867717495,88.65369026153031,14.488249170185858,46.78855396501226,34.999929639368155,REDUCE_LOAD_PAYLOAD
2450.7334884508955,75.1459686627359,9.135449196953942,0.927384095323903,0.7570482410807371,72.525166889451,3.170006727445864,8.20415577243249,63.54249858351489,24.30089940259562,16.18621226507125,40.722155629370526,REDUCE_LOAD_PAYLOAD
4078.1833010000714,61.0147520150327,-2.4044465832850213,0.7850837108001725,0.6408846618776918,90.04724426952168,0.5218139487094433,17.19563682588408,67.04821538354459,16.67135921777576,36.337805193527764,48.43238739796738,REDUCE_LOAD_PAYLOAD
340.0825929950124,97.30567714496718,22.23943565202716,1.1475871296764146,0.9368058201440119,93.001904278298,3.050744681818434,17.752332158333168,93.001904278298,18.35099381765083,28.761459843251735,26.524840480218966,REDUCE_LOAD_PAYLOAD
208.03622535639832,98.85065982537233,30.108066206816027,1.1355588859988868,0.9269868457133769,77.11375342738383,0.27340685940226495,23.5415494245738,77.11375342738383,16.265706899421634,38.80565681428485,24.37393632583076,REDUCE_LOAD_PAYLOAD
2351.463377663454,76.08689006820711,5.969629412171339,0.9496463477616013,0.7752215083768174,71.04131895157961,0.05037045066997914,16.602090691037937,59.67852818747732,17.06187170740218,29.981138342519596,34.002551674619134,REPLACE_BATTERY
4182.982152827883,60.184447883567415,4.388157461319281,0.7554470486141184,0.6166914682564231,65.09212544528559,3.5928940753286485,17.242924133963598,53.507354097543285,9.029129487951757,38.674100785403084,61.17180362825681,REPLACE_BATTERY
1160.6120577388954,88.13740442687137,18.5085031193047,1.0527568186803007,0.859393321371674,80.78162785826018,2.3253568677291945,16.01809762258261,79.40809263422403,19.100781994815105,28.238887550765437,31.827614080619867,REDUCE_LOAD_PAYLOAD
3849.02688753751,62.86266019259909,-0.8207716788705537,0.8041571888204652,0.6564548480167062,77.33514560385946,1.407307588347246,12.571373177545183,58.97912313703955,18.413170856418198,24.587566798139502,50.19050926009195,NOMINAL_FLIGHT
1558.9688276417967,83.94591415157387,27.371205109999728,0.9731211011855199,0.7943845723963426,84.4218441838893,0.9303785478554016,8.952495265231532,84.4218441838893,41.43641606769906,17.53522611456228,23.406756077145896,NOMINAL_FLIGHT
5316.516652881098,51.77378838324053,-14.835555692720119,0.6982383552091335,0.5699904940482722,71.5814382406075,2.4675431330432644,14.947180597567215,43.15463560689665,7.211146993927989,36.138512798395666,82.98377236297716,REPLACE_BATTERY
5374.1396655997,51.37314013828643,-11.700336624233076,0.6845268288120552,0.558797411275147,95.08829416832663,2.036008734146953,8.894055011091535,60.72492151890203,22.11348341425926,22.249810925051385,66.08011479920295,PREHEAT_BATTERY
1783.723225687959,81.65325152599503,7.243642837208265,1.014489997384274,0.8281550999055297,74.02143254698385,3.9663911021199407,17.3583719809206,63.257052870496466,9.859131861421705,30.552226946070608,44.78654057990422,CRITICAL_ABORT
1379.962523779443,85.80896167404612,20.792553448114464,1.0169805174624513,0.8301881775203683,72.92503617806776,3.932863946614983,13.223991935118983,72.92503617806776,16.03587652955072,22.102615611857836,40.20865368726728,REDUCE_LOAD_PAYLOAD
2467.8238323973874,74.984934561905,17.405089757675377,0.8990585553022529,0.7339253512671452,81.82499197695246,2.5400982645664385,17.07124082593227,79.40444696569844,18.010295067930933,33.880245575020034,40.52500481806824,REDUCE_LOAD_PAYLOAD
1443.1895110808923,85.14712785551303,23.968882084997396,0.998348568519581,0.8149784232812906,82.4597858310496,1.771482024423562,10.283048394718174,82.4597858310496,32.80393657095529,18.464823874017963,27.370567068857106,NOMINAL_FLIGHT
4034.303059750222,61.365151183975215,4.89677387735358,0.7688584591065476,0.6276395584543245,72.52798300747826,1.9645638765386484,23.85470941756911,60.04034859305028,10.441135842840987,53.00390656011056,54.952451997329334,CRITICAL_ABORT
4956.388107289713,54.33545052117815,-8.204625036362962,0.714445949749567,0.5832211834690343,74.51512543540706,2.7299162649474478,23.20686114034889,50.556074069554484,6.918782140815537,55.52650818440225,77.83882277819534,CRITICAL_ABORT
4038.552785467302,61.33114453657158,-3.076797992986694,0.7911193821294887,0.6458117405138684,70.93968337043357,0.4062981769415255,11.229940656438837,52.277190902217924,19.712450209039446,24.986869220169776,51.683075551218906,REPLACE_BATTERY
4946.102683496097,54.410091730563465,-15.505516305194952,0.7357005123048954,0.6005718467795064,90.14610624131083,1.3134082952428727,13.838552815998169,53.65830812830287,14.713022954826577,33.37384281935359,70.13616083226206,PREHEAT_BATTERY
2381.952973244845,75.79688834969362,19.696673349817473,0.9016822718090867,0.7360671606604788,91.95311609389287,0.30108896401441543,18.429377121483654,91.63514922415678,24.10398937504551,36.15340461290106,28.89784493234334,REDUCE_LOAD_PAYLOAD
937.9018242531652,90.55359081609903,21.248528533096767,1.0715501226676838,0.8747347940144357,81.18149741107489,0.29344303806767824,9.626665524200407,81.18149741107489,43.35861697481486,15.840322709007323,18.933980588207955,NOMINAL_FLIGHT
4427.705684385553,58.28112938016984,-6.239871472853504,0.7606858773894519,0.6209680631750627,89.99304579397561,0.783356967576935,14.027652958974564,63.07301790601186,17.892419873172937,31.27034099572057,54.17274330224671,PREHEAT_BATTERY
2162.8470308493233,77.90095201253907,17.581778744414237,0.9334535432241277,0.7620028924278592,90.7577387178106,1.9410130183729075,12.268908875923103,88.25575457902069,27.686123637579996,23.663462048925933,30.491543273172944,NOMINAL_FLIGHT
4027.624951374795,61.4186207916702,-6.043384767736175,0.8010467533288894,0.653915717003175,69.8396434687233,3.1390972846511573,23.56378438818384,49.104631410092104,5.340656911288211,51.45564157684126,73.21255084060205,REPLACE_BATTERY
1623.863651890594,83.2786535081006,16.477996433824508,1.0016952249582285,0.8177103877210028,98.8162308692088,1.9419835646634902,22.49268081691649,94.84867612951072,17.15407176161794,39.25165309233489,30.664904022776703,REDUCE_LOAD_PAYLOAD
487.377808840036,95.60540881059396,20.968898571085592,1.1324055279303185,0.9244126758614843,93.73611814837508,1.341906442243479,17.857156601536687,93.73611814837508,24.6859439208051,29.10133855798338,20.78183898563732,REDUCE_LOAD_PAYLOAD
5955.490772926581,47.46965451607459,-10.51730432462127,0.6296652533631044,0.5140124517249831,72.15692114185383,0.32941196134703254,16.845887726816763,47.053725315458195,10.998056317536436,45.18176084030904,74.44903312310983,CRITICAL_ABORT
937.2090475835956,90.56118954344912,18.59027349477602,1.0814045225010087,0.8827792020416397,71.51577625111246,2.2011820927325183,23.822338507271752,70.36645463843185,11.240082251659071,40.07899369970338,37.984367041791614,REPLACE_BATTERY
5930.525963780886,47.632186759400604,-20.803058220131877,0.6575744389303327,0.536795460351292,69.3981400952854,1.085074345932707,23.85127231063986,37.117257697569904,5.913000956187821,60.773091485645956,94.64884780316176,REPLACE_BATTERY
5863.679595398684,48.06960682927595,-12.736035506741253,0.6430559330634513,0.5249436188273071,69.84324968896715,2.4597367116685898,24.478612130978227,43.778391129311004,5.6191786250606,63.1119008101774,89.95408280412082,REPLACE_BATTERY
4762.908623448237,55.75350064856564,-0.7145853430367319,0.7129367922353615,0.5819892181513155,91.18566296600437,3.908750956529673,10.13144102983919,69.6525085136986,16.943106806555473,24.66649357327291,58.462834715213724,REDUCE_LOAD_PAYLOAD
3956.5377724919854,61.9901363209406,-0.8635775504678301,0.7931202791008471,0.6474451257966098,81.43789899330682,0.44525728591020064,10.729482782973893,62.06831949169496,24.98924992855178,22.596029863984224,44.72023657772151,NOMINAL_FLIGHT
3466.842301506508,66.04523569798727,6.341100648153125,0.8232200876565678,0.6720163980869941,92.40269604589535,0.8485015948877597,19.50452387755807,78.01453801941126,16.574733260657705,40.36880611794307,37.76689845008853,REDUCE_LOAD_PAYLOAD
5196.609272267008,52.61560714493205,-14.005607698105823,0.7073188294493059,0.577403126081066,91.11892130225719,1.892378152397499,17.204386102367366,55.79540237711504,11.628806839071961,40.862008118618284,73.64771060307223,CRITICAL_ABORT
1736.6371297169276,82.12931520737938,13.58055469049071,0.9978532488003525,0.8145740806533489,86.16144497268276,3.874455261383718,8.313920383185012,79.85600597747184,28.082576043937998,13.762537939610981,34.49143697634306,REDUCE_LOAD_PAYLOAD
2806.0872749092623,71.85468607306369,3.637880437646908,0.9043790121310046,0.7382685813314322,89.02283123025379,3.0872391050799823,9.05357561182183,72.41756605485182,24.75514720107526,17.442148241006446,38.85468699234861,REDUCE_LOAD_PAYLOAD
3716.3398161990117,63.953188650000826,4.578695395229976,0.8022022903459616,0.6548590125273155,65.64245035326996,3.5929167726513205,23.097366498399687,54.102319023595484,5.833550222068098,49.785626623373815,61.541214626389376,REPLACE_BATTERY
2467.1428552169464,74.99134573285734,9.121029252399826,0.9255231562688537,0.7555291071582478,75.91221763817578,1.3348593939031717,22.770803524169565,66.49756417436441,11.926525483659532,45.0259353105727,41.4905953237093,CRITICAL_ABORT
2564.918724541608,74.07535054174744,11.778396672162614,0.9056917877987776,0.7393402349377776,87.32377627407936,3.968153895114378,14.073605673932768,79.13924374847636,15.655472986423549,27.739263203077734,42.72344470827018,REDUCE_LOAD_PAYLOAD
1981.7080050125064,79.67591097114396,17.557450098208037,0.954802010183609,0.7794302123947828,65.32707337201855,0.4113312642566296,23.147860487819088,63.50803651421789,12.967520670251382,43.72971122601405,39.12669621602028,REPLACE_BATTERY
3385.390900107216,66.74008018917993,6.453052024910038,0.8315478887721862,0.6788146030793356,66.15419302889077,0.21189162418440333,18.09247626476433,55.937656540111334,13.565406326003504,38.67041670177879,43.2442253733971,REPLACE_BATTERY
5103.447168090696,53.27728031800723,-6.806814421121304,0.696855779040722,0.5688618604414057,94.81607938646341,3.4224105082161125,21.70039599932133,65.8405050819994,8.22929825424928,51.366186096371216,71.60693500601565,CRITICAL_ABORT
1209.1702680378771,87.61759355935926,12.149331965196774,1.0698749400277467,0.873367297981834,88.94087015922251,3.709059480827945,15.266328209723643,80.98087435087136,16.05226393257096,25.897593233375023,33.99295865343205,REDUCE_LOAD_PAYLOAD
5606.598232520649,49.78227983587679,-11.456819064718724,0.6627119843625202,0.5409893749898124,74.28794065921204,0.362341430184407,9.927771564863448,47.64771034792775,19.75139734923865,26.771216179216076,68.7680033054183,PREHEAT_BATTERY
4134.525922489378,60.56721379979866,-4.539870506260124,0.785520744033187,0.6412414237005607,89.07869940415482,0.453709706983366,15.373360064982275,64.15853027417288,18.055401570027925,33.49832673035858,50.313795137422986,NOMINAL_FLIGHT
4939.639276080181,54.457039073306184,-8.827975078042305,0.7177333398570448,0.5859047672302407,92.73598341987422,0.13269663102309526,15.774096565947264,62.2593303648032,16.628232830632037,37.90785029414264,57.91260864640081,PREHEAT_BATTERY
3337.14415578007,67.1544464198515,1.435892233678292,0.8519988372006505,0.6955092548576738,75.73779990885355,0.4180302505708964,17.36605129529025,59.70934656264397,15.460231992062479,36.297306725712545,44.22261781035273,REDUCE_LOAD_PAYLOAD
4677.100208544381,56.391924687584165,-10.300779229449692,0.7473992754209614,0.610121857486499,66.26130821247156,0.8376792672011235,9.794906119375277,43.372738516224466,18.49147744970921,21.068965425701464,66.47080267444619,REPLACE_BATTERY
97.20238403680325,100.16272865980544,14.58149155809083,1.2127218401987794,0.9899770124071667,97.64726936407071,3.880306475640004,24.853831671843395,91.61550025555472,11.226007590752474,38.58243256464754,30.853917916212655,CRITICAL_ABORT
4910.282548677212,54.67068642217681,-10.257551808040711,0.7244674285549901,0.5914019824938694,77.08129434034707,2.671440888958722,12.150325953717408,50.493174011300766,12.983852898596366,28.41653153389135,72.28202292363677,PREHEAT_BATTERY
240.83315451219912,98.46508475010361,24.4014817552915,1.1528228885300016,0.9410799090040829,68.72686171496473,3.1142121020741684,11.37539086013058,68.72686171496473,21.21505424417298,18.534724695604677,30.85398836660665,REPLACE_BATTERY
5339.480258177175,51.613822150292734,-16.447506905289085,0.7004520057624763,0.5717975557244704,82.21499049876016,3.1045576147660885,16.955649620550922,48.05453215205121,8.237911137267924,39.96736589511595,84.92421061218442,CRITICAL_ABORT
5951.77648343186,47.49380774883791,-13.608135959948962,0.6374880076562047,0.5203983735969018,91.89637284824468,2.1402949991168585,17.132539049713106,56.68786280907104,9.977722296006867,43.308718479419944,78.19035848492172,CRITICAL_ABORT
1764.404773060667,81.84829954834085,23.03271109666049,0.9627031786844785,0.7858801458648804,72.75765601161457,3.1899559108520688,15.476952543165153,72.75765601161457,15.124681190213593,28.333068496431103,41.07568776371647,REDUCE_LOAD_PAYLOAD
1261.9113377147619,87.05582084064187,21.912859081115243,1.0278404789359827,0.8390534521926389,74.43215175466771,2.3832301295598786,21.122166487529327,74.43215175466771,13.879326434705842,37.10936729771988,37.92030923423622,REDUCE_LOAD_PAYLOAD
4592.180183148244,57.02955417317583,3.36853635513906,0.7184857778544329,0.5865190023301493,73.49502453795041,1.2581843904134304,16.783124812386248,59.56046449098605,12.66537676279008,40.297430215405164,52.810281872064024,REDUCE_LOAD_PAYLOAD
1518.1580455215194,84.36775076995745,17.087612088773756,1.0126636651666179,0.8266642164625452,99.70855684910873,2.244440435073603,18.364822737464728,96.39811089911872,19.159661903656367,34.17396660056721,28.393472309025654,REDUCE_LOAD_PAYLOAD
5193.374299033221,52.63847109126479,-2.919383828783708,0.6785957944410547,0.5539557505641263,71.90913068056899,2.134034344538054,20.303688551932353,53.120642858340744,7.666667423613206,50.946753528024374,69.81459019054554,REPLACE_BATTERY
617.0555529448602,94.12849191157487,17.36931525351947,1.1287260221583655,0.9214089976802983,85.14320759381434,3.2938122150372826,8.425426726585732,82.58977930650275,32.433896435099435,14.451410183450708,26.206419910017914,REDUCE_LOAD_PAYLOAD
755.7311782761495,92.5695945747444,16.866046006095107,1.1119590229355434,0.9077216513759537,97.38426245799374,3.926908869526636,17.700951103265762,93.90500755767343,16.224839461076265,28.46000149707169,30.670418935664074,REDUCE_LOAD_PAYLOAD
5874.909330603694,47.99589681304462,-26.88261167961137,0.6789529115953405,0.5542472747717065,70.14137991072228,1.6441702616837222,23.031306010882275,32.65349363262033,4.054263248905355,56.17271336595707,99.0,REPLACE_BATTERY
4043.0333896200277,61.29530690887689,4.651010337681312,0.7686627791942795,0.6274798197504322,98.9798969253695,3.0535627137654386,8.295608629732376,81.66054479796203,28.974405559577438,18.59516314087415,40.78841046481308,REDUCE_LOAD_PAYLOAD
5081.323346573717,53.4353979447253,-0.32698185362972865,0.6823237492065569,0.5569989789441281,98.16170320384686,0.39905201615253416,14.888095764616338,75.41492798274265,20.841103432982568,35.87273953955336,47.10613747736443,REDUCE_LOAD_PAYLOAD
1945.9762641091081,80.02987792371619,9.585268056554447,0.9860856027826403,0.8049678390062369,95.9600195470392,3.1073254777931543,23.74586665349911,84.56688370511881,11.943087779037226,43.67896512982843,38.6655118996632,CRITICAL_ABORT
4058.9024971236263,61.168515921702145,-2.652624763289749,0.7877843287439459,0.6430892479542415,72.50947824655007,1.4856676479729285,14.003624838803143,53.78463621803845,14.256657054846903,31.077446553623652,56.45519214605669,NOMINAL_FLIGHT
3565.4509638515833,65.2118768691702,-1.9447418334900965,0.8376662989233417,0.6838092236108911,87.19192696038442,0.15756065155874666,15.798390011404095,65.37911763132858,18.96478199455202,33.1899678114772,43.68486617004223,NOMINAL_FLIGHT
3618.900720737682,64.76373507017472,3.3904130725925254,0.8158601654377903,0.6660082983165635,91.63120155364341,1.452984714248709,24.686203681753316,74.2808985085078,11.644576450398995,53.10329151261427,46.23125286090156,CRITICAL_ABORT
4095.1947572263293,60.87934613308646,4.005896804545065,0.7652235109791155,0.6246722538605024,99.51097748687505,2.442571003686579,11.388505602159755,81.36686467661039,23.119195316171144,24.66478931522391,41.24546242308044,REDUCE_LOAD_PAYLOAD
3452.1550387745915,66.17009472652535,-6.152867621440048,0.863371300739677,0.7047928985630016,71.31483377284796,0.47700067072586627,9.109338215125101,50.05283733183621,24.337370441476118,19.18490963326536,50.81517582904678,REPLACE_BATTERY
2574.3742158159957,73.98725117366762,10.313760250407288,0.9092887068837783,0.7422764954153291,91.81090648317537,3.6961379697210184,22.610184044642175,81.67285853238779,11.651208052150544,43.35141346263106,45.30999346972105,CRITICAL_ABORT
1655.536166283281,82.95455405657742,12.855656060562946,1.010434252745012,0.8248442879551119,76.85804094744896,0.3106896530913543,22.763910800610265,70.59829776639397,15.592491129082758,39.87668118527781,32.58041265117075,REDUCE_LOAD_PAYLOAD
4611.4879854792125,56.88406961541813,-4.407699945781433,0.7373897190960438,0.6019507910988112,71.14692629488007,3.7200268793326647,16.025323189560226,51.3504520434814,9.77431410416354,37.22582995699563,71.8534570249254,REPLACE_BATTERY
1357.6345800191173,86.04367405781569,18.470345238247194,1.0278827445922074,0.8390879547691489,79.74819294248492,2.828550071742746,16.741521966113865,78.35753882742247,16.08856182480967,30.44678702400732,35.65964346894541,REDUCE_LOAD_PAYLOAD
4154.125836926485,60.41215328516427,-2.9428301338862592,0.7788788226803631,0.6358194470860107,92.78425692520157,1.3188487016568144,22.208708283503213,68.51669564383671,11.781202681589166,49.204780349993015,54.56021455356244,CRITICAL_ABORT
1399.99693589596,85.59880054862978,15.382085649647358,1.0335131646088265,0.8436842160072052,81.26974312964182,1.563001390836373,20.555511467968515,76.99136060089639,15.003171206215741,36.04759869041337,32.9168007937693,REDUCE_LOAD_PAYLOAD
3751.9810197267234,63.658767662674556,-0.45725246599689906,0.8132556481140619,0.6638821617257648,83.8133085071067,2.9632374589309767,12.507533037689182,64.26698236870651,15.35618876573067,26.805812617509517,52.7172612237195,REDUCE_LOAD_PAYLOAD
4482.469602774174,57.86195621098558,0.7155285909092779,0.7360345314485641,0.6008445154682156,99.83057935700424,2.4058844035248295,8.287187036215814,77.88352788866477,31.36430372723606,19.167649170520907,45.342781000421,REDUCE_LOAD_PAYLOAD
1312.283333439235,86.52200886618523,18.563958133282455,1.0332652721420381,0.843481854809827,78.9688254845099,2.686571685819781,16.154902763070275,77.67603653351145,16.94302739130127,27.421973939025943,34.78348267181674,REDUCE_LOAD_PAYLOAD
359.6598051678497,97.07829176432733,23.765128955095783,1.1390223537447557,0.9298141663222494,86.5390264148234,1.55665846605392,22.6015095436259,86.5390264148234,18.04229285484037,35.659108416224214,26.20773125883534,REDUCE_LOAD_PAYLOAD
785.8424579650444,92.23388268245053,13.537265417765799,1.1207907494128422,0.9149312240104833,77.78354705653801,1.951253927230396,23.229189503732755,72.05283067433913,12.126823594313366,38.097498350944285,33.61455546436143,REDUCE_LOAD_PAYLOAD
3635.9818036261527,64.6210481872876,-0.5267804396357629,0.8257595493248544,0.6740894280202893,78.74749762150468,3.9594699361515735,24.255845350294617,60.320166051644705,5.832844517128127,50.94233088251559,64.68192568526734,CRITICAL_ABORT
5096.678437354413,53.325615752198026,-3.635064041107813,0.6892797025483469,0.5626773082027321,89.34742637058929,0.8556914819988708,22.952575039417283,65.273679926971,10.733662918676352,55.639868520058236,60.80148991867,CRITICAL_ABORT
269.9809274125462,98.1234337114333,23.433606837438067,1.1525719440312034,0.9408750563520027,97.82604416332092,1.6714247460885256,17.860740440067673,97.82604416332092,23.882429434182264,29.23317883788681,19.320060347950108,REDUCE_LOAD_PAYLOAD
4404.907554249878,58.45635374388194,-0.33424175467851125,0.7464568693476463,0.6093525464062418,83.98256326723126,1.1672927502958692,15.558295187013716,64.51453537818176,16.460009349338417,35.2076760654619,51.414811954358626,REDUCE_LOAD_PAYLOAD
2047.9118757003127,79.02343054080936,20.521131809586137,0.9374261646304831,0.7652458486779453,91.8939975132073,3.0604460417593993,21.172447391079686,91.8939975132073,14.309345402057312,40.57599885808717,38.96339456987483,REDUCE_LOAD_PAYLOAD
2871.170219517135,71.26473893148417,11.530423919182702,0.8720864594723867,0.7119073138550095,68.12222955859373,3.056050502662883,20.57696778421514,61.54481252972165,9.122012805318633,41.2018314333787,51.71208265719038,REPLACE_BATTERY
5573.157299073394,50.00864764309925,-10.759730755478344,0.6639568165037432,0.5420055644928515,72.39053131011744,1.1697818439895835,17.148438311384723,47.006000233381734,9.891792455639667,44.28522927861167,75.76082009441947,CRITICAL_ABORT
1991.8290284150728,79.57588049284635,9.498165464323392,0.9807938421683359,0.8006480344231313,82.57460743218364,0.3255612665319316,9.484565333493975,72.68869998142945,36.581026717481876,17.400836496989594,24.629484014081445,NOMINAL_FLIGHT
2792.021603636916,71.98270312339365,-5.915888403919446,0.9383799213600741,0.7660244256000605,65.70041032700712,0.04573070668881618,23.74338289537762,46.289807002765784,8.914112380655686,46.833989162197476,55.80823504544248,REPLACE_BATTERY
82.09448856408663,100.34266518434399,23.624461211969173,1.1778813777390205,0.9615358185624656,73.84992425668956,1.709802132969942,15.745243137528256,73.84992425668956,20.045641737745118,25.139737769231285,25.490314907936725,NOMINAL_FLIGHT
489.5923200290302,95.58003094760721,20.187587440727057,1.1351203243619332,0.926628836213823,83.10904514387381,1.6413503773430835,14.176674292576493,83.10904514387381,26.147709315746216,22.882785134392094,23.428857890395967,NOMINAL_FLIGHT
1551.5495468087042,84.02247551792394,16.8667589177203,1.0092873426167779,0.8239080347892064,65.52364193897053,3.9535595145594518,18.702645717869117,63.18320635763558,8.526722675263999,32.69159648837789,47.16486662139717,REPLACE_BATTERY
167.11344492644642,99.33347951497306,23.144236473104662,1.16792483542323,0.9534080289169223,74.25912001791146,1.8792083027907185,19.45524533983861,74.25912001791146,17.270190730383185,29.77036090548585,28.704314761836955,REDUCE_LOAD_PAYLOAD
3788.251956289506,63.36027241091495,-1.2255630130657598,0.8117293451000951,0.6626362000817102,82.99107868165544,1.0256734783016825,11.581694589515124,62.90960966274599,21.817946790527653,23.83565529391953,46.31722678612867,NOMINAL_FLIGHT
2558.390140809735,74.13622867860771,-0.5265305677993819,0.9473483391222155,0.7733455829569106,85.0602236793436,3.5649177641258696,22.227960361769256,65.15592307072355,8.265967031272314,41.06897743737517,53.48991871417935,CRITICAL_ABORT
3288.871216368132,67.57112004219948,-1.0775020521431928,0.8652048047906261,0.7062896365637764,97.40130925693569,1.964271798614314,12.928930592260423,73.99737948544843,21.54645922356281,26.441545919374946,42.511003918285034,NOMINAL_FLIGHT
1047.8831153779772,89.35378907501413,20.572014954045933,1.059787819181095,0.8651329136172203,87.58709681377127,2.3967025408423113,11.173626740543384,87.58709681377127,30.63433263493324,18.775446996808977,26.148978194036285,REDUCE_LOAD_PAYLOAD
1775.5921766196966,81.73530043184628,22.038189007635445,0.9646130552787083,0.7874392287989456,79.51575308854979,0.3826748417128507,14.908797498526457,79.51575308854979,25.905021663841275,27.765518449859883,27.907416604828207,NOMINAL_FLIGHT
3982.9468491163507,61.7773162487389,-1.3767814379843974,0.7918899452975648,0.6464407716714815,97.56229119965738,1.5316656293190962,20.41952137525691,73.78681855822705,13.881270636957646,45.316430848658456,49.734651360647334,REDUCE_LOAD_PAYLOAD
5791.816341782399,48.54347790508554,-11.007750853714976,0.6451137754425699,0.5266234901571999,92.4709044185728,3.776894697895147,24.41278903347666,59.78351609268453,6.551645989087721,62.31884277738313,84.44110834221428,CRITICAL_ABORT
302.5006416132552,97.74339254162733,27.796136614277867,1.1314648977544703,0.9236448144934452,72.00031223894617,2.3580215367017017,21.757781494314365,72.00031223894617,11.976401038282905,37.13666235366463,33.461727451666164,CRITICAL_ABORT
5342.305925131596,51.59416602258074,-13.779458194356618,0.6929827057496345,0.5657001679588852,69.57948264720869,1.3780074205698467,23.98592242039326,42.785410279172325,6.128242571651871,56.946053520724305,83.90506341601208,REPLACE_BATTERY
3461.287207867251,66.09243808292625,4.33570336529008,0.8297621289118895,0.677356839928073,88.65340725099566,2.5026687225263724,10.390298669300956,72.82230398602198,22.89715576077719,21.589814220845607,40.57849238075019,REDUCE_LOAD_PAYLOAD
3383.517400533742,66.75613197114015,-0.6953136351301143,0.8535703698848198,0.6967921386814855,84.59591079519444,3.6416443583124645,9.210005580682505,64.63748726501561,20.400705249798616,18.382012086753885,51.14516211236615,REDUCE_LOAD_PAYLOAD
3001.671211246562,70.09362210811128,9.813259319352404,0.8629604702533092,0.7044575267373953,92.63857648274644,1.0959624018903602,17.48098095241341,81.88056570828996,19.1216811483819,36.14676959594006,34.68469454184725,REDUCE_LOAD_PAYLOAD
416.3645154251003,96.42210476999324,23.05064588949551,1.1340522248167346,0.9257569182177425,90.85817675275402,2.0204668738826976,12.935057211748584,90.85817675275402,29.52883714953504,19.258656804774205,20.966216247291776,NOMINAL_FLIGHT
539.261110416964,95.01226792909345,22.987061852196934,1.1177106018472558,0.9124168178344945,86.88240368501303,3.8347626156470214,22.076934540477637,86.88240368501303,12.330404212081838,35.19309398897419,35.363369053973976,REDUCE_LOAD_PAYLOAD
3605.4720339545165,64.87609067969628,-2.3485612077972995,0.8345957205284497,0.681302629002816,99.52337600701122,0.6895845731938106,19.423793813839545,74.16744743959903,15.812587741596184,40.31152475053109,44.25723048275137,REDUCE_LOAD_PAYLOAD
2045.7514286133498,79.04465457487574,15.23777751206715,0.9548564907553235,0.7794746863308762,83.6756405538643,2.878655702386846,24.502378787758506,79.13294555849339,10.498694208256287,46.998157466767466,43.14346196299781,CRITICAL_ABORT
5503.608399466084,50.48210657718868,-0.3498899903744661,0.6446669071688331,0.5262586997296597,68.9587014775602,2.4579240328119294,12.331470047432171,52.96105880355957,13.686874385988022,31.712334739369762,66.00480195302615,REPLACE_BATTERY
2439.5432241568337,75.25156076837663,4.103410565839551,0.9455425202891359,0.7718714451339884,93.98957476855959,2.7187005245625393,16.258329944038948,76.95667880302645,15.775643581863022,29.51946362792641,37.360349893111106,REDUCE_LOAD_PAYLOAD
859.6887522158465,91.41473920198965,17.713228072359378,1.0948883977197184,0.8937864471181374,73.81486768209982,1.4048785226702787,16.521088116231006,71.89057313535939,19.312302820830432,26.69531847571731,29.360594695609652,REDUCE_LOAD_PAYLOAD
4288.313001012216,59.35917165558871,-1.7159971357389432,0.761843960958088,0.6219134375168065,92.20557518503713,1.2555174939350597,12.066005512575394,69.37894470959846,21.542435724688342,28.332625108326642,47.75019833049671,REDUCE_LOAD_PAYLOAD
1760.120528646059,81.8916063274065,17.4912476237797,0.9815774883760198,0.8012877456130773,98.4987483600018,2.736838682353482,18.031587791296133,95.68170611336896,18.274836714496963,32.440893114019815,31.874905558037955,REDUCE_LOAD_PAYLOAD
3152.8218441353592,68.75672342459744,1.7089265866728214,0.871460636639488,0.7113964380730514,89.38784298875194,0.8621731404181814,15.535861763347071,70.74884756737698,19.422445080551086,30.458767123660582,38.60967014196212,NOMINAL_FLIGHT
4186.996713031021,60.152824104503345,-16.380630085415333,0.8161223194621284,0.6662223016017375,85.86105563324304,1.6786189794360205,15.594266451827853,50.251111570649435,11.567248785124514,34.200679990536926,70.68091516752608,CRITICAL_ABORT
5401.584667212423,51.18320186888918,-3.3143528660606227,0.6608008256835989,0.539429245455999,81.11351614862642,0.752698584211672,14.16652301553222,59.554871978892216,15.487697721415493,36.323492662548745,59.41927017943907,REDUCE_LOAD_PAYLOAD
4753.147168810056,55.82583051091351,-2.092925999344656,0.7174917233273357,0.5857075292468046,77.75434530983911,0.03321936449331897,8.287798991234096,58.17118594338057,30.405922541075245,20.47222119043907,49.12143417041897,REDUCE_LOAD_PAYLOAD
4058.1664072363446,61.174392431423676,-10.092819299469568,0.8101435006920775,0.6613416332180224,77.35516628401427,3.8802294401522777,16.875619027551412,50.81784681815029,7.374458920439384,35.182646173294636,74.3859441526057,CRITICAL_ABORT
4077.7990943708614,61.01781299348961,-4.543538072308378,0.7913755529405776,0.6460208595433286,87.27304469983567,1.7268119146256762,13.699213206905629,62.85436673368143,16.306503824964132,28.509567284072414,54.38891402964726,NOMINAL_FLIGHT
5675.547864192519,49.31816578176424,-4.050148969614745,0.6384632548611784,0.5211944937642272,91.2945590928211,3.877398457679301,8.022437772733605,66.26417478502796,18.868142684463923,20.779267966830968,66.36815250211089,REDUCE_LOAD_PAYLOAD
1774.9445849792162,81.74183802796858,20.701842289924425,0.9690773206473918,0.7910835270590953,88.7480974319545,0.5612940790713044,13.235043030252845,88.7480974319545,31.09325110890635,24.693345167390355,24.337887925863782,NOMINAL_FLIGHT
6.672565177124445,101.24486714913967,29.649828439743416,1.1648227357234242,0.9508757026313667,71.94435354177469,2.349467117829944,12.736681662525868,71.94435354177469,23.088082469334864,20.580124714302052,26.310910246623227,REPLACE_BATTERY
1631.727356389192,83.1980900429039,13.513210013670937,1.011076102111843,0.8253682466219127,82.28955130502219,0.8038961311649584,14.688618604801809,76.204287878834,24.76242828193667,27.385737982050724,27.544848276928867,NOMINAL_FLIGHT
1307.3482777604638,86.57419018805155,16.917173288619537,1.0397580798320663,0.8487821059853602,92.70740252640721,3.160296507853099,10.241483823937749,89.44927275830456,28.673440482923503,16.478575462576607,28.174609601505285,REDUCE_LOAD_PAYLOAD
3971.007510683989,61.873457152742084,-1.4661778450765608,0.7933832969856431,0.6476598342739943,81.64964273661697,3.134811955043901,16.630625018796437,61.668797164145474,12.2797434992925,36.70599132125278,59.08016877795836,REDUCE_LOAD_PAYLOAD
3802.269598593174,63.245216931405864,5.926446525488558,0.7894905770516744,0.6444821037156525,83.78181479074229,0.4504285961572472,19.77148599280821,70.33998529334227,14.658814046732864,42.112166162609434,41.40826964630832,REDUCE_LOAD_PAYLOAD
3560.768296228343,65.25125733816498,-2.52420595795978,0.8399668477222626,0.6856872226304184,91.98976168597878,3.6482578115055566,18.713154673927733,68.36900343005847,10.801737401009985,39.40478833035544,57.51263855162698,CRITICAL_ABORT
97.46065925672221,100.15965484954873,20.33750744041028,1.1889008792703029,0.9705313300165737,88.1442857192782,0.7785185888128985,21.66383410867624,88.1442857192782,19.75503601416533,33.56841852834448,20.635765683837622,REDUCE_LOAD_PAYLOAD
4372.668326703885,58.70486944442645,1.629028810604824,0.7442742454879867,0.6075708126432544,79.32707223088374,2.4519093663574414,15.68414089578038,62.713677144067695,12.311922629134724,35.098707137219925,55.3930667135462,REDUCE_LOAD_PAYLOAD
1941.1824749129491,80.07746303318807,12.160506635508023,0.97776613071146,0.7981764332338448,96.33944489179765,3.942534480350816,16.82455941577538,87.72956708756145,14.227950189915083,30.34083453999735,37.48399867564381,REDUCE_LOAD_PAYLOAD
3990.3359340397865,61.71787664784767,5.955153206010429,0.7703455352306322,0.6288534981474548,70.68984740322175,3.5295861390654553,21.776832994602717,59.371607329197985,7.413533792548467,47.1323288917762,59.83756084236157,REPLACE_BATTERY
3339.47057101292,67.13441836523813,-0.0641197464867087,0.8564232199433688,0.6991209958721377,99.84307570066136,3.826255714244676,15.270919903927055,77.00587263610343,14.019993068420408,31.14339926196047,49.123123068901705,REDUCE_LOAD_PAYLOAD
2056.385552567443,78.94023045480162,11.359602106617496,0.9665935892649703,0.7890559912367104,69.1598402466683,1.3703950848724777,19.92718894829315,62.347558913764885,13.538234949109954,36.23302545161133,39.88493324089053,REPLACE_BATTERY
807.4576026246465,91.99350293939884,15.139460658720033,1.1116570828953636,0.9074751697105008,65.52324898864836,0.42230256887785345,15.388240268205863,61.89259603260135,19.625641802678366,26.074632316737972,27.59361099683231,REPLACE_BATTERY
566.5133859628856,94.70190991073575,21.35447639835908,1.120235383873746,0.9144778643867314,96.15066154020677,0.7533874931578004,15.101515306696566,96.15066154020677,30.255981845024902,25.330423157396243,16.538042162404153,NOMINAL_FLIGHT
4989.109998673342,54.098539389794176,-14.821949676370712,0.7295522854447083,0.5955528860773128,73.57337279280847,2.0019795803064553,20.923495616995723,44.36693434481123,6.652385675390707,49.811194755181525,82.20032158943636,CRITICAL_ABORT
5510.385252489348,50.43581370380641,-13.255671245955577,0.6760591234259867,0.5518849987150911,90.53948696063523,3.1729187130932885,10.972227562925589,56.21464085083505,13.97153938557575,27.30199113851685,75.84368074363408,CRITICAL_ABORT
3898.7282805857976,62.45807213790775,-7.523003148448272,0.8191412783158,0.6686867578088163,93.38553812262242,0.6006145767355009,13.75596152300675,64.08468288126184,19.839933109269477,29.45704993350117,50.591128648532745,PREHEAT_BATTERY
620.6046891629003,94.0883316475523,24.43568568639744,1.1014535307729318,0.8991457394064749,95.06452368612409,2.6389261290430284,11.81092870469733,95.06452368612409,29.380565679006608,20.79492877053406,22.33014093670324,REDUCE_LOAD_PAYLOAD
2412.1633013294445,75.51042629639966,12.90388524015687,0.9196054153744708,0.7506982982648741,99.70579824824583,1.2943104161580474,14.104869030449152,91.64002708110479,27.09795114318327,26.64276343894939,27.490508683064554,NOMINAL_FLIGHT
4373.6352006309435,58.69740388582949,-12.079942456522856,0.7832569862653663,0.6393934581758092,75.29138985139997,1.364808289568614,11.916371980222408,47.756474476888215,16.67545561578063,24.884190166310233,66.92467077753369,PREHEAT_BATTERY
4678.925304060409,56.37828444361458,1.2564142511102032,0.7157478405923465,0.5842839515039563,89.85851696745407,2.6476709206317053,17.84989572847313,70.65782964171207,11.813329348803775,42.13867500555505,55.97425628986399,CRITICAL_ABORT
709.3117337465316,93.08906467113883,32.876549362746815,1.0596977448119753,0.8650593835199798,69.03899503982899,1.8679976781328809,21.56890364450337,69.03899503982899,12.843918069051405,35.919960381608895,34.920336995948276,REPLACE_BATTERY
0.18431307229449523,101.32278583915699,25.22883389871179,1.1829913212366616,0.9657072010095196,79.23832519748973,3.2481331721039757,21.372422040704333,79.23832519748973,13.237190176180405,35.58865447503566,32.27161396027949,REDUCE_LOAD_PAYLOAD
4272.82227528363,59.47996470334368,-5.978916090466821,0.775574816093909,0.6331222988521705,94.67900926594066,0.6236740386513082,14.196516397329471,66.63890764130886,19.24019365859218,32.47440322791123,50.81853015464222,PREHEAT_BATTERY
2139.577055917234,78.12716211627723,25.214402091553215,0.9122155937923303,0.7446657908508818,77.86803161206879,3.159793079068154,24.80892690020245,77.86803161206879,10.26475589158942,49.78526334487875,46.96163528192017,CRITICAL_ABORT
1526.8879897095615,84.27737056836392,8.480385575375298,1.0424948454558114,0.8510162003720909,85.68833831874649,0.2569409922296835,18.095524199998614,74.4354368721927,20.014094786287664,31.550086935631636,25.73677143593832,REDUCE_LOAD_PAYLOAD
77.38481873715264,100.39881129983354,24.597531012554,1.1746888615632411,0.9589296829087682,82.6320705303622,0.77621552098242,14.789805130231011,82.6320705303622,28.679118552511273,23.84092308891008,18.314878038829303,NOMINAL_FLIGHT
3241.796440568998,67.97946528023887,4.826434499461128,0.8519462837825718,0.6954663541082218,87.60830358892157,2.6245988580126616,22.204167747104233,72.45393779388897,11.047723127638202,45.05847557122701,46.62059794698661,CRITICAL_ABORT
5106.90441255589,53.25260586334445,-1.4691405793512091,0.682848360168357,0.5574272327904956,99.05130362856931,3.419702626044285,20.407858214924893,74.80867509983412,9.296729972068256,50.54178172956767,62.953887941752555,CRITICAL_ABORT
5745.789877635528,48.848961474709355,-10.548939328996994,0.648039245891999,0.529011629299591,66.95074342754907,1.0107185109573962,20.737680726009774,43.63461755895545,7.370163457074512,51.83309948548708,79.9758774663909,REPLACE_BATTERY
3394.469703679735,66.6623390184647,0.4427774471394623,0.8488254031988506,0.6929186964888576,85.08865311255704,1.3087664233156517,11.334368945475816,66.11793904019918,22.977112031284747,21.221950285237877,42.19720720022198,NOMINAL_FLIGHT
3086.767966439365,69.33839362933671,0.18008636620434704,0.8837486966258584,0.7214275074496803,95.20600727375997,2.14848299314696,15.961513225265438,73.69449407969731,17.56591949633766,31.078533524300298,43.10165944509546,NOMINAL_FLIGHT
510.33831293544665,95.3425507500807,19.97369186468892,1.1331262317531672,0.9250010055127895,81.84839491119496,0.8462912259572093,22.651078224018246,81.82384753460413,16.636011843507365,35.7220446065529,26.094274304955682,REDUCE_LOAD_PAYLOAD
3293.2368092555985,67.53335202853383,-1.4406760648871098,0.8658770193243079,0.706838383121884,67.74845150795505,3.2446250463500226,16.568646129688872,51.189123837405596,8.947263253390902,34.642065326562864,60.335932905697156,REPLACE_BATTERY
2279.8744737923676,76.77134029538497,10.419942519273025,0.9431513187725112,0.7699194438959275,84.61887733458698,3.094546580023043,19.618696638157857,75.37742505403979,12.054243992888804,38.45285109158567,42.058428354664485,REDUCE_LOAD_PAYLOAD
3642.8116853014617,64.56406603823278,-1.4992568537619335,0.8279849148387841,0.6759060529296196,76.62258617883371,0.5811668478631264,17.994873461582497,57.84303944276961,13.865266078571471,36.5420659263643,50.20723764928394,REDUCE_LOAD_PAYLOAD
2332.35808725928,76.26906740566594,2.3694834663659234,0.9643586253581587,0.7872315309046193,70.42296248682776,1.8553189272665285,22.320065391212495,56.26879995585256,9.746740610802368,42.386171346886584,47.46349035762729,REPLACE_BATTERY
1441.7947407022004,85.1616830081082,21.904063127310216,1.0055069686171163,0.8208220151976459,94.71620796492155,3.0993110666184855,12.837534275947245,94.71620796492155,23.576323086095467,23.763544996837272,29.58473359842796,REDUCE_LOAD_PAYLOAD
569.791651370259,94.66463131015784,18.80799164894812,1.1295613637386595,0.9220909091744158,83.25598295468926,1.3493181244136592,17.7830797240682,82.1246261273792,20.614626904760595,27.776343021948637,24.913981399844083,REDUCE_LOAD_PAYLOAD
1889.5106675333743,80.59183447869167,6.377496636156504,1.004405206368131,0.8199226174433722,97.66467443326734,2.5324272908709267,10.094989356166668,82.49768857491448,29.594891930686053,17.791971980131475,27.39310546343376,REDUCE_LOAD_PAYLOAD
579.8690057265137,94.55011167010157,20.389555790339955,1.1221162772511704,0.9160132875519758,93.21057766110742,0.20085248583029092,19.73358320389095,93.21057766110742,24.044788174743022,31.923259931629826,18.352213762881895,REDUCE_LOAD_PAYLOAD
1061.3817049439035,89.2074223119373,18.442876747702922,1.0657774540004588,0.8700224114289459,89.25401278207836,2.434755042117272,20.443453251996104,87.6696464973111,16.63249798665717,35.56241441158624,31.348892164249442,REDUCE_LOAD_PAYLOAD
5924.016951477275,47.67463735846057,-22.238443812497458,0.6619256080157873,0.5403474351149283,65.17589261778592,0.610611920002428,8.728234460212972,33.792510245556734,15.609509692039584,20.868381156510274,86.95807108519287,REPLACE_BATTERY
2664.6213414397116,73.15065562883449,9.33819961627069,0.9021117945564793,0.7364177914746769,79.97382098233875,3.3223333004578053,19.488446381675747,70.25344094862785,10.915737459866211,38.00724115102036,46.70460485363531,CRITICAL_ABORT
3191.2305990300993,68.42031702319295,-0.9787867371469687,0.87576047710211,0.7149065119200898,71.91201985782114,1.4217978543219139,15.049732620818368,54.71367287366547,14.642053432413322,29.568883713673273,49.98243048821274,REPLACE_BATTERY
5241.711172423292,52.297675401831874,-0.5159785747974581,0.6682589506595583,0.5455175107424965,96.87792688671037,1.1262154509127829,10.1096468938646,74.21990850159496,25.635625927695074,25.496407197288434,48.577644462452554,REDUCE_LOAD_PAYLOAD
5973.413402944127,47.35324722027335,-11.20738455875315,0.6297759259292511,0.5141027966769397,71.1104394636726,3.36355590684594,15.138428310873948,45.811891996146265,7.520170037969676,39.26614318188748,86.10151081258908,REPLACE_BATTERY
3496.286696068089,65.79549824934003,0.27463652501084046,0.8383029325079867,0.6843289244963157,75.01210180807499,0.20057609228724083,11.30195980482489,58.14419471374124,23.931843862015086,22.994304744789524,42.34454249319669,NOMINAL_FLIGHT
4874.84292626503,54.9295065276093,-10.41231787230945,0.7283259466619995,0.5945517931934688,83.08928687070747,1.5864351973373791,15.06451204609638,54.28219590401918,12.69276451230825,34.767097642004416,67.83795399624273,PREHEAT_BATTERY
1961.6461460200517,79.87449199809778,11.724461513051544,0.9767806341193052,0.7973719462198409,74.21772666493277,1.4800141623001255,14.533763475294972,67.21594181583679,18.790009627076177,28.281506434247845,34.73704271285962,NOMINAL_FLIGHT
1834.4637446837467,81.14274369139378,16.139939367472095,0.9771445336138344,0.7976690070317014,72.34526370476924,1.1392014969982034,20.552657827912977,69.16173271487567,15.989525560453675,37.345643410752274,36.983796524477,REDUCE_LOAD_PAYLOAD
2416.222325967361,75.47200448625549,9.167084238286156,0.9313033679173826,0.7602476472794959,85.96847637859634,3.647017328005908,21.1616644888281,75.35177878299302,11.458093759127035,39.48317270528669,45.37897717561991,CRITICAL_ABORT
4035.043576041895,61.359224414785665,-2.3135772799565997,0.7892511827228847,0.6442866797737834,68.11253329642584,3.003713574066889,18.319487124537293,50.78642255637091,8.657622874866552,40.30877331897269,65.73027845324981,REPLACE_BATTERY
4093.1501355305927,60.8956078064387,-1.3136244268593735,0.7804064448965029,0.6370664856297983,67.03587155523236,0.2556926567677551,8.385676317101609,50.747809315440705,27.091310003287663,18.287887571592968,48.98075664496842,REPLACE_BATTERY
1891.4366078967048,80.57261466320251,9.686367392486645,0.9924180514648646,0.8101371848692772,78.0285853315125,2.8587497977398164,23.827378744206896,68.85434228478974,8.575047715444816,42.0118564126874,43.740114334749855,CRITICAL_ABORT
799.2595448197721,92.08461288774281,18.08878332445629,1.101489362691218,0.8991749899520147,90.22325590777518,2.109196532515176,19.66596576163961,88.2574833279494,17.59852374694478,34.5442497576403,27.793274230976365,REDUCE_LOAD_PAYLOAD
3794.3775387930514,63.30997337956129,-10.092416196679853,0.8384240991716673,0.6844278360585039,84.41823653958818,3.603471577606317,8.58132264866021,55.458261262242964,17.8078529404587,17.500136599434803,64.36019762867258,PREHEAT_BATTERY
769.9551731325871,92.41088759212049,24.863922528900023,1.080261843945957,0.8818464032211893,79.80067639633725,1.2517824693934338,21.920159286640004,79.80067639633725,16.174376279675766,36.784625352887375,29.407448270098097,REDUCE_LOAD_PAYLOAD
3470.9550493759803,66.01030671003748,3.932781080664939,0.8299361111008501,0.6774988662047755,84.80130474786039,2.2966479984383317,11.404524630205934,69.26856388832842,20.65996223474681,23.953353832603046,42.302588601744795,REDUCE_LOAD_PAYLOAD
4160.532768337854,60.361535993920334,-5.910742214363198,0.7868690698352591,0.6423420978247012,77.79080196286458,2.003021098963944,17.846760222708816,54.81276341694925,9.261672778491587,40.2919862499463,63.355269706944135,CRITICAL_ABORT
4203.66897836671,60.02163608498979,7.16982654739258,0.7459272318483338,0.6089201892639459,97.76512174012396,1.958243624910423,15.932784289153181,83.46560618735575,18.31481427539728,34.90844054433915,42.20669393166841,REDUCE_LOAD_PAYLOAD
4520.832663957581,57.56977491054509,-3.9503299137623413,0.7450106085596103,0.6081719253547839,66.9216711818771,1.8244215980688505,15.137259300036304,48.64979560555353,11.622214756806434,34.696845409313504,64.61327142872369,REPLACE_BATTERY
5237.1565293939875,52.329711140561514,-14.222235300936902,0.7040640412723593,0.5747461561407015,88.56870176604423,0.8225179021291251,23.125133242114757,54.01508571169301,10.068057773807794,56.77530084024232,74.57723857606014,CRITICAL_ABORT
2999.753951788731,70.1107140680813,9.785286420725544,0.8632562375323657,0.704698969414176,96.19489326897127,3.022839689969571,15.43514195656445,84.99321584811311,16.796570915314533,31.349322629825622,39.42708608595221,REDUCE_LOAD_PAYLOAD
4381.495137177427,58.63674319549536,-1.4894773091069629,0.7519444488215485,0.6138322031196314,93.13596480573386,1.8053441309571547,9.280849998743562,70.3195122988914,26.28989261576104,19.993373687422643,48.08705721279196,REDUCE_LOAD_PAYLOAD
3715.03641219502,63.963976529532424,2.825163248153466,0.8074356213843012,0.6591311194973887,71.44143621875064,3.834065100010423,24.092858362654194,57.45369316888135,4.679066395018729,50.95728775489699,63.109806306089006,REPLACE_BATTERY
1119.8396387860953,88.57579526922954,15.59226432463243,1.0686786943480895,0.8723907708963995,75.35742221431009,1.0432337087711052,23.649098931073667,71.57084839371572,13.680800968066853,40.52420697411684,33.2588858844462,REDUCE_LOAD_PAYLOAD
154.13786921644902,99.4869674761786,26.250582468983254,1.1575932906190693,0.944974114791077,90.09667785474866,2.7309753585081644,19.635355722887176,90.09667785474866,17.752096067331678,32.4982541481842,26.387671349405178,REDUCE_LOAD_PAYLOAD
1707.2483140616025,82.42758803502099,12.59409450749411,1.0049345486593164,0.8203547335994419,67.94946957132679,3.7628683185564338,15.954172978244426,62.21267778233967,11.131097289088816,28.328422232133295,44.85989413026159,REPLACE_BATTERY
2658.2022380257163,73.20990682882768,10.501392711062055,0.8991401327973966,0.7339919451407318,93.41515949414044,2.65383329206437,9.578611040039862,83.29978086464133,30.753777816397395,19.430312772300255,33.50991536813283,REDUCE_LOAD_PAYLOAD
3702.6356665719377,64.06668745826927,-8.591854102770787,0.8436330400270332,0.6886800326751291,90.16174306116767,3.4850916304695785,21.442718015817093,60.77378106404457,7.973199551826527,43.06544687911124,67.2870473306704,CRITICAL_ABORT
5099.755983019232,53.303634631208176,-10.317781204520957,0.7065138353665528,0.5767459880543288,90.53623272323699,3.3099238390280243,9.283124545208493,59.24485500269154,17.512552421966674,20.904640997151343,69.42432168338458,PREHEAT_BATTERY
1177.474300236994,87.95661354878062,25.95719253750051,1.024434255952426,0.8362728620019804,68.5084479593657,1.4404708619560154,9.166216743217475,68.5084479593657,31.101360036218964,15.794677194533172,28.792139077203345,REPLACE_BATTERY
753.2987393908626,92.59675706843373,16.26822091695789,1.1145828499680128,0.9098635509942962,90.12161906856808,2.400495759757986,17.13552532146926,86.2876397767104,19.706675292487464,29.42576323534486,27.13485026442187,REDUCE_LOAD_PAYLOAD
5780.879684845965,48.61592539845275,-15.594909438964708,0.657583439727691,0.5368028079409721,88.79363438269895,0.6250453592454224,10.722180083138884,52.762778712159644,17.862095856993985,27.04011725792827,71.13514560146815,PREHEAT_BATTERY
648.2673562584426,93.775789892843,18.546455492070248,1.1199587519228227,0.9142520423859777,94.08228717876477,2.142103530782398,8.131414544785933,92.52330535199211,46.36037117867327,13.597951285546925,18.76449603291213,NOMINAL_FLIGHT
2870.946420643135,71.26676082378042,0.2648175863764042,0.9080451047321639,0.7412613099854399,66.45585846897643,0.9216878872573488,15.192928326928367,51.504547690509526,15.077561031481695,29.75874756796388,46.74194245933026,REPLACE_BATTERY
3513.3823727598115,65.65084971040413,-8.878389304080034,0.8654306829578171,0.7064740269043405,65.80887339637273,2.9749472598097824,10.332692937371121,44.14369476849434,14.33532257777676,21.76243897334725,66.4713599706405,REPLACE_BATTERY
3248.2465254446297,67.92339685618408,2.733465591991845,0.8577015063574429,0.7001644949856677,78.05524849574962,2.1122336875684984,10.728762059771752,62.69097106954627,20.402747797222723,21.343192795754348,43.70674261210268,NOMINAL_FLIGHT
516.1929421976592,95.27561909312078,22.324042996123502,1.1233236270380316,0.9169988792147196,70.20758993472035,1.644909450526642,9.30748085850069,70.20758993472035,32.77740680358041,15.813228656746471,25.19136797357621,REPLACE_BATTERY
342.1614840217162,97.28151079750246,22.513425011165584,1.1462389233622186,0.9357052435609947,84.54345671495777,1.0751883846679102,11.486593813301369,84.54345671495777,34.97999553402717,17.869391404022064,18.329644870376942,NOMINAL_FLIGHT
632.9005647662141,93.94930490527692,20.161753519280175,1.1158518911075224,0.9108995029449162,97.1072115527362,3.9947939273651474,20.16323105616462,97.1072115527362,14.503325895439366,34.82770272196006,31.782811778996653,REDUCE_LOAD_PAYLOAD
3513.5261032356752,65.6496346823791,2.3772846832200476,0.8300612695551253,0.6776010363715308,78.70179056169056,0.28684208353973073,21.751764222702455,62.89068311181012,12.406960768791945,44.79637529111485,45.22391696598115,REDUCE_LOAD_PAYLOAD
3266.0693258059264,67.7686638917046,8.884756740015298,0.8370834198150704,0.6833334039306697,94.57326320454115,0.17424272228968007,15.693071948498112,82.58952818347815,22.484724323274037,31.85475428059419,31.020682323297006,NOMINAL_FLIGHT
1402.4447522204655,85.57315153671433,14.93187818092089,1.0348181461490675,0.8447495070604633,65.00843060812532,0.8690296019754582,16.611414869984102,61.25246524840924,17.209040656105948,29.527858857241718,33.65368693784062,REPLACE_BATTERY
3826.6448510735495,63.045550063594376,-2.7436044174144207,0.8122316861076644,0.6630462743736035,70.89801252107145,3.8842898345112786,8.555135588101445,52.51578212240581,15.980460953511178,18.247572565072968,61.499284115396165,REPLACE_BATTERY
4920.405012333897,54.59694236929905,-8.388260004610757,0.7183821679396761,0.5864344228078988,66.064823887893,3.916952673279938,9.178376443312386,44.68451835424608,11.645827562008378,21.783437614649735,76.84118460750528,REPLACE_BATTERY
249.4737590795626,98.36370497258488,26.27515436476672,1.1444295029148857,0.9342281656448046,76.4851513180274,2.619710939088544,12.378651336041788,76.4851513180274,23.919431159863187,20.18058007182988,26.9365674565283,REDUCE_LOAD_PAYLOAD
2988.7796612882544,70.20861248839599,12.633066594342594,0.8558474223035052,0.6986509569824532,96.7866358493776,3.520426668825619,17.246273152123507,88.65819985957386,14.716152907936198,34.28198866348605,42.1085893762695,REDUCE_LOAD_PAYLOAD
4135.8624726161415,60.55662974241592,-5.023824767850809,0.7868010527769642,0.6422865736954809,68.39332432596457,0.8558469233631816,20.57236952849488,48.8826511052141,8.908459222788876,46.14380863586068,62.769638310636395,REPLACE_BATTERY
1513.8715624181225,84.41215700226206,15.654503779426621,1.0182243655339338,0.8312035637011704,86.22434218603301,3.8881683767064943,18.285052042746564,81.95290408079752,11.822603376218769,33.150417209661796,39.204060320624784,CRITICAL_ABORT
1846.6254317588946,81.02076797096834,14.688721903246984,0.9805948016140699,0.8004855523380161,80.80235786918055,0.5711394005582586,14.6661735347754,75.90989062309157,23.45909736458316,27.898927903326978,28.432633304005734,NOMINAL_FLIGHT
3681.827417936303,64.2393347545944,-3.8947682502300864,0.8311498542619693,0.6784896769485463,97.84638743280344,0.4045007527266331,10.01150924105335,71.19299646195212,32.82121660520003,20.468198619303713,40.42859627078022,NOMINAL_FLIGHT
5387.611760662421,51.27983279566312,-9.917390608241147,0.6786554800914975,0.5540044735440796,69.28816998879829,0.4488461569890916,21.27314499308222,45.65686778342826,9.036235475259552,52.538268549482645,74.5248045888992,REPLACE_BATTERY
4859.546521817396,55.041524221775305,-13.915421678523547,0.739673348632482,0.6038149784754955,72.42097476757802,2.2925116930902587,14.18436287718397,44.42043273479983,10.377757734630745,32.65002299062045,77.80605613157628,CRITICAL_ABORT
3498.781314597501,65.77437492136767,-6.587330063580751,0.8596068123407848,0.701719846808804,66.03396890140226,3.1238976028722094,20.512918246207423,46.01936593827844,6.796566925428436,42.568983742012875,70.22483158778677,REPLACE_BATTERY
4381.330306543495,58.638014788776374,-1.644914953071432,0.7523912557030917,0.6141969434310952,80.18773373709809,1.4666687114985324,16.72064031254381,60.4012476190812,13.2324050038461,38.71135305757715,55.99834311285089,REDUCE_LOAD_PAYLOAD
2188.934821246792,77.64798047750756,8.852549955241937,0.9592229880650284,0.7830391739306354,74.7241514847629,3.911583951144506,20.55725491055103,65.22813678249095,9.606692494342163,38.404292757632774,48.618126200728454,CRITICAL_ABORT
3845.7931685925464,62.88905722984098,1.0137464422545408,0.7991117324666888,0.6523361081360725,95.44670768616123,1.7376805524733179,23.423922544693724,74.78790820161248,11.42536536117542,49.225504556146284,49.381605661185816,CRITICAL_ABORT
2797.0895467653418,71.93655657053516,6.72944306098353,0.8954082533102664,0.7309455129063399,86.17292846192143,0.6017942030928651,23.657501772914635,73.13631306910621,14.135071216584441,47.934368762205295,37.60706005313902,REDUCE_LOAD_PAYLOAD
1139.6168187453654,88.3629282529974,12.710490434836135,1.0768579380998642,0.8790677045713177,86.49317582914956,1.8638669927445468,17.09681526001026,79.30555753833052,18.92973023502395,29.44417507385305,28.622743614610492,REDUCE_LOAD_PAYLOAD
4210.429643263543,59.96850492544449,-2.5940641910347146,0.7721623178545283,0.6303365860036965,83.61687439084558,2.7161486616897594,16.695642201015858,62.07948107802442,12.815325272004412,36.46513110866392,59.61075338009582,REDUCE_LOAD_PAYLOAD
3338.787824092932,67.14029561608238,-2.867627381678334,0.8653822344419225,0.7064344770954469,68.21476180302203,3.3289031220175147,12.516533913548233,50.43179059782948,12.457827038442257,25.61343862433903,60.03555558985968,REPLACE_BATTERY
2151.7294917215486,78.00896063136486,17.968620093816938,0.9335056617393717,0.762045438154589,80.57565393038743,1.8350731598263716,23.90859713599795,78.70970461711948,13.535504278867602,44.25441203800551,40.576959123687764,REDUCE_LOAD_PAYLOAD
5468.035140471784,50.72567318436104,-17.322080137366413,0.69075228224291,0.5638794140758449,99.98268163979807,2.37442730419667,15.784625842393556,57.44287875559163,11.076372585018639,39.03666316562547,77.06430713983609,CRITICAL_ABORT
125.6047069603996,99.82516150518146,23.204643049914495,1.1734666042210131,0.9579319218130719,94.23302517961052,1.0693788486354134,10.169051067885412,94.23302517961052,44.74476363906764,14.925932331046459,12.862736634186028,NOMINAL_FLIGHT
1894.6389074969761,80.54066570740878,7.473489161033413,0.9998472203337235,0.8162018125173253,96.27106689584906,2.583666105622056,15.355983548651349,82.52334447822213,19.12148458437743,27.462886040019384,31.259524905458708,REDUCE_LOAD_PAYLOAD
341.28838666587933,97.29165964277425,25.633731353475763,1.1343866685703081,0.9260299335267821,93.81292257362747,3.943887775801375,10.159905254046066,93.81292257362747,27.841759133457458,16.72587623879134,25.04184833313081,REDUCE_LOAD_PAYLOAD
4599.163897329763,56.976897051798716,-6.551722189050974,0.7445329166497011,0.6077819727752661,68.6064592700844,0.19621429035117544,16.543038632370276,47.83999529526797,13.418978023643414,38.528217038827684,62.33988871832765,REPLACE_BATTERY
4212.644724682756,59.951105182760344,-4.975524308543962,0.7787932921063834,0.6357496262092925,72.96068889226798,3.546122682820671,17.541683752555606,52.18725025970273,7.514104045430864,38.64495090408083,69.83111926405257,CRITICAL_ABORT
1988.1133124179023,79.61259271018915,16.34327119454141,0.9580446339751758,0.7820772522246332,65.10925779747434,2.249130011070091,13.741847945390951,62.39506715468772,16.948374777579627,26.101892550215094,40.48843373540249,REPLACE_BATTERY
4053.977413242438,61.20784360536715,-1.203700227688088,0.7840908287567914,0.6400741459239113,75.6228543707339,1.0083946382491997,9.21806044193524,57.343132958127555,25.148359742998636,20.130793579414764,48.93695897931203,NOMINAL_FLIGHT
2375.623357175699,75.85701873818998,12.141670408037793,0.9262945896539538,0.7561588486971051,68.80125908212725,3.8195588400370317,24.039560105765066,62.637701221740784,7.639613700018167,45.97104036849473,53.52444395171161,REPLACE_BATTERY
4537.522748534606,57.44303316751233,-9.400527548062263,0.7587316715208211,0.6193727930782212,81.5477670855554,1.9334172122355957,21.147002929218303,54.215727036982464,8.678460214721612,47.5339360848469,70.14631358092998,CRITICAL_ABORT
2725.1019764202365,72.59429635791324,0.2627524336309266,0.9249668790708835,0.7550750033231701,88.69946210008656,1.3267610066935425,22.260978368587057,68.74167313589231,14.034399032875072,42.491346523223804,43.868254336650324,REDUCE_LOAD_PAYLOAD
2473.6783669899933,74.92983439689421,9.457130424765714,0.9236641893803824,0.754011583167659,95.6076853263327,0.7259905130833646,14.2367627028659,84.11672065897724,25.556522805320903,25.953108473164736,27.231622655674006,NOMINAL_FLIGHT
5608.379492929806,49.77024547321502,-13.048698481517395,0.6666067487789996,0.544168774513469,91.22260077818143,0.9778088410266483,20.934127510330658,56.854014981056785,11.012778763071172,51.49994039384351,73.67333460759623,CRITICAL_ABORT
1505.2745993442013,84.50127510795187,18.34788846653241,1.0098812246394633,0.8243928364403781,97.85049585224769,3.3313961663657703,16.2513392178763,96.00757261886325,19.601036412499216,29.214203569969293,31.77663410248524,REDUCE_LOAD_PAYLOAD
722.6840399793925,92.93917661274511,19.9030114768212,1.1048290393173175,0.9019012565855652,66.88644016378261,2.4576400372686633,11.41841930290278,66.81248588938784,23.556433149896055,18.775198112210315,31.87260456405503,REPLACE_BATTERY
3507.258679556749,65.70263337228873,3.228195279054282,0.828173726762338,0.6760601851121126,65.42629423957895,3.6529824779532643,10.115197407422626,52.91688009072352,13.478248834083841,21.043239598006394,54.45377438214159,REPLACE_BATTERY
5815.930873705073,48.3840453156207,-20.92046332878919,0.6682649494103734,0.5455224076819374,88.14683398426745,0.9278738086311433,13.865864778474966,47.02692810560368,12.230526744467477,34.19124486341317,80.97847317945146,CRITICAL_ABORT
2267.03528236312,76.89461933827812,19.706455362711,0.9147103614384038,0.7467023358680847,75.12733435777862,0.4845542953956059,10.338385895077375,74.87592758007283,33.96107563624231,19.29053268770891,29.94991560000896,NOMINAL_FLIGHT
372.2205817726891,96.93262759788678,21.759356293317364,1.1450485025157826,0.9347334714414551,73.87253556370206,0.02435012390236002,24.970572595469168,73.87253556370206,14.615847883002024,39.930085925543295,26.389555801626983,REDUCE_LOAD_PAYLOAD
2035.8316038574046,79.14216528498416,15.255029426622865,0.9559772281043878,0.7803895739627655,76.5810480692828,2.031448150463975,8.836212833944375,72.43857512621756,30.35245039982554,16.240274062905016,32.99197579619241,NOMINAL_FLIGHT
3035.5899259173507,69.79180138442905,1.0882071304390868,0.8865819715611206,0.7237403849478535,74.44286202623275,3.9932277215279526,15.4994411892743,58.39339497149821,9.752895865976418,30.71845721669521,55.62102630477058,CRITICAL_ABORT
971.5380397932822,90.18527223356494,20.22505225243037,1.070914723257106,0.8742161006180456,82.90027422055556,2.779861075274556,15.685589880636531,82.90027422055556,19.110245825477342,27.03844317516136,31.488042215594536,REDUCE_LOAD_PAYLOAD
3948.6133083389523,62.0541120362454,-7.180210321826916,0.8127944030864509,0.663505635172613,80.40519565284464,1.2335783678605843,13.110742785888483,55.49129218438829,17.683874535667357,27.706703559086346,57.00037609068417,PREHEAT_BATTERY
5986.496334061204,47.26841975512918,-11.651886980099471,0.6297163550470701,0.5140541673853634,82.93499929818297,3.507434332104687,17.71297661701807,53.009438139102805,7.3821829169458075,45.32671863779764,84.65690795271576,CRITICAL_ABORT
2710.436855888663,72.72888453862112,5.6022900147945265,0.9089310332984659,0.7419845169783394,88.54497640251526,3.1268890639518387,10.54960941057626,74.01174464636611,21.767858992238974,19.374836224797132,37.875739554635345,REDUCE_LOAD_PAYLOAD
2128.371340381276,78.23628374141678,11.311538807199547,0.958135886689936,0.7821517442366824,78.5495678139902,0.06166066430615702,21.32651046998297,70.76935427703084,16.41664142456309,41.795130809790805,32.95028452379874,REDUCE_LOAD_PAYLOAD
2404.2250010067996,75.58561423139402,12.86240764410629,0.920654587538102,0.7515547653372261,73.79576904997549,3.26744192216409,13.65161121020985,67.7911141153957,15.66713518380394,25.34478974681254,43.64000060595615,REDUCE_LOAD_PAYLOAD
690.8770703712069,93.29601674733149,14.346597486485756,1.1305059218934552,0.9228619770558818,70.81701878830609,1.202107028953984,18.052824026576907,66.25294771130778,17.158959388485503,29.037939940413615,29.583755442448492,REPLACE_BATTERY
5299.641608557343,51.891596942277076,-12.870129108686712,0.6945426220809819,0.5669735690456995,77.23159418364189,0.5986938583344044,20.16586701313831,48.29141200186141,9.424080311061166,48.993663813658024,74.67229519270423,CRITICAL_ABORT
2488.9539331281117,74.78622220402606,11.1084208401011,0.9165384846364033,0.7481946813358393,90.96322663361602,0.9053233589482983,23.11371600073274,81.74282990873614,14.197576249460738,44.89019316214291,34.944960817977474,REDUCE_LOAD_PAYLOAD
2323.6464685490478,76.35225367716446,20.387405327164927,0.9061515931406724,0.7397155862372835,91.48467185390143,1.874319217500556,22.2083864196874,91.48467185390143,15.15298160390212,43.66375571448873,36.88869816844347,REDUCE_LOAD_PAYLOAD
3958.1416375828458,61.97719451215176,-1.4183323175959044,0.7945735572679363,0.6486314753207643,88.34168853394736,1.699471708272044,18.34125347776051,66.7713878092463,14.25031079345158,39.32129160395154,52.24933833947658,REDUCE_LOAD_PAYLOAD
2652.200525586741,73.26534047068849,10.716377173305842,0.899139476771355,0.7339914096092693,73.19098613574062,1.155549197496907,14.602684066526077,65.44494252632322,18.83312500332749,28.80436980914347,37.94924451560915,NOMINAL_FLIGHT
3889.4008128470764,62.53384006357345,-0.8159626327983979,0.7999367013328914,0.6530095521084828,85.58301860491441,0.6888732888281308,16.554479391274388,65.27399934789975,16.35192928250217,35.66722267714053,47.22923252378277,REDUCE_LOAD_PAYLOAD
368.677740784725,96.97369510194241,32.31482265868078,1.1059492261176855,0.9028156947899473,84.97413815518968,3.048923158568677,21.068491487439644,84.97413815518968,14.751074650104902,34.73237192199457,31.484228537357502,REDUCE_LOAD_PAYLOAD
4882.340062333365,54.87467140968319,-15.471318739993146,0.7418838076803637,0.6056194348411131,81.9493169338404,3.9604391349396684,22.91827422351104,48.811223040911734,4.597145608757223,52.57005713436384,87.96624988155598,CRITICAL_ABORT
5643.0237172764155,49.536653882929805,-11.20654893894991,0.6588121063932617,0.5378058011373564,84.24926452343524,3.1111663216787617,9.764292779003421,54.277196244234496,15.07712877633882,25.381878617481853,75.40370386801405,CRITICAL_ABORT
3892.5923169563157,62.50790679451082,-8.429570228026359,0.8226023492657218,0.6715121218495688,82.21267214182838,1.1837478706861648,14.54255646238191,55.567783468124475,15.362977494091618,30.579962496273446,58.21242593207247,PREHEAT_BATTERY
5727.395573152865,48.97148134820893,-24.760929078177206,0.6868362478625231,0.5606826513163453,84.7909728125938,0.9792358456485335,21.19398217302951,41.524293798504345,7.146197442455043,51.50215858571448,90.8346056444629,CRITICAL_ABORT
908.5938862197797,90.87550662781118,20.581450005160516,1.0778016513419,0.8798380827280815,90.04270841173951,0.8706635042637529,15.338079964097336,90.04270841173951,27.62171081292216,26.852545843133374,21.25301917828736,NOMINAL_FLIGHT
2864.497136882122,71.32504630035437,7.078257591003499,0.8866915803433411,0.7238298615047681,68.83698680412039,0.5467802979561451,13.647871989126825,58.69675735080497,19.10983423689496,27.811609214286012,37.855770561181885,REPLACE_BATTERY
3610.8404036726834,64.8311554941293,0.10535268741655024,0.8265279285067082,0.6747166763320066,91.23690132521583,2.205322198769205,14.992485845995583,70.54446522437296,15.581041959412472,32.69161634356459,47.26934675234712,REDUCE_LOAD_PAYLOAD
3490.4198845271203,65.84519746896164,1.7813003003749546,0.8343386592121853,0.6810927830303553,69.7560152544658,2.4216014878133767,18.248360695367964,55.26816686100103,10.389763461182417,36.557118938872456,54.8386389567495,REPLACE_BATTERY
2408.7706745342593,75.54255228521451,24.834487785883603,0.8831621459780397,0.720948690594318,67.33197994436311,2.822010642652549,24.996687450274624,67.33197994436311,8.020428568083537,50.41196819562031,51.065521667701255,REPLACE_BATTERY
2028.5064561975682,79.21423312542696,10.523832344558635,0.9728063460788426,0.7941276294521163,99.16278901775136,2.720853483734672,16.38087129477704,88.45040037913893,18.85847091348516,30.619385843323865,32.157701512477416,REDUCE_LOAD_PAYLOAD
760.9441353025128,92.51140439481883,22.60448492678404,1.089698576536897,0.8895498583974668,98.49471191046545,1.1693332451335299,11.54440607422243,98.49471191046545,39.615833076450436,18.688130773173235,16.277334934385944,NOMINAL_FLIGHT
2350.454703373669,76.09649940171467,6.475220330001745,0.9480490082875278,0.7739175577857369,67.11527907291975,1.3212440215873862,10.768391779744611,56.76727834667055,21.912323779602666,20.426176669597016,36.63633824295729,REPLACE_BATTERY
975.9648906329109,90.13688841843334,20.132391086089097,1.0706783532892314,0.8740231455422297,80.51387045162367,2.7260581417693515,8.719945707099043,80.51387045162367,32.76172691767001,15.699804408978162,27.967959326518187,REDUCE_LOAD_PAYLOAD
4406.194058953311,58.44645444221974,-4.8314297584746075,0.7588394284190372,0.6194607578930915,71.51857284049211,1.3977905631345133,17.499892993611464,51.273216876260776,10.916882057115405,38.61163583758001,63.21066430114624,REPLACE_BATTERY
1252.98561296754,87.15068780458655,14.803001102062339,1.0543666451411722,0.860707465421365,81.98707139970463,0.8504927584772521,17.25772555531018,77.12968279501746,20.327855954476792,30.12485186361773,27.157590929889835,REDUCE_LOAD_PAYLOAD
351.3918317072031,97.1742700686305,31.810445754904805,1.110069632586574,0.9061792919074073,94.05620350498556,1.4973446147869582,11.488976755265256,94.05620350498556,36.336072009759455,19.716687134771192,16.638542816823986,NOMINAL_FLIGHT
3314.196826903406,67.35225879008176,9.343645441049553,0.8305885329935433,0.6780314555049333,98.27141211600116,1.0883366303119106,19.82059990969364,86.3331609961091,17.616709627564855,40.52488665394342,35.911442892488644,REDUCE_LOAD_PAYLOAD
3571.3783963164096,65.16205573220748,2.4697736609394907,0.8236199430372227,0.6723428106426308,87.19884287080382,0.3532508848743112,20.59881970770457,69.77262671766907,16.002312332639242,43.183505362079956,42.03369989017174,REDUCE_LOAD_PAYLOAD
5231.478367683033,52.36967156142002,-20.525669069659543,0.722182769976746,0.5895369550830579,77.38669835241359,3.320555609106614,12.404669491495891,41.63461425522592,9.935350217992465,29.20539242850862,88.95730083411173,CRITICAL_ABORT
3461.889674506091,66.08731752184158,0.6926709994475597,0.8407356258914521,0.6863147966460833,86.11639479756094,3.4124455566281453,13.84969598850552,67.16187053720407,13.972003185292065,27.999136185878726,51.32890148659431,REDUCE_LOAD_PAYLOAD
2072.8851223406746,78.77843043770604,25.04138452681103,0.9203535272817522,0.7513090018626548,75.92004571379576,0.8790012006675179,24.838018429903364,75.92004571379576,13.781703719578967,47.06648611763497,38.7188794409373,REDUCE_LOAD_PAYLOAD
4818.071289157923,55.34618414841306,-7.470771712725042,0.7257257475977693,0.5924291817124647,96.84382742912211,0.259088798100807,14.362495953462481,66.51555613307384,19.315793262843627,33.29701969002903,53.76408287345404,PREHEAT_BATTERY
3241.6733591245265,67.98053555021914,9.445211025958868,0.8380351457665656,0.6841103230747474,95.4640162087043,2.955309749404718,20.933628419853733,83.97734718775489,12.573063212551562,44.03584554714111,44.139944200693165,REDUCE_LOAD_PAYLOAD
475.68170778715046,95.73953435489827,29.117780909146525,1.1034226691164282,0.9007531992787168,84.53811125978814,0.8461145034536548,15.69633225270898,84.53811125978814,25.413941042334468,26.624872456400162,20.777199760742455,NOMINAL_FLIGHT
3395.10336187948,66.65691578560684,4.026647727063256,0.8377820012718029,0.6839036745075942,76.36796203831261,1.573741957747441,21.48686207363659,62.461645134264415,11.602760545754235,43.8630003340151,48.03765521081316,CRITICAL_ABORT
5448.1112725299745,50.862505114349865,-14.621831430785594,0.6853814180014555,0.559495035103229,75.26863864540424,0.256541008949533,21.073395059305014,45.56094408645699,9.75789491250602,51.83019081017064,77.58888909995318,CRITICAL_ABORT
2377.8757529893232,75.8356168957569,-2.632754053345044,0.9766089846043435,0.797231824166811,66.16962981467708,0.9050783390337407,19.351852428375103,49.09697890035728,11.825728794165858,34.82453944648868,49.87603154971639,REPLACE_BATTERY
1777.9548113988003,81.71145264538211,16.86410976895257,0.9815360440520169,0.8012539135118505,93.55372978588534,3.171609113318543,22.531231887024845,90.20926359451019,13.530586082832688,39.87043034585946,38.03987094859257,REDUCE_LOAD_PAYLOAD
860.8167421081204,91.40227275931116,15.33091116217948,1.1037795982429304,0.9010445699942288,80.76341245636527,3.2175857876608074,23.96671441292065,76.46456881367614,11.37131868486952,39.56312967730112,38.20021198738327,CRITICAL_ABORT
908.673131612144,90.87463495574556,19.974376903959524,1.0800234649691902,0.8816518081381144,76.37965249400925,0.8283392995508416,17.859716447685425,76.35734174585538,20.525130240365712,31.120730890866458,27.389817136761177,REDUCE_LOAD_PAYLOAD
2596.6289060509134,73.7802330140177,1.8728104127222442,0.934574130904079,0.7629176578808808,81.4888624249214,1.3436553804267581,12.036971422786678,64.64919215884055,21.60406276865746,23.39268120545748,37.63941813824683,NOMINAL_FLIGHT
3574.0789449691774,65.13936735677603,0.44229915534933806,0.8294345388382871,0.6770894194598261,93.65582966591282,0.5369536763749743,14.776692347949275,72.77453289772913,22.405878844684334,30.88404370294936,39.41808617134056,NOMINAL_FLIGHT
483.6924310176105,95.64765461153324,22.024594472890797,1.12885405831967,0.9215135169956489,69.36149726976325,0.2966905211396895,20.891197129725985,69.36149726976325,18.109465981732644,33.790121485890694,27.192322868628352,REPLACE_BATTERY
5637.411534150994,49.57443411984759,-10.30020706675997,0.6570411577989714,0.5363601288154869,95.01795958846395,3.968686857793638,19.06501924710578,62.19663169172098,7.4980094628359595,47.70170402414032,79.31045050501999,CRITICAL_ABORT
4530.801704671176,57.49404446208766,-10.024322017124714,0.7612057795889866,0.6213924731338666,96.41280922879238,2.622375804979357,11.022571755609228,63.41289599697839,17.952418869951803,24.7634150470005,62.1618321230923,PREHEAT_BATTERY
3519.743509701976,65.59709315799923,8.106221930743917,0.8125028720339512,0.6632676506399602,98.13477702618609,2.168386036793275,8.87107219948922,84.82877387557666,33.65997919322961,17.99547298955044,34.638756138431376,NOMINAL_FLIGHT
4970.632025633945,54.23221949911594,-10.293582090280495,0.7187556013680492,0.5867392664228972,78.91207973479197,3.061994001621198,19.6103470902151,51.660042689680225,7.889487631510297,45.68580755281601,77.97710984423263,CRITICAL_ABORT
481.1205408726797,95.67714536219064,13.500369182061357,1.1627816045203478,0.9492094730778349,72.59991414131852,3.3603086387508965,12.268343408498872,67.22056605292673,18.434845625405423,19.397403754354762,32.35872997937767,REDUCE_LOAD_PAYLOAD
2861.0332663987465,71.35636699920495,5.858166668590829,0.8909601173834482,0.7273143815375086,78.07742864633445,3.22685907217891,16.494394143393908,65.49002764171388,11.45580078711224,31.476566181187508,46.35961870114956,CRITICAL_ABORT
3780.5587611699802,63.423489423676926,0.598244597527427,0.8071258153509676,0.6588782166130347,76.65192336809912,0.06615779715950643,20.694695132714102,59.69805006928611,13.237734489786538,43.53779888078528,48.17210156326722,REDUCE_LOAD_PAYLOAD
4971.917436709736,54.22291146068964,-6.5145161727544805,0.7084469534074597,0.5783240435979262,71.1653869376001,0.7472315927619939,17.565335271157664,49.65454678457056,11.483883035781641,41.978009362556996,66.25370532883754,REPLACE_BATTERY
4700.817360295607,56.21487756541993,1.2553491765039544,0.7136760863532727,0.582592723553692,86.25433345355208,2.619621208471324,9.416143912900539,67.82272951990949,22.54925038600278,22.20349485132771,52.19926476068419,REDUCE_LOAD_PAYLOAD
1662.4154982803977,82.88429421700397,13.012055077498118,1.0090266723966126,0.8236952427727449,81.68184561780201,1.5030373912158517,11.154864025320443,75.17485970066329,28.561245981222754,19.684604448354964,28.438086405989992,NOMINAL_FLIGHT
5645.281017355226,49.521464708913136,-12.292424734652828,0.6613517044359545,0.5398789423966975,95.29953473134013,3.929930604244428,11.728579128525626,60.21656993216486,11.98495682833683,28.65410074721058,77.10126570321847,CRITICAL_ABORT
746.0750485852221,92.6774604307255,14.63459027803059,1.1218867994088353,0.91582595870109,66.12383531687203,2.661619170553016,12.383692311962363,62.07932657183326,19.339053852971695,21.58931941906713,33.620049365926484,REPLACE_BATTERY
5250.801711726913,52.23378326025475,-5.027443611785451,0.6786730128113881,0.5540187859684801,87.53537746442942,3.826195634916826,17.611857663158574,62.56040881621748,8.713331898985697,42.54884459074886,71.94057510216581,CRITICAL_ABORT
5825.641497627711,48.3199636536522,-11.945124414189603,0.6444478343908078,0.5260798648088226,91.70321074790463,0.8057859265831753,16.56741825703169,58.30724731554856,12.933859599554953,42.575807087866984,70.18308245032847,PREHEAT_BATTERY
1062.9211393357534,89.1907423876551,15.99087395784679,1.0746146037810616,0.8772364112498461,91.58202992159075,3.4558281124600922,11.453720652191553,87.39636144845905,24.416369532722783,19.06978816443035,28.97825065327541,REDUCE_LOAD_PAYLOAD
4332.396385222712,59.0165063043071,-12.683949971274942,0.7893412899698858,0.6443602367101109,96.01258884834337,1.2854092232609013,9.14843233874668,60.23858343228034,24.467214265446845,19.923619478832595,58.19799010621862,PREHEAT_BATTERY
241.71311266799077,98.45475637762895,30.650925742933495,1.1289899026893906,0.9216244103586861,90.51618099903229,3.958259232951227,10.914347476070208,90.51618099903229,24.714825385398925,18.19176474594908,26.12141041677787,REDUCE_LOAD_PAYLOAD
2432.5369508349295,75.3177335835069,3.050109997292674,0.949983023997845,0.7754963461206897,97.47335215766937,0.6307546882925892,24.734482314516256,78.63869854881816,14.92675871713357,45.283763430672906,34.6200130977419,REDUCE_LOAD_PAYLOAD
3097.699795186044,69.24185383091351,1.9085612844421833,0.8769724870074869,0.7158959077612137,76.6429809937312,2.0653592753533063,15.965298146455028,60.83594854639764,14.138690635459966,31.90924487701335,47.27887475322997,NOMINAL_FLIGHT
3483.8713554578044,65.90070758449927,4.146558744904286,0.8279193757534605,0.675852551635478,82.61232958630401,3.171378135348488,22.744873579935913,67.68186684621294,9.84678742136988,48.56205785744904,52.971989213264024,CRITICAL_ABORT
5615.623489491357,49.72132861923984,-17.484342324777256,0.6775054272916967,0.5530656549319973,65.49278821490117,1.7305699224161435,22.428791933370334,37.50631155183415,5.546499675247384,56.52498190757025,91.76345097229962,REPLACE_BATTERY
4033.504123765168,61.37154603873491,-8.685325695739309,0.8084289235531689,0.6599419784107501,65.24351555561519,1.8723362407505868,16.69583247686885,43.90805653258964,9.818604326331673,35.516070070667965,69.15469483465469,REPLACE_BATTERY
2887.667707315422,71.11582161056532,-4.389578011053565,0.9218141415369487,0.7525013400301622,73.4044317158032,3.945423182022964,20.01369104382924,52.99497621974134,7.7286420308237105,38.475949137973174,64.22422236429011,CRITICAL_ABORT
4858.050217595336,55.052491789938294,-2.972341649841504,0.7098555730563301,0.5794739371888409,68.52825189986798,1.7012326012046133,11.276784177016108,50.58175156533208,17.093247283123233,28.46527417682221,62.0662408448891,REPLACE_BATTERY
5703.196925726454,49.1330413784645,-14.79671124085356,0.6625247434819795,0.5408365252914118,74.10739787775138,2.4162884023962543,19.702743983757443,44.71028941545137,7.036181338313096,50.198678927609464,86.96984086445602,CRITICAL_ABORT
132.39689209374507,99.74457170975374,38.77577066375731,1.1139878699859307,0.9093778530497393,71.19651530849391,0.2181586427006028,12.630537847475921,71.19651530849391,28.36597680012261,20.35673489628767,19.24995246452012,REPLACE_BATTERY
5895.127633536232,47.86341814593073,-18.29010494613987,0.6542513978372454,0.53408277374469,65.99820086935269,3.36884032084104,22.145055644820562,37.189511241351845,4.892812305576394,55.46528284332307,99.0,REPLACE_BATTERY
516.792834382082,95.26876311789036,17.03359145937186,1.1437210758556864,0.9336498578413766,96.82564512421173,2.592672195918174,9.42331026285147,93.55128672882121,38.96195256619121,15.99691556725951,19.50215596615874,REDUCE_LOAD_PAYLOAD
4886.320675612568,54.845574659319475,-9.5880492429087,0.724938770244714,0.5917867512201747,65.2878095986112,1.6160804114512541,21.143357439049716,43.26598584944615,7.114556398482283,48.41021636000732,76.90477901275518,REPLACE_BATTERY
1682.008515308475,82.68445126310618,15.282617926187358,0.9986698198282101,0.8152406692475184,90.76287505179799,0.064678159818079,9.698927411666531,85.88181503079564,44.61270793952448,18.343945582674305,19.106609617487855,NOMINAL_FLIGHT
793.0779465232305,92.15336101568779,17.493976653672444,1.1045676030249305,0.9016878392040248,70.32517604218307,2.3666752823740156,22.980217027203253,68.31607956602518,12.280863850758188,38.46191865235139,37.675638931845945,REPLACE_BATTERY
2639.1338382830095,73.38614592368829,10.907291121172998,0.9000167411290916,0.7347075437788502,96.928036769986,0.05063131393664877,13.171476808295063,86.88077877576477,32.01372876579046,26.203164788918087,24.56288803272859,NOMINAL_FLIGHT
3863.739476685681,62.74267370786358,-5.0072485484002,0.8151535215617501,0.6654314461728572,96.247857885646,0.004814455636071635,19.124687202119773,68.80926509551507,16.541092174691563,40.32708718125961,47.353294808677745,REDUCE_LOAD_PAYLOAD
2285.71107014085,76.71535154177575,3.2349194517665687,0.9669641780631707,0.7893585127046291,87.886540122924,2.4643942485974186,16.287538736544757,71.08949598628737,15.312191969408849,29.60729796102066,38.70512386484552,REDUCE_LOAD_PAYLOAD
327.39244969619375,97.45330084468489,13.880875379929202,1.1827974702838995,0.9655489553337954,88.52819524302117,0.756068269338217,14.227153469459763,82.35264356948632,28.682887575683008,23.55629060883698,17.296469046531225,NOMINAL_FLIGHT
3596.7668379522997,64.9490099037145,-9.496855286375933,0.8581871908636705,0.7005609721336085,65.18686996893909,0.7675501988723812,18.97251116411944,43.26686253041923,10.059584070724545,38.391252274502605,64.82378168682061,REPLACE_BATTERY
5414.4196566640485,51.094570286214825,-12.784072865691599,0.683648791263574,0.5580806459294482,99.47050481397608,2.613086263330975,24.107890669371045,62.29455444695896,8.334063360764596,58.486925480100524,77.37413330692569,CRITICAL_ABORT
2299.2921956835103,76.58519976438667,8.549699166091074,0.9471110751432862,0.7731518980761519,95.72414112515351,0.21478875175749712,8.701585705368572,83.22894069751712,45.94853354572862,16.29192310675523,20.935497656661838,NOMINAL_FLIGHT
1297.9966657849623,86.67314032044084,13.405836534981828,1.0537018010093453,0.8601647355178328,96.32871790055322,1.2536222458982254,23.620498550012773,89.0873545413379,16.48334056609996,40.92202133041369,27.729978504011328,REDUCE_LOAD_PAYLOAD
2655.464075596892,73.23519311572065,13.956512494556009,0.8886264504283948,0.7254093472884855,88.07355879678052,0.5977276085680763,18.35438813535723,82.00566424228955,20.202965516079864,35.48020474034952,32.91857294211998,REDUCE_LOAD_PAYLOAD
290.1762662926852,97.88728065977847,29.25400531713822,1.1276677844789318,0.920545130186883,77.06754250290878,2.3207054791861355,21.72434311307389,77.06754250290878,14.515219839826784,35.062301186183376,31.4563064254816,REDUCE_LOAD_PAYLOAD
4922.925506881649,54.57859262291063,-8.673030731953226,0.7189139683119451,0.5868685455607715,96.27770271816684,2.6470606189095833,14.525874208382719,64.80716448939249,13.912136097612825,33.54647507628722,65.06950822973566,PREHEAT_BATTERY
4958.04486570112,54.32343520051534,-16.196897193017094,0.7365051834121732,0.6012287211527944,75.20309248529173,2.884543414396174,16.021330572239435,44.17094036221924,7.732056612486769,37.502536988208504,83.46695879235425,CRITICAL_ABORT
3528.0027805777704,65.52734908624159,-0.7655436140307716,0.8380746932147753,0.684142606705939,84.6949040169771,1.0209248676742617,22.770462780619788,64.64531677191925,11.575632844742653,46.49166238563994,50.34619807308229,CRITICAL_ABORT
2118.617333630337,78.33136901527523,8.229880361817504,0.9698065768906813,0.7916788382781071,68.49058403203588,0.356999006546336,15.052415486766993,59.30056103517087,19.308441145640455,26.357874699469,33.75709226824003,REPLACE_BATTERY
4798.7001866747005,55.4889432952472,-9.477226024775845,0.7331344288698761,0.5984770847917356,97.26844705464626,0.3147346277675913,17.089212634734444,64.5823214670865,15.096808942570314,37.851665806611614,57.75491495117638,PREHEAT_BATTERY
3328.122148730203,67.2321624367255,-0.12138848623754406,0.8578500251096336,0.7002857347833743,69.92696602199247,1.7046061938028951,8.343313692433659,53.88685082347862,23.330813169610096,15.798695763122119,47.483535385601584,REPLACE_BATTERY
4955.593851300097,54.34121147252661,-10.478674512074669,0.7207075960833715,0.5883327314966298,72.87138820056425,3.78337763625086,10.69616609924672,47.55172232739263,12.148735341582288,26.105420209679814,77.58242013903144,CRITICAL_ABORT
3788.752755498124,63.356158981243325,-1.5596009902266037,0.812674954438005,0.6634081260718407,84.53469553448753,0.8709161369880984,18.908670635571596,63.75780445117373,14.248061117459159,40.18536713249134,49.99657338665534,REDUCE_LOAD_PAYLOAD
4706.432839276784,56.173024322415145,-8.769518949376875,0.7401860008104715,0.6042334700493645,91.74325500745435,1.0269664053661973,20.18860731808591,61.653988834529365,12.24084709937742,46.621427936086775,62.831763460065915,PREHEAT_BATTERY
3591.3779593065597,64.9941831859395,2.697655807635325,0.8208194546392967,0.670056697664732,86.67729570777047,0.40355520842343573,17.90421592533649,69.58048310217939,16.411796273182265,38.16533201385196,40.631325882529325,REDUCE_LOAD_PAYLOAD
2484.846409293997,74.82481688202373,10.650341919113327,0.9184916174707787,0.7497890754863499,73.12468694800546,2.422281095575721,10.43627061668538,65.33061159731817,22.62886666962877,20.149086032262773,39.24661343416658,REDUCE_LOAD_PAYLOAD
5747.675159556826,48.83641811870175,-16.913113973031816,0.6639641095598185,0.5420115180080151,65.03300648846216,2.7194914957886995,15.571892285823193,37.666499590562424,7.243126238193203,38.82910632898425,91.60351807479277,REPLACE_BATTERY
3246.6829492730685,67.93698505962615,10.251887459760221,0.8351144148982601,0.6817260529781715,91.50027031076037,2.57172483264304,14.036611028174228,81.33198408081154,18.283517358618116,30.014310669094616,39.97982400130937,REDUCE_LOAD_PAYLOAD
3630.5371112432304,64.66650277678754,-3.4988027322840694,0.8354480898869462,0.6819984407240377,99.48225640688828,3.444520972179125,16.4262428485965,72.83231773407341,13.604697176944189,34.252037046830445,54.33060604007844,REDUCE_LOAD_PAYLOAD
1322.9258364884954,86.40956593560456,8.311978993748095,1.0695092262321513,0.8730687561078785,93.34695921071317,1.945703340104287,22.795593587419603,80.90908930129324,14.529263873591345,39.99724786423742,31.019375333609453,REDUCE_LOAD_PAYLOAD
3753.904736563659,63.64290770511405,2.5035095691614773,0.8043201261171631,0.656587858054827,81.10723163548154,0.5378281630682578,21.189644457197083,64.92958395060667,12.883704680719653,45.88882117912698,46.236677360366585,REDUCE_LOAD_PAYLOAD
3429.645896897663,66.36181981107369,-1.3797390019065086,0.8506654698653443,0.6944207917268116,96.63185414896873,1.1576205228176506,9.427821523615702,73.07986658985091,31.34688897602521,18.81675617147711,38.838575456787396,NOMINAL_FLIGHT
1109.0303876821497,88.6923134680908,19.397759833852966,1.0561647173629771,0.8621752794799813,79.34466855914225,2.649719893685407,23.135256362167596,78.79992473045654,11.2071303894273,39.45788749296239,37.51631335106692,CRITICAL_ABORT
357.5225841188623,97.10309421469886,10.657760197724743,1.1919313744057596,0.9730052035965384,83.37269294852136,2.4524878949662394,16.020041569547,74.4933732769747,18.803012854560002,24.471212798872575,26.713960423229153,REDUCE_LOAD_PAYLOAD
3626.1559182886267,64.70309761929838,8.392266238539264,0.8006153628600322,0.6535635615183936,81.69954185884892,2.12401251897185,20.645656463061975,70.8883914130774,12.108566739552858,45.364520629013874,47.91017736340149,REDUCE_LOAD_PAYLOAD
4582.153616101923,57.10522326252037,-1.422531464460488,0.7321241617383725,0.5976523769292836,80.66683554329337,2.7318576747547487,10.380666931493987,60.966634366056226,17.806793895086123,23.650912360083815,57.675741183687826,REDUCE_LOAD_PAYLOAD
3140.4082255320495,68.86573509808211,-2.91503621177333,0.8877774261326751,0.7247162662307551,92.1316769252867,2.5495634014931974,19.402231937019817,68.06398879715115,12.777665707396402,37.76807407369409,51.77320643035932,REDUCE_LOAD_PAYLOAD
1360.6357519178741,86.01209539253821,8.76198199330239,1.0628902953923225,0.8676655472590387,83.43691175443222,3.5252995578598068,12.017542299360784,72.74752486382937,18.291504775643045,20.853829735467492,34.164521493727065,REDUCE_LOAD_PAYLOAD
3999.1318601582097,61.64718045610413,7.366972429459276,0.7655904791954545,0.6249718197513914,76.08509927088257,2.3440655099131864,15.452475251395835,65.12758848340374,13.565812706721651,34.35734972667844,49.760215252459275,REDUCE_LOAD_PAYLOAD
480.63435965761346,95.68272101904492,18.18897714473572,1.1441352731876258,0.9339879781123475,74.03553586804674,3.114405434802226,8.286668791395774,72.50702332587674,30.17005741773036,13.62620380204815,28.542284532865533,REDUCE_LOAD_PAYLOAD
2651.0022288117275,73.27641237354813,3.5975612690606518,0.9224075399725081,0.7529857469163331,66.32115609386017,0.9948286238658715,10.577380844818093,53.91990892076166,21.809056606748655,21.818589237598783,39.01173735873244,REPLACE_BATTERY
980.2005503905211,90.09061392880197,7.298435951715199,1.11910019894054,0.913551182808604,85.4118306659066,2.712730338356272,9.565368383101536,73.04438291630595,28.332699194542467,16.463285694984002,26.735655609574334,REDUCE_LOAD_PAYLOAD
1106.7543063593002,88.71686427196563,16.05220598065678,1.0686783975329215,0.8723905285983032,73.0486495390362,3.608776473530703,12.075650939950393,69.76110589084331,18.276881833647643,20.6294842349607,36.66734178814362,REDUCE_LOAD_PAYLOAD
1213.7636949492219,87.56855018320347,15.971937908651293,1.0551387238356258,0.861337733743368,70.1846872705734,1.542929311599333,9.700307530413479,66.96181289923294,29.266955195411995,15.597184132017249,29.12181711258202,REPLACE_BATTERY
2320.2423422638676,76.38477925402393,13.495890259132285,0.9283325047456361,0.7578224528535804,87.88404873396871,3.1164167493545865,19.762470452532554,81.36772326318123,12.609874967167368,37.346703942956,41.319375021249414,REDUCE_LOAD_PAYLOAD
306.90123372238577,97.69205677233522,16.009749839882115,1.1769658493711244,0.9607884484662239,88.8423240237542,2.8991572047817415,8.49367833755673,84.80098871041845,37.74461471626911,13.98675144936277,21.663490308865512,REDUCE_LOAD_PAYLOAD
2386.760645574589,75.75124199065452,1.8846218425621224,0.9594996917345021,0.7832650544771446,91.3254212290183,0.23810478748728992,18.501588510624966,72.46532346217722,20.240861708714963,33.48020172061931,32.6911728507398,REDUCE_LOAD_PAYLOAD
3070.244682688205,69.48451882863097,7.29822273640905,0.8631331786046845,0.7045985131466812,82.6251913718507,2.326033238496289,10.392033124034763,70.6610421121489,23.858123890787503,22.752429353072074,38.948788187648724,REDUCE_LOAD_PAYLOAD
2899.7657097979513,71.00677720065441,11.18517324244864,0.8699847977157832,0.710191671604721,96.29191118213603,0.5207573968032095,24.06774477202425,86.61563090858185,15.54238750604182,48.43170974333895,34.60661816130036,REDUCE_LOAD_PAYLOAD
2296.704602418243,76.60998360646566,2.215658328692002,0.9692103451579859,0.791192118496315,97.77199636893798,3.8692766889223646,23.862599242867525,77.9495556507917,10.172464906588127,44.0726202678155,46.34580191972711,CRITICAL_ABORT
5034.879648424515,53.76856451724029,-2.31914728326064,0.6916282973861672,0.5645945284785038,93.25798289273713,3.245630010802625,11.833552742856364,69.5295822197772,15.197532583117953,28.070056848618616,59.78405819615476,REDUCE_LOAD_PAYLOAD
871.9601545230247,91.27919072750767,19.51996820303445,1.0865158581965173,0.8869517209767488,87.24577187028655,0.43889520498848045,18.4451620697915,86.7683313812932,23.12868504446055,31.461143024287022,22.263368340699056,REDUCE_LOAD_PAYLOAD
3034.180462688244,69.80432229390713,10.736853687899643,0.8566027854377358,0.6992675799491721,75.6302333756916,0.48700799059071365,8.476090431031793,67.64369071759008,34.947196436487324,16.338825743541094,33.14073857419027,NOMINAL_FLIGHT
372.2485017393258,96.93230401430796,22.2292829311063,1.1432229985059261,0.9332432640864703,99.40307225670774,2.377895419650476,23.84040523186996,99.40307225670774,15.71987898123127,40.280564018229455,25.601725266442948,REDUCE_LOAD_PAYLOAD
426.9340732674585,96.30019190882685,9.613538936321767,1.1864411275511146,0.9685233694294813,74.59476585171784,1.3795566966927333,16.890784239259062,65.76232365748493,17.736510610369947,27.566532455811224,26.690088868778783,REDUCE_LOAD_PAYLOAD
3443.195098062578,66.24635859310533,1.8593949510130514,0.839183486763053,0.6850477442963697,72.09299226966509,0.13962343629243712,8.734793574102243,57.18395257463933,29.386006999292178,18.87447320809498,39.38594753365791,NOMINAL_FLIGHT
3396.1105493269256,66.64829639714172,8.226000522731333,0.8251719362208993,0.6736097438537954,80.47539398253039,2.1665660313322124,13.822499881138334,69.67369737034073,17.68424322396667,27.897897827574273,43.06237952336689,NOMINAL_FLIGHT
5268.201077066742,52.111669450638765,-13.712037096352397,0.6997516152640547,0.5712258083788201,66.9894199749336,1.5513803987433876,9.306440851640982,41.244232126591356,15.728712329918311,22.450159703730172,76.14086148022439,REPLACE_BATTERY
3347.242053960439,67.06754891155322,1.303101804719882,0.8513080498037492,0.6949453467785707,99.24730626351268,0.4043059694869706,14.680055469347117,78.0932749559553,23.361099797858955,31.018246827856444,34.54947995739367,NOMINAL_FLIGHT
5758.746122429101,48.762812238564386,-13.312517313544047,0.6537766310788135,0.5336952090439293,85.59517447457486,3.2076815690239306,19.388747816742494,53.089320133877735,7.124698206064646,49.49823663525174,84.27144999820663,CRITICAL_ABORT
292.16909039957864,97.8640026534389,8.60333151306033,1.2100306284029199,0.98778010481871,84.49332320824614,3.660307061115224,15.988128436704473,73.51577991705395,14.885415947607425,23.901946439736733,30.450685112316165,REDUCE_LOAD_PAYLOAD
588.0461086844464,94.45726906460396,29.53443817073848,1.0871456706101714,0.8874658535593235,87.9528697964902,3.02637573605652,14.523276970230725,87.9528697964902,21.543387875909364,23.92744043133955,27.70963973090475,REDUCE_LOAD_PAYLOAD
264.39516942228835,98.18883183297265,18.774552999269254,1.1717471830100668,0.9565283126612789,82.39582767220223,3.289689240065109,10.025669774187902,81.24475006541488,27.78952135963681,15.532939828923025,26.05550198444947,REDUCE_LOAD_PAYLOAD
1111.6611020012401,88.66394429251582,20.302879999355934,1.0525703206487562,0.8592410780806172,66.12222309830895,0.8659622690644695,12.163963776792158,66.12222309830895,25.759429140706718,20.529594785263818,28.88764845233282,REPLACE_BATTERY
3247.6206656500685,67.92883560443255,3.4569599925335113,0.8555265965296092,0.6983890583915177,86.43089510941388,1.054291803674404,9.70243589155197,70.13083589470551,30.253522231288628,21.00611965314301,35.32034440233386,NOMINAL_FLIGHT
3873.433088564568,62.66372019106965,6.1107802061271075,0.7817154149702458,0.638135032628772,90.06608569347507,0.834110161196751,21.72747843816323,75.80528236753176,14.581538095577448,46.08113881656609,42.23629652462946,REDUCE_LOAD_PAYLOAD
273.5109476920128,98.08212238306707,25.252459452142322,1.1450643808019565,0.9347464333077196,79.58621712184186,3.060253725462256,10.299077075740284,79.58621712184186,28.18360979174932,17.156360370959767,26.39570225148639,REDUCE_LOAD_PAYLOAD
5675.825339073595,49.31630514615275,-13.067486061583242,0.6605745317062793,0.5392445156785953,91.50534502249175,3.7916683157379882,18.12134723133119,57.010635402047384,6.9673918196031455,44.4077268515716,82.85465818343991,CRITICAL_ABORT
5052.992259902287,53.63843315987437,-12.312025151961265,0.7163870263465358,0.5848057357930905,72.94504547684473,2.8673488269356104,13.82658703101038,46.0752210334348,9.572118398762848,31.724545963060777,78.76796276783597,CRITICAL_ABORT
1779.6748929425587,81.69409415912232,17.421366702784063,0.9794455429521408,0.7995473820017476,72.74468068731645,3.525867059518224,11.84163253913812,70.60624753101797,19.210430009316216,20.060653346234105,40.24777963161371,REDUCE_LOAD_PAYLOAD
463.12518135880777,95.88369641286675,12.622479801394665,1.1688716182830055,0.954180912884086,70.64959456906509,2.5547963795326902,18.870963471365762,64.70770012416035,13.121713424616312,29.537256514334032,33.87726996482064,REPLACE_BATTERY
1019.3224393143437,89.66411681078736,21.60385624583623,1.059745614926556,0.8650984611645355,78.01981659262066,1.5506396022351963,15.769039259407991,78.01981659262066,19.45659459535677,28.300782866068054,28.915433819276558,NOMINAL_FLIGHT
761.666482529836,92.50334345512123,14.553944105781701,1.1200929491083684,0.9143615911088722,94.64542123861793,1.7030464597212207,14.802472943837504,88.76935674076815,25.6240000566852,24.54125537776064,21.58506503816485,NOMINAL_FLIGHT
739.7026757936811,92.7487001074889,26.453350917124272,1.0784589376276397,0.8803746429613385,93.97692217521725,0.30128572866961933,18.078484083167766,93.97692217521725,26.183651758825818,29.669366009862934,18.39992144654883,REDUCE_LOAD_PAYLOAD
3111.3701319944034,69.12128324324227,5.582591855349853,0.8639059952005238,0.7052293838371623,78.39884727872263,0.12582878098410433,16.35154968433001,65.51333403484583,17.000464102691403,33.89528185393926,35.99285029503616,REDUCE_LOAD_PAYLOAD
1475.0846549604018,84.81483478548004,18.63256858200793,1.0126396451490502,0.8266446082849389,85.61915575930828,2.7819024167563096,13.159231545376533,84.28446287064182,23.24056705971242,24.430942397199985,31.965628961573195,REDUCE_LOAD_PAYLOAD
2148.8382991748667,78.0370688740724,11.442495124486964,0.9552563957981239,0.7798011394270399,90.22857107662205,1.7537155680447225,17.504041892009276,81.4262726959761,18.034858809706392,32.76027513643251,33.03374871707561,REDUCE_LOAD_PAYLOAD
5937.032000305935,47.58978615926962,-22.352593477693567,0.6610482516810615,0.539631225862091,73.4422371119808,2.208860272218518,19.38147580136181,37.98288808952524,6.3789805233247625,50.20143558673413,96.66312735412683,CRITICAL_ABORT
4105.8854935520685,60.79437578932218,-5.991901525065137,0.7927522965048722,0.647144731840712,70.88493800631615,2.2306449904896652,8.453783695976522,49.881186664032256,19.99852371724388,18.9779244277486,60.76874117217673,REPLACE_BATTERY
5693.884002282008,49.19533314026344,-8.648299326776138,0.6479446165632491,0.5289343808679584,99.02335976243089,1.1095032533332057,15.919819391430481,66.68326006311526,14.413019554576366,41.08839834248122,63.64663545678341,PREHEAT_BATTERY
855.3393301986936,91.46282151259746,20.27357344050771,1.0859055221941123,0.8864534875053978,86.61450596233665,1.9035700433179628,8.980615837920244,86.61450596233665,39.081715795662,14.48847668049839,22.20115950453572,NOMINAL_FLIGHT
2292.8368489954155,76.6470408683109,16.001510008058162,0.9234478548442334,0.753834983546313,99.34955026417823,1.883040886670809,11.168892039157889,94.82092098441652,32.03992745974441,21.924928927523137,27.36527757518781,NOMINAL_FLIGHT
3328.3908196941256,67.22984704010818,5.381832487174043,0.8408716984789868,0.6864258763093769,76.82145954962802,1.553708884911428,17.528648479325543,64.01938535687881,14.71173708523154,36.41149347118726,43.87169967852577,REDUCE_LOAD_PAYLOAD
460.5483713324281,95.91330261296521,17.17292613282592,1.1509062852873277,0.9395153349284308,89.6061094990946,3.282701533604282,22.72521155951487,86.71822626734867,12.949348588013482,36.96492786448768,32.269651528147705,REDUCE_LOAD_PAYLOAD
25.12466176774719,101.02353747486744,20.856369009906473,1.1970389502786152,0.9771746532886654,72.79112727894332,1.8046560147503836,23.007696546204244,72.79112727894332,13.489211039943827,35.31039375619917,30.241743962384845,REDUCE_LOAD_PAYLOAD
4022.606002781505,61.458830830843844,-0.6323520654635985,0.7856554201502174,0.6413513633879325,74.14200599458695,2.4145780980239513,9.189048172356731,56.7031527306586,19.848300299548892,20.160364303453054,53.84241883434686,REDUCE_LOAD_PAYLOAD
3850.917100808612,62.84723442626676,-11.601181485256507,0.8370971391540216,0.683344603391038,82.91657424443684,3.5820804815233043,15.124786466874014,53.04559074092704,10.566019616833882,30.727661724270092,70.87197357064194,CRITICAL_ABORT
2464.7328599976704,75.01403859180922,17.346445838130066,0.8995890761596033,0.7343584295180434,76.1866343927825,3.46493449143569,17.91111021107737,73.88194927998362,13.097294385966899,33.36454677945593,46.4524567820428,REDUCE_LOAD_PAYLOAD
2937.864456192196,70.66426128363753,8.112614716638515,0.8752462571438017,0.7144867405255523,70.86675473442045,3.5616888151166606,10.500188377355837,61.26316197709172,17.48802627674304,21.82157066753814,46.99062458717496,REPLACE_BATTERY
2492.6580035525376,74.75143223583875,14.932895962152868,0.9039501742216229,0.7379185095686718,74.2008245696264,1.0800199858600559,21.01234768466112,69.91461497483932,14.36025292692862,39.79576924399457,40.227699979125774,REDUCE_LOAD_PAYLOAD
144.03026906933314,99.60666319633954,16.16078354700349,1.199406004961386,0.979106942825621,66.25119380630527,0.13992995323225133,20.65199939343306,63.35157333077843,16.62878030033458,32.22157244003358,25.568195698045045,REPLACE_BATTERY
2012.2296373047745,79.3745614582884,18.143333159295246,0.9492776210224578,0.7749205069571083,89.65482675171202,1.0442671995813169,23.35679723301551,87.75719251080704,15.578606118978042,44.089088227649775,33.28889719275122,REDUCE_LOAD_PAYLOAD
1062.493532383739,89.19537529804414,29.25128659464444,1.0275457123128982,0.838812826377876,82.22408299800516,1.1148293824828346,8.144262205418531,82.22408299800516,44.86586829412968,14.60329697211491,21.486617397165087,NOMINAL_FLIGHT
590.5451346082125,94.42890992438845,14.557064848160032,1.14339660574012,0.9333849842776488,68.2985073241584,3.637441306899872,11.683632147813045,64.06062177596378,17.127227555783783,18.66304524266021,35.190953244654814,REPLACE_BATTERY
5740.322603336099,48.885351672106324,-8.455087947165808,0.6433919149933301,0.5252178897904736,71.0092897594972,2.5969709313518825,22.06217414217047,47.97472808853328,5.298808819868548,56.719529904767356,82.75401478477403,REPLACE_BATTERY
3596.158350252994,64.95410939191343,1.6305204467920076,0.8234991199988057,0.6722441795908617,68.58870883394255,0.32681583840891504,19.3998608640579,54.22540555057365,13.029431542281245,41.15876286808402,48.88039366091367,REPLACE_BATTERY
4371.937705419616,58.71051132695109,-11.139764326468725,0.7806206827044809,0.637241373636311,86.44074828965567,0.5415143840444046,23.204627512874342,55.75486064829997,9.729455300091647,51.50028862473157,65.5698806865552,CRITICAL_ABORT
1892.182459596705,80.56517247441991,15.165233871880767,0.9734691656328096,0.7946687066390282,68.29736272643729,0.6227045021679016,8.97205412701453,64.53306248061125,33.946839470788376,17.884871880606816,29.85202841939941,REPLACE_BATTERY
2358.882776964091,76.01623789563845,13.83527797392015,0.9227609394887553,0.7532742363173511,91.39988165623257,2.5216869926756926,18.148387417179528,84.9764962108817,16.910749012329305,35.01843858286908,37.1155496254507,REDUCE_LOAD_PAYLOAD
1421.5439633803408,85.37323745500515,12.75433147468355,1.0402637489653825,0.849194897114598,65.71788217621369,2.9416561020280123,17.673791773192463,60.28954428525872,12.12483211802894,30.87000641109871,41.926566471231055,REPLACE_BATTERY
581.7940257925485,94.5282483971298,27.047921433624552,1.0969741116611675,0.8954890707438101,73.72815257985623,3.4385756422615845,8.60646507812905,73.72815257985623,28.242983603855002,13.658230500791177,30.64748278619856,REDUCE_LOAD_PAYLOAD
1074.1898246495027,89.06872195082758,9.683949105832243,1.0970745288043007,0.895571043921878,96.17333365621676,3.7625462032249724,16.72987530751222,84.86306300310063,15.191191278822732,28.30662828799005,31.752913977380548,REDUCE_LOAD_PAYLOAD
4785.084271778915,55.58946678986942,-13.576828498811166,0.7460624012339582,0.6090305316195577,90.1485961342786,0.8068182295457671,18.36184529226871,55.64189108365299,13.264628610333132,42.30698696473711,67.69585267311074,PREHEAT_BATTERY
4065.274831102655,61.11766205099141,-0.7412994242234927,0.781606580130674,0.6380461878617746,67.55389165239907,1.2390899388961962,11.251983961435823,51.58071902041192,17.815525241820342,24.508756400634528,53.3575780598829,REPLACE_BATTERY
3281.5732559128614,67.6342950129134,3.796700226427758,0.8507720647703624,0.694507807975806,93.7394136569813,0.9612915229793226,12.64660291311927,76.42409250803556,25.406474602044266,26.337111973167058,33.97048056687895,NOMINAL_FLIGHT
2850.5392372006086,71.45132315400608,2.888627516075521,0.9017431770959491,0.7361168792619992,82.25622925390716,1.435046269864551,18.88590488706153,66.2105357059989,13.75757104461458,36.68684699764851,42.08507873640773,REDUCE_LOAD_PAYLOAD
5534.605701936746,50.270644011861826,-6.926964882729421,0.6578263526113252,0.5370011041725103,94.63740595090903,3.6586604296949976,15.961116109199292,65.58680753529583,9.65015693125942,40.69502245745574,71.77111198129731,CRITICAL_ABORT
436.4096866720104,96.19100310781894,24.81780860771168,1.1246245391959822,0.9180608483232506,86.02589210576377,2.300450267757446,22.586232178661554,86.02589210576377,15.343155759315739,37.73317641473482,29.615088746523426,REDUCE_LOAD_PAYLOAD
1683.604879427496,82.6681860286808,18.347263638391357,0.9879759540905336,0.8065109829310478,88.86415612115006,2.9527675892979963,13.820490022156202,87.189849269608,21.39766251244175,25.833524169092378,33.08374629408574,REDUCE_LOAD_PAYLOAD
2099.6271214242843,78.51676030646097,10.736741533980814,0.9635177298918334,0.7865450856259864,99.77255461384979,1.960476944507128,12.53321419259942,89.23645845613439,27.095750849738643,23.33100457256584,27.199147817588948,NOMINAL_FLIGHT
4694.554873276727,56.26158286225842,-2.501705336407025,0.7241842916391138,0.5911708503176438,73.13174410734064,0.11543165334449812,24.742720985862327,54.37203000163438,8.556097576915661,56.81393282470811,61.06934068512604,CRITICAL_ABORT
5955.087720971828,47.47227499581907,-15.936321701466861,0.6429666297643452,0.5248707181749755,86.83809511664859,0.2567819439912573,23.489308092211417,51.262779485227725,7.965237556843677,59.69983701916064,79.5247816018963,CRITICAL_ABORT
1444.0230885429185,85.13843000390148,25.88294337490401,0.9918569721382076,0.8096791609291489,81.11124865200894,2.151692125071543,8.492876664982658,81.11124865200894,37.17904696895779,15.861068400587264,28.199102456305113,NOMINAL_FLIGHT
5245.844004822484,52.26862027333933,-13.160714881956075,0.7003708065954414,0.5717312706901562,66.3808183522942,2.8751561392801026,21.10238646021162,41.28673489476486,5.352949099151535,52.45649961730107,87.6035955282695,REPLACE_BATTERY
4983.736562590748,54.1373863208612,3.132199490451704,0.682632292053179,0.5572508506556563,65.50647245260028,0.861322110114926,9.87569115502845,52.9100412052729,20.30010034350124,23.849702502905483,52.541264474108594,REPLACE_BATTERY
1347.9443858505997,86.14569945902416,16.412801227418143,1.0364140243566888,0.8460522647809704,69.17300022362505,2.887638295969216,8.467248312099306,66.34423498654795,28.145266110282318,15.17333733922853,34.56145143633721,REPLACE_BATTERY
2395.9954811953353,75.66362445116081,2.548474924386608,0.9560821855442593,0.7804752535055177,87.71821091884918,3.2426630939340497,12.652823771427931,70.26690216405323,16.902139970607916,23.159482650374816,40.96877744122109,REDUCE_LOAD_PAYLOAD
2458.0372157551146,75.07711491965797,15.86315485003476,0.9049663131717772,0.7387480107524711,84.85070807696873,1.6475899134484449,12.578879944038773,80.84914573892443,24.820632250600227,23.74172281695436,33.36659274015405,NOMINAL_FLIGHT
5869.3240111593495,48.03254642349607,-12.521099130560978,0.6420302449984875,0.5241063224477448,84.37003464073047,2.9856769313764198,21.9284189598984,53.090643274449796,6.225364701763832,55.7142197081786,85.08687009944768,CRITICAL_ABORT
1085.35140827339,88.94799452754103,22.200836338124155,1.0491568113229315,0.8564545398554542,66.1149866884891,1.6161198013138396,20.081343181028195,66.1149866884891,14.856881605900325,33.113314373407206,36.300226370834075,REPLACE_BATTERY
4794.947826628692,55.51663149169043,-0.04788128037353179,0.7081748292952524,0.5781019014655121,81.42560487260025,2.71340251782008,24.687360264644244,62.81612107237942,8.86796181689779,59.63755686725288,65.51670042031736,CRITICAL_ABORT
2005.1562850386595,79.44431655604362,13.65626191797384,0.9649763127756699,0.787735765531159,97.3617986244885,3.055988197278172,20.095719305300914,90.32072827826498,15.1904153188162,35.42854041282065,36.13750280046156,REDUCE_LOAD_PAYLOAD
4385.222074656962,58.60799752955463,-6.465147709334328,0.7655983404349933,0.6249782370897904,78.91571542587263,3.967706473232443,15.110344405352814,55.10663228107059,9.618862084111408,33.461322409194,70.66324487214473,CRITICAL_ABORT
2520.066025773977,74.49441320929958,13.498137720815398,0.9053510878198971,0.7390621125060385,86.87228644259596,1.3815866482543844,19.881770236068686,80.43320572006094,16.12044971844551,37.80125450314534,36.40509696803476,REDUCE_LOAD_PAYLOAD
3470.15857869924,66.01706985507279,2.447746775727918,0.8344936391328669,0.6812192972513199,92.29365364681003,1.6441631222984459,24.990804142168834,73.8260916370664,12.366144947262137,51.27319397050277,47.16261099574237,REDUCE_LOAD_PAYLOAD
4995.6706399567865,54.051140236521874,-4.042570066677022,0.6997157026768638,0.5711964919811132,92.43738476996606,0.6624802376406853,20.072412003562977,67.10165654868592,13.409802871487194,49.16993930050492,57.16715957022926,REDUCE_LOAD_PAYLOAD
4824.993389903305,55.29524255192281,-17.13110990332879,0.7524163180411096,0.6142174024825384,83.1748028838345,0.8162922336072276,20.94858305166541,47.967353567266514,9.717195404333898,47.49650849423768,76.22219135611476,CRITICAL_ABORT
5198.539101238201,52.60197144751563,-6.5555955729990405,0.6873745371742859,0.5611220711626823,95.02831808908178,2.773580010393511,23.952205258234407,66.2600352411038,8.088810244112343,57.41000570668122,70.70386297422604,CRITICAL_ABORT
357.7039520679541,97.1009892404213,19.48199518583315,1.1559639619621156,0.9436440505813188,78.69823326773114,3.6681823606179043,9.932071442298618,78.23350014156128,25.015353371100332,15.44624702784752,29.25715146105348,REDUCE_LOAD_PAYLOAD
4152.303318238469,60.42655818063811,6.276576617342602,0.7533600684097319,0.6149878109467198,96.10426251746794,1.5784198066449622,19.981332988611356,81.06903640664792,15.814806304114523,44.49240673889551,43.49315154336271,REDUCE_LOAD_PAYLOAD
839.9242603305772,91.63339809648167,22.655929047296723,1.0791687635904785,0.8809540927269212,73.40795082384409,0.719377787342165,22.463701285446632,73.40795082384409,15.957147837822161,38.00250220248416,30.38266287071737,REDUCE_LOAD_PAYLOAD
2494.911408110466,74.73027385785122,9.982364576528454,0.9194952850221457,0.7506083959364455,74.80757424466998,1.1403979975319762,24.224436203755182,66.2644711797198,12.434970020452328,46.76283343879506,42.18215310800791,REDUCE_LOAD_PAYLOAD
3291.530490328131,67.5481118543857,6.036601779618257,0.8428709581269137,0.6880579250015622,66.85922184696504,1.8202068192325545,11.58647792509889,56.21638773832922,18.19061963863115,25.42443895913968,44.57752920765775,REPLACE_BATTERY
2416.4369084809846,75.46997373731303,4.3009558304900075,0.9476117176708279,0.773560585853737,92.8453642789799,1.1626013174614735,16.566793131312153,76.22891266683047,19.153519278515503,29.59375494121017,31.73868829117592,REDUCE_LOAD_PAYLOAD
3117.6700548180447,69.06577600105089,12.851428096322978,0.8412733720473331,0.6867537730998637,79.5969332681447,0.934316332487465,19.569432409956192,73.11028309925823,15.217708958265325,40.41379556708896,40.57282770205632,REDUCE_LOAD_PAYLOAD
5979.1578527917145,47.315986033540085,-3.9076739510616196,0.612219290682631,0.49977084953684164,73.01908148689897,2.9439379550283182,12.206951401522737,53.11791461359848,11.905748197453521,32.27738451812996,73.37488920108079,CRITICAL_ABORT
811.3038822771283,91.95078208424675,21.691092317939745,1.086450301487056,0.8868982052955557,73.11265971658028,0.03137968496249277,18.20803867525466,73.11265971658028,20.475423492495278,31.423129079481367,25.18567210290896,REDUCE_LOAD_PAYLOAD
4052.7362720185533,61.217757571275854,6.6092320747476005,0.7623167085584639,0.6222993539252766,96.54899794302315,2.1569221093459325,12.37883930246599,81.81033437949723,21.731311101617507,27.96422353082304,40.364573798243626,NOMINAL_FLIGHT
2376.0057983136912,75.85338450958488,6.710221317598338,0.9442266175465565,0.7707972388135155,94.18708101613629,3.1750672281190155,13.668769349038005,79.91741075565318,19.33344782046084,26.227715065991795,36.00231918271794,REDUCE_LOAD_PAYLOAD
798.0587934439727,92.09796369261568,15.827050011489273,1.1102713250179856,0.9063439387901923,84.37358098750141,1.0649131452698728,15.505817840684706,80.35979222204001,23.74885450032683,25.941684267498946,23.42150461530386,NOMINAL_FLIGHT
952.4205802458572,90.39446045378388,19.01388997204654,1.0778485143370053,0.87987633823429,86.56387801455024,2.4131660424480694,16.996231678691636,85.5907568214272,19.28945145121966,28.061986145305724,29.505541079403493,REDUCE_LOAD_PAYLOAD
5695.638637473701,49.18359194794349,-9.846945951739563,0.6507389391686065,0.5312154605458012,81.60139496926018,2.675600422474471,15.639219817627561,53.83609732159188,10.228540418590143,40.65982127728311,76.8974390962988,CRITICAL_ABORT
5277.608980270572,52.045738399911016,-11.274391777974323,0.6923609645549148,0.565192624126461,78.70832900075831,2.62009878562036,16.384323836394795,50.646600662861005,9.00815111629606,40.208504644981105,77.42337211612868,CRITICAL_ABORT
5442.251762490131,50.902803524124046,-7.685795504343435,0.6680026454939189,0.5453082820358521,97.0416908426416,1.7833985367948708,13.076008856900975,66.41357979069954,17.96258074057152,33.230149029164615,62.538181251934674,PREHEAT_BATTERY
5949.196654964319,47.510589678924234,-12.137830846901,0.6341209675626752,0.5176497694389185,69.39644462321057,1.3863119515031168,10.70240659838472,43.97158095829193,13.569785959820058,28.740869017966766,77.60040232928355,REPLACE_BATTERY
1249.8923400511078,87.18358414562604,11.884165913212524,1.0655657373184355,0.8698495814844371,79.64563764006797,3.343696292111254,8.80494961455627,72.27678273868364,26.96312626435373,15.395458103532796,32.236896340425304,REDUCE_LOAD_PAYLOAD
2132.6360241843704,78.1947395736986,13.7318309300602,0.9495480416009373,0.7751412584497447,77.05966677957564,3.033783827999457,11.331638282358352,71.55320435331296,20.781493511404058,22.440691601495278,38.645165759303666,REDUCE_LOAD_PAYLOAD
4015.3141795492,61.51728831659332,3.2180990455378033,0.7754462872773059,0.6330173773692293,82.43527520879019,1.28502069365565,17.89304190559831,66.66428009852184,14.290109842407267,39.7699284939285,47.263253614216076,REDUCE_LOAD_PAYLOAD
2902.8152391638837,70.97931187976698,6.989047533386709,0.8826745112509757,0.7205506214293679,81.01711560908113,0.41207677776882434,21.36396261265325,69.00026343112184,13.854894972140597,42.310342027469446,37.9407639161693,REDUCE_LOAD_PAYLOAD
2510.337200270001,74.58556332313725,14.446048714553454,0.9034711894102881,0.7375275015594188,83.16113360778785,0.28723018178187676,10.877209156529208,77.89578271992596,33.782030177732246,21.226493426369704,28.140675581115488,NOMINAL_FLIGHT
2146.867496013558,78.05623376931267,4.958342308427113,0.9777684621526952,0.7981783364511796,69.8971642029448,0.3771039115957442,9.845441082135023,57.91155512284792,28.464178059052035,18.02134561648964,30.430779803367596,REPLACE_BATTERY
3562.6837916607133,65.23514600803328,4.182307464864621,0.8194521941952275,0.6689405666899816,82.9599525529647,2.331477444768171,20.737936129337253,68.00047329974545,10.784820228185442,43.35150280154177,48.91337186212863,CRITICAL_ABORT
3453.5605718404922,66.15813777645717,-3.2995472489470723,0.8540879014126891,0.6972146133981135,73.48465848605238,0.20664870331595875,13.187691619133926,53.96604277991129,19.124567833827943,28.231212704856897,48.07314383993622,NOMINAL_FLIGHT
968.7470043854405,90.2157880088564,13.132737680329202,1.0978167026856154,0.8961769001515227,71.4515972145867,1.3477074998561536,24.175490466864993,65.8578809965416,12.37240762635893,40.61568009916052,35.202162571722624,REPLACE_BATTERY
2830.4390251106342,71.63348738922457,3.447492168091926,0.9022155445162793,0.7365024853194116,67.2691976575167,3.0127988076569174,20.143405500376343,54.57559495729342,7.913595727074749,39.43849736428334,53.21372336024346,REPLACE_BATTERY
3320.830657259099,67.29502490525127,-1.2957001900553689,0.8623611848169915,0.7039683141363196,91.69283955646493,1.1773926660615124,13.554852803131524,69.43247883969461,20.428364479167957,27.77335193232224,42.381992730258055,NOMINAL_FLIGHT
3421.7216323883426,66.42942290847208,0.018830295770082994,0.847172374495399,0.6915692853023664,79.9604672299796,3.0532323087205193,12.922226712492984,61.74664544496979,15.46817249941651,28.93973500657339,52.15424015537944,REDUCE_LOAD_PAYLOAD
1260.643157474111,87.06929458121911,15.735067922862335,1.0499832726867036,0.8571292021932273,86.93252891591155,2.981868152828221,16.902872566612253,82.70584974114162,17.057975480935003,28.350618454365083,33.251095744436455,REDUCE_LOAD_PAYLOAD
4453.628353513721,58.082407077535024,0.23718813381773884,0.7401315148965598,0.6041889917522937,90.46576701566602,0.9833085305328653,9.34545936072956,70.0841865696565,28.98350443584166,20.72101603696748,44.32653711870162,REDUCE_LOAD_PAYLOAD
151.19456892641782,99.52181045426252,22.411440108449774,1.1730403272642251,0.9575839406238572,88.77608328597438,2.915288720370982,10.000500714970084,88.77608328597438,32.01159807463623,14.736145569144021,21.742972299019637,REDUCE_LOAD_PAYLOAD
2128.991133258976,78.23024495564071,3.233429099968693,0.9860640784483309,0.8049502681210864,81.46752516813888,2.991106553088403,10.989583982375272,65.89591134882765,19.76062818630172,19.815184671501157,38.835766178706336,REDUCE_LOAD_PAYLOAD
4681.2758912138015,56.360720761140215,0.27204593958608925,0.7181008792836036,0.5862047994151866,78.57644851331054,1.5898157026681075,21.170301086177524,60.90470925519835,9.99989718808994,49.85324224734518,59.143220128297095,CRITICAL_ABORT
3383.357526332414,66.75750188712449,-1.1772745892358927,0.8551005232641199,0.6980412434809141,78.15859683742323,0.8416819349660729,16.73557510757508,59.28947567663858,14.532569613041677,33.76488764470021,47.99112517159184,REDUCE_LOAD_PAYLOAD
1566.9745950651616,83.86336406143022,14.521062996553308,1.0155903139094327,0.8290533174770879,87.40170789255197,2.0850832275674764,8.17964108716553,81.94260754503082,37.980789885822134,14.108061304642737,26.276934131164275,NOMINAL_FLIGHT
4169.718716058286,60.28902329543115,0.12951088032469915,0.7685526516201843,0.6273899196899463,82.31780242296557,3.6855903520007853,19.449780967025852,63.67087945259282,9.363507985401476,43.32311303283086,61.84754767279753,CRITICAL_ABORT
3404.3456649364402,66.57785512443643,3.8698052699270526,0.8372620928997541,0.6834792595100032,94.71962867959788,2.558466929728248,15.20273303722845,77.30218364846975,17.51512815176203,31.13621781563261,41.778937492508845,REDUCE_LOAD_PAYLOAD
4777.461656738323,55.64580733751106,-0.5826030311917227,0.7112151347378799,0.5805837834594938,95.61456945143493,0.6916899905090448,16.684490204384566,73.1794067634389,16.68660935741887,39.68591985911446,48.70708224744106,REDUCE_LOAD_PAYLOAD
4410.15111713894,58.416014470705285,-1.2709665444393177,0.748511805952216,0.6110300456752783,70.96961323022815,2.7310276989340796,11.639976138019904,53.76026136713957,14.319551997957445,27.30291186804977,60.63701629320589,REPLACE_BATTERY
3660.647532217408,64.41545223552458,-3.1007568578986913,0.8309780352924294,0.6783494165652485,69.7681778041004,1.7088121091273383,17.38029788269976,51.394823888769096,10.549162610937895,36.81482531919324,58.492047408158875,REPLACE_BATTERY
2929.0660518648842,70.74324176983062,16.85388153283656,0.8498134400806533,0.6937252572086965,87.06403241125999,2.366115189421492,24.645605075775308,83.94141554503948,11.597596875438716,51.22685442061848,45.27410229773328,CRITICAL_ABORT
799.0927540051405,92.08646729250971,20.777564415657753,1.0914351727711247,0.8909674879764282,75.54290118217978,2.9362561400924316,9.248559747097945,75.54290118217978,28.667763689352306,16.38817493704941,29.781455358205786,REDUCE_LOAD_PAYLOAD
1567.9981073123026,83.85281503216393,14.071311169362502,1.017052649000508,0.830247060408578,65.64997515677847,2.0597894060577793,12.82659579429532,61.21288682812118,18.413742515516226,23.00013909814326,36.58933207040983,REPLACE_BATTERY
2514.596837502512,74.54564334693073,13.474747671511526,0.9060476338696833,0.7396307215262721,96.10249342770342,3.2559358982932345,12.130959078634106,88.95363301095898,23.802344677581278,23.49823938043742,35.520943918181885,REDUCE_LOAD_PAYLOAD
3595.7957220383323,64.95714858583149,2.874582536401199,0.8198259096441438,0.6692456405258317,72.94152685353329,2.888622317266511,12.225338282770053,58.701170138624015,14.774376214372227,25.17412955331002,51.163978262216965,REDUCE_LOAD_PAYLOAD
3082.2471312918287,69.37834930553417,6.961534611299751,0.8628502287286052,0.7043675336560041,97.52482280900333,2.4602933600740426,14.438008078611414,83.02887890423214,19.21842592061722,28.92583745957644,36.734991896829015,REDUCE_LOAD_PAYLOAD
1729.1071557571768,82.2056549703529,26.221723480581787,0.9566065828533666,0.7809033329415237,90.11020578073888,0.603171263329406,21.90786634065085,90.11020578073888,18.439326752945643,40.43308629193213,28.954498427200704,REDUCE_LOAD_PAYLOAD
38.786146738263305,100.85992289970015,23.372282904926056,1.184960150601895,0.967314408654608,91.69287214690195,3.3437964436462733,23.518597729394585,91.69287214690195,13.980982969495937,37.53825508441594,29.784142572534464,REDUCE_LOAD_PAYLOAD
2977.4353314048835,70.30992824361932,4.05786587578128,0.883595619436026,0.7213025464783885,72.05115235276061,3.743622341279264,11.437656486802545,58.95655221818122,13.404569514349722,23.004028099406963,49.182208064003504,REDUCE_LOAD_PAYLOAD
1713.7559313734585,82.36146546760709,14.443479006134838,0.9976713016845032,0.8144255523955128,73.19680489658845,0.5478604952371793,17.230148945117918,68.56020164934255,18.29385793369325,31.624408595557945,31.770594110082726,REDUCE_LOAD_PAYLOAD
4407.64980426321,58.43525451749245,1.707855950194329,0.7406435316975454,0.6046069646510575,83.2443713838423,1.9529645177337223,18.827282526813164,65.88538581119039,12.918256525386457,42.1541965292659,54.14631985788008,REDUCE_LOAD_PAYLOAD
143.67759162290093,99.61084176005967,16.533425503499146,1.197913368369742,0.9778884639752996,71.02349484274518,1.035554967882018,16.87106706418536,68.21672095377906,19.654649924887348,27.424017739668223,24.98586745757489,REPLACE_BATTERY
3508.9668678347452,65.68818512959905,-7.6360640983083705,0.861871244772323,0.7035683630794473,75.69010924390614,3.0180932297022585,15.379298701347633,51.84385474223904,10.688052035525693,30.831725875685244,64.68614091049763,CRITICAL_ABORT
5648.845425036392,49.497487801962365,-14.653071615837286,0.6670681714358544,0.5445454460700851,76.25118672817315,2.8865185440188,11.263583599607044,46.12853541505594,12.973283850581403,27.144669972060708,82.42996359669115,CRITICAL_ABORT
1046.455602668997,89.36927912258514,10.028423787355084,1.0994374938586524,0.897499994986655,70.58704766384675,0.5635404822815948,16.299729106387055,62.56299663422237,19.009171682375293,26.84082001611402,28.291971938944336,REPLACE_BATTERY
2829.8969445035723,71.63840536080946,4.481513123098585,0.8989170105567307,0.7338098045361067,72.18139916883062,3.5081090850465486,14.820652071092592,59.41173367719078,11.354536271377592,31.03338743709259,48.91422703104193,CRITICAL_ABORT
548.5319509028291,94.90659621032142,23.947040799778065,1.112859969032815,0.908457117577808,92.59931447028899,0.7238922559120091,21.524577162538584,92.59931447028899,20.687000432694802,35.251526519800336,21.419351906191878,REDUCE_LOAD_PAYLOAD
3754.091473568116,63.641368334484504,-3.8553388959540715,0.8232926042644012,0.6720755953178785,70.8518549091544,3.18903610259243,20.98127410577092,51.58363179213516,6.659879632268484,43.855177225856565,67.27477423427234,REPLACE_BATTERY
3303.1900835773536,67.44730726814223,-3.604868427159513,0.8717171141439956,0.7116058074644861,65.99600871453728,1.8279214385120195,10.277977580496401,48.23677974689998,18.448502007427322,20.490965561737895,54.51733982608918,REPLACE_BATTERY
2444.193145276994,75.20766921250696,9.459430364276278,0.9270815295712532,0.7568012486295944,87.02742299201284,1.313089174232605,9.504823893572148,76.56999081219304,33.784994031485446,18.05508317890784,29.425174039760194,NOMINAL_FLIGHT
3128.262128842447,68.9725329132074,8.979013585599942,0.8516690664117221,0.6952400542136506,99.15940917873576,0.632957050696854,23.43861703486755,86.70109586256163,16.746793778292552,47.33884033225934,34.97916170005716,REDUCE_LOAD_PAYLOAD
5379.447950814061,51.33635870940672,-18.441278872874463,0.7021399668128857,0.5731754831125597,76.59248351180925,0.6704570245865176,17.103642612396463,43.027315103833374,10.704235963203601,40.960610574247006,80.47867787436878,CRITICAL_ABORT
1177.7658138664021,87.9534906875406,21.445684201398308,1.04008575656325,0.8490495971944897,69.15294961186883,2.647562218803601,22.582615933804043,69.15294961186883,10.841261025685583,40.24442226880776,41.14469609752918,REPLACE_BATTERY
135.3870702320834,99.70910972337715,28.206515062183087,1.1526480035720044,0.9409371457730648,84.96355638786358,2.201721551788482,8.98856904962882,84.96355638786358,37.76570456472619,14.690311180363514,19.702110422919,REDUCE_LOAD_PAYLOAD
5169.989308194606,52.80398949509931,-3.834504992481799,0.683042683373148,0.55758586397808,96.72239738834762,0.4883416866049308,16.950765480867716,70.4416301051615,16.597883968103204,40.49496073145614,53.90857848281415,REDUCE_LOAD_PAYLOAD
3462.702494327439,66.08040960929902,8.584834861230078,0.8170989019613302,0.6670195118051674,92.44216229399676,0.45079144175330077,17.17025074779602,80.412397242568,19.878860194654024,36.04547649376153,34.836959435930346,REDUCE_LOAD_PAYLOAD
5343.950732771054,51.58272707309356,1.2743898602862274,0.6548231734044117,0.5345495293097238,86.78805539444505,0.28924229909116583,22.63193455321655,68.26123948730208,12.215200180317755,56.70963521202451,54.93177807428704,REDUCE_LOAD_PAYLOAD
3581.6713404790353,65.07561491443595,-0.061323956209004216,0.8301508891214063,0.677674195201148,76.02697738126598,2.9750693894941764,9.659369969905027,58.639676602976735,19.533699148323485,20.21781283099835,52.30936167601493,REDUCE_LOAD_PAYLOAD
4860.966539758215,55.03111745093462,-6.048424608039104,0.7177518670098907,0.5859198914366455,83.9658060646677,2.847528340917157,12.087574582490458,59.031988618880185,14.401875924701722,29.42787328680205,65.15649158353644,PREHEAT_BATTERY
2578.0401801308876,73.95311722561011,6.160546662909105,0.9223836556986209,0.7529662495498946,68.19356944564893,0.2337239634183006,14.911151336079223,57.43468581219585,18.25615760112024,28.508313169688215,35.99397407591921,REPLACE_BATTERY
4499.159587729612,57.73469450798315,-4.2346530964634255,0.7479347869202604,0.6105590097308248,88.76308984982344,2.241080302387892,22.719305082139016,64.24006318062364,9.32845860038588,51.51221032053227,63.29523404664532,CRITICAL_ABORT
5478.248801339136,50.655644081966095,-2.9442504305228283,0.6530940161288958,0.5331379723501191,90.37836066141779,0.3387046209707596,23.96101635619964,66.73859401953901,11.594410346038037,62.05733809564923,60.50387776863626,CRITICAL_ABORT
3432.7377823332376,66.33545758281375,-4.037868004819387,0.8587265709647469,0.7010012824202015,98.77610680184716,3.6149830824357667,24.876318533091673,71.70832280425387,7.738308425121504,51.27207523852064,59.78008563440311,CRITICAL_ABORT
1084.7109033742772,88.95491885716456,13.644130767239322,1.0805432566788613,0.8820761279011112,74.1139075560775,3.62846967672053,24.306289269794867,68.74384288186661,7.515674332738848,41.574733025474146,43.57814747463506,CRITICAL_ABORT
1612.785690181189,83.39225412757574,21.402797696345075,0.9862908631032853,0.8051353984516614,65.6459746665058,2.7929319592525204,8.101009849354025,65.6459746665058,28.289509563725176,16.307794072800768,36.765926149589276,REPLACE_BATTERY
1191.8674613844346,87.80253292856739,22.353044035511623,1.0351124553637854,0.844989759480641,84.09629625495027,3.7047556857578,8.811041804715824,84.09629625495027,29.4241749859607,15.817288123067536,31.69831540659785,REDUCE_LOAD_PAYLOAD
1481.1421655743975,84.7518446605756,13.556917689681026,1.0298013020805252,0.8406541241473675,89.73766765388851,3.245812121654762,10.509315925679008,83.14633381294591,26.143611004412158,16.885248803586933,30.709197298602437,REDUCE_LOAD_PAYLOAD
1838.4926961062183,81.10231883770693,17.32180748091318,0.9726839128332119,0.7940276839454791,92.66426165590458,3.3141543037081975,13.930655645094642,89.83509250707414,19.931936822742227,26.298839543044867,34.0785211736822,REDUCE_LOAD_PAYLOAD
3330.802720519131,67.20906425774415,5.055861529085812,0.841596695751515,0.6870177108175632,71.78086265586838,2.278831402279733,22.108606526778296,59.55204673343131,8.69473928590126,44.40138260014005,51.117162281423646,REPLACE_BATTERY
3527.9497767829967,65.52779647666722,9.569699495915462,0.8074431272716113,0.6591372467523356,74.16135041629583,1.2242367928647035,23.17515532070317,65.34316347110608,11.420752064314662,49.85342163758526,48.11921555119515,CRITICAL_ABORT
2558.998483451167,74.13055425688377,8.739057826701279,0.9161392247823448,0.747868754924363,82.94068238435537,0.8711964604656863,11.176184907007912,72.29319378351192,28.31010292851093,20.202708251358736,30.870949989891834,NOMINAL_FLIGHT
3692.5246789250127,64.15053194344291,6.1267501563503295,0.8002172860383581,0.6532386008476392,76.57102834895007,1.3088000881557167,18.534290577535046,64.46093366835018,13.443868968967863,39.49318247352758,45.76844204870168,REDUCE_LOAD_PAYLOAD
489.44955366819556,95.58166685753201,35.02863745361983,1.0804744910169004,0.8820199926668574,95.11790203056057,2.5139817203562482,23.595153746109702,95.11790203056057,16.252918232239093,39.62354641199134,28.14838038470336,REDUCE_LOAD_PAYLOAD
526.7294223489598,95.15525914151526,24.566754529969092,1.113453203506763,0.9089413906177657,81.58160538085521,0.6906261433295957,15.883439510832453,81.58160538085521,24.43756885939652,25.61444764657266,21.638938157721732,NOMINAL_FLIGHT
1030.9767621459507,89.53738084361146,18.545291875025537,1.0693439472978832,0.8729338345288842,92.98525254357011,1.0345609465492864,9.760240723197327,91.44321555646167,44.02125205754445,16.36910359965547,18.20494070574673,NOMINAL_FLIGHT
3108.4649882420686,69.14689199608227,8.40721250253145,0.8555560292066443,0.6984130850666483,85.32169161688239,1.8722434511818578,15.782832051438625,74.0457664827171,17.452312557756258,33.00608140117785,39.76073253829837,NOMINAL_FLIGHT
1283.9680721898815,86.8217496720289,14.827803239746347,1.0502966203260347,0.857384996184518,92.05815495659891,0.9322003940984622,14.388513338896974,86.63012600123439,26.62923877355881,24.326963137747363,22.398319000838775,NOMINAL_FLIGHT
1699.706420955464,82.50427343606592,25.891746791413144,0.9611409300118468,0.7846048408259972,76.64355452856134,2.3545746788642465,17.82018593312212,76.64355452856134,15.608237495582507,33.540295791960496,37.61147664285794,REDUCE_LOAD_PAYLOAD
2401.8770170379644,75.6078648705673,10.288154577733142,0.9292896732196515,0.7586038148731848,94.09958176756089,3.6927041138253194,15.457197634920762,83.68134301389865,16.189525533634477,28.726675833790182,39.19805465520588,REDUCE_LOAD_PAYLOAD
4871.196744062279,54.95619125426077,-8.027445437532382,0.7221250312768168,0.5894898214504627,74.61003104428576,2.992357462812506,8.294880756513205,50.77116529856176,17.584385588879222,19.21799486378601,69.13300693935695,PREHEAT_BATTERY
83.17281547716071,100.32981353662831,20.280931674298273,1.1911502914683925,0.972367584872157,84.11345828011518,2.665706456595652,24.89796146803241,84.11345828011518,12.082972017456138,39.216550230000564,30.980640451962934,REDUCE_LOAD_PAYLOAD
3896.2729214197343,62.478010046224114,5.1603269688039175,0.7820604362399168,0.63841668264483,72.4902489610856,2.330885903935115,17.240184041419706,60.22690880621497,11.576082909284368,36.97303486258396,51.441604136510335,CRITICAL_ABORT
4013.2591862441122,61.53377102853032,3.2497523535519655,0.7755652295264173,0.6331144730827896,81.64342825691676,1.9517916370282595,16.051722843238363,66.05338513802135,13.954757242369544,34.35258225411889,48.88602821703975,REDUCE_LOAD_PAYLOAD
4791.934682139819,55.538873206429685,-8.634347290979292,0.7314558820542384,0.5971068424932557,76.1361323328046,0.7462554385386388,24.228495315568917,51.28289595025648,8.768010678920687,56.391982156310625,70.00207782903706,CRITICAL_ABORT
5596.51763436188,49.850429711468024,-8.495107897740109,0.6561927516372289,0.5356675523569215,74.3346200723025,3.5788418217074622,10.649626248980312,50.187447650027835,12.330837350104352,27.746315083927147,77.63379789988439,CRITICAL_ABORT
120.82709369573897,99.8818798316619,16.671844049913418,1.2005991755835836,0.9800809596600683,98.84447563098132,0.9941440080513453,11.21703924326922,95.09421957235072,40.52010680844426,17.37729524622395,11.56752181853576,NOMINAL_FLIGHT
922.7022330792971,90.72042631870688,19.927288360350353,1.0783639641502942,0.8802971135920769,70.60259369203557,0.365235510312643,21.73625073406732,70.54407030603569,15.75409142455832,36.46168406107079,30.08290550486292,REPLACE_BATTERY
5317.027764335959,51.770223578910574,-7.296898707800261,0.6783920634583336,0.5537894395578233,92.55640431100883,3.000060716914781,12.434128360425149,63.75427246812053,14.936107824606793,30.647809119450862,67.08823693715249,PREHEAT_BATTERY
2751.111373122092,72.35609287903745,15.654425122502516,0.8727979410344598,0.7124881151301713,99.44577358191252,0.7024621373246656,21.586860806955958,94.5192743509127,18.562030615904348,43.36142895759755,31.828478422017227,REDUCE_LOAD_PAYLOAD
3387.543833600781,66.72163813093161,-0.8731289320485232,0.8536864693796131,0.6968869137792759,65.69655193090273,1.487583998164704,12.616069209444543,50.06381630407253,14.866779869775609,25.962614801151105,51.962715424097865,REPLACE_BATTERY
3978.163222338884,61.81582162099253,-7.2498240892143695,0.8098852140028512,0.6611307869411029,89.46595949147333,0.11313971316391891,8.564189713825025,61.67353858895747,31.76154729226229,16.222569323208752,47.15544296801146,PREHEAT_BATTERY
4074.399626973824,61.04490200560872,-5.960737379955061,0.7959262868838958,0.6497357443950169,73.85191319447004,0.5482717701617923,16.789250306074173,51.99526178715286,13.394135087252907,35.4135282963633,58.20161571698009,PREHEAT_BATTERY
5590.442419899049,49.891537662984334,-18.02071823091842,0.681253947053823,0.5561256710643453,66.41707385149066,0.6928145230396483,11.343669380156644,37.62951055431292,13.128614372971885,27.076605103154343,81.39405623465082,REPLACE_BATTERY
5981.696504470018,47.29952671841824,-7.197740490260203,0.6195773882072015,0.5057774597609808,79.10113526348208,0.2176405110007118,20.88338697985201,54.57549276053691,9.912847297657047,55.2426717149814,70.19130495966583,CRITICAL_ABORT
4320.944765585641,59.10536669308843,4.657055498813517,0.7411840988043417,0.6050482439219115,97.73262335598062,2.6266278264913807,18.900393764946518,80.63825249237026,13.312233630006833,43.37323225903461,47.60071696772406,REDUCE_LOAD_PAYLOAD
1723.327255230905,82.26429125254865,15.399455730743263,0.9931927706878657,0.8107696087247883,65.41177830284492,3.348031183212469,23.7012453556246,61.98117879017621,9.1838418211911,43.39781677750666,48.934484066606075,REPLACE_BATTERY
5278.514413766062,52.03939664202331,-3.2038689610536624,0.6715797523595703,0.5482283692731186,85.57599921754236,1.4932616254637638,21.31080207351751,62.939084516114406,9.7738479556842,52.943867005641984,64.07058944702621,CRITICAL_ABORT
295.3254872445696,97.82714222677548,23.750176235811477,1.1478664443216344,0.9370338320992934,82.54887675083636,3.498305906872803,11.073191232292356,82.54887675083636,23.325092462369057,16.80619784688344,27.59318703628235,REDUCE_LOAD_PAYLOAD
1386.485117246977,85.74049380407699,15.512288499390818,1.0347570138456141,0.8446996031392768,95.56844575298666,0.853386298240506,21.602690023301538,90.679172563635,19.6625962002382,38.9876987636149,25.800686469444855,REDUCE_LOAD_PAYLOAD
5384.31430478229,51.30265818641555,-11.663231076353695,0.6834906820075571,0.5579515771490262,67.94006000822189,1.301561694244958,18.909529761838396,43.4163592672709,8.255181375838596,47.15937924544927,78.85193061049843,REPLACE_BATTERY
1537.1490866361296,84.17123875010036,13.456575979977329,1.0231045516686181,0.8351873891172392,88.85341104603276,0.6029479721246735,19.372177909930624,82.2253878432978,19.673658578097257,33.226266950800316,26.752370780691855,REDUCE_LOAD_PAYLOAD
1323.9063577304908,86.3992122345196,8.655600893206651,1.0680771179979347,0.8718996881615793,88.8038394451647,2.4822367816759945,22.148469061492527,77.31918080071507,13.513943873728456,38.08097447644938,34.23891264913405,REDUCE_LOAD_PAYLOAD
828.7517588414835,91.75718916286074,20.93438738556705,1.086952538285923,0.8873081945191208,88.41780059017992,1.6794783634812274,17.755009176211985,88.41780059017992,21.66324728568929,29.415506620990378,25.839204422127473,REDUCE_LOAD_PAYLOAD
5154.670545881499,52.9126435970362,-8.707028099299963,0.697059546849834,0.5690282015100685,97.9817073227263,2.4531333873675947,15.92205974400122,65.91620199395416,11.57477685460167,38.3568821757578,65.97623372287704,CRITICAL_ABORT
3000.3495551465203,70.1054040296097,9.224531511936998,0.8649050282954704,0.7060449210575268,93.80806351524082,3.0466996215767344,18.822897601098376,82.28464902662535,13.276340634989685,38.88891456388939,42.38807898292553,REDUCE_LOAD_PAYLOAD
4049.359218324929,61.244739323372244,-0.8532174369189891,0.7835536346538099,0.6396356201255591,66.46904541852271,2.182812064131794,13.065276292292104,50.66758000944207,14.645977430687537,30.284194755898096,58.405668150584745,REPLACE_BATTERY
1434.398304450178,85.23890233214097,14.862892513228385,1.0310230351649046,0.841651457277473,81.48789977465796,2.5105214196071515,11.104151228480688,76.71572183450189,25.801660487538914,20.102654969778158,30.923504582110983,REDUCE_LOAD_PAYLOAD
4548.242526067299,57.36174817954726,-8.9195415694756,0.756278839547704,0.6173704812634319,78.92835696704667,3.7410012575773317,18.48199324721119,52.90703730341104,7.8634830449335364,41.82734878254715,75.72789034453868,CRITICAL_ABORT
4560.033269772591,57.27244994955386,-4.279450069413032,0.7420701711837199,0.6057715683132406,75.85515273817808,1.1962572384353725,11.97542227445312,54.85952885325513,18.165519821952913,27.08934418179596,57.85744870741127,REDUCE_LOAD_PAYLOAD
1875.5881494498008,80.73088392691706,16.499863182657105,0.9709767452101017,0.7926340777225319,80.7967853803934,1.4366557545358125,9.358556858892314,77.57286762353871,34.583626325715,17.38987100538683,28.664649183497495,NOMINAL_FLIGHT
2464.095798061697,75.02003818703109,3.266682357179665,0.9454868207743133,0.7718259761422965,78.4467964724092,2.8708134468373476,8.009421137949317,63.4822996092559,27.02331332174765,16.163502280978577,39.56869766981073,REDUCE_LOAD_PAYLOAD
1258.141664581205,87.09587656312165,17.259447948625866,1.0447907091319615,0.8528903748016011,80.13168649575329,2.445222068221547,18.341429823801143,77.62818883676482,16.271869186250157,31.83628671220525,34.46751008665486,REDUCE_LOAD_PAYLOAD
5859.366139937426,48.0979439503096,-11.920665151945848,0.641426673740354,0.5236136112166154,99.27416529630248,0.7141316181588593,14.156529319164026,63.148735065553474,17.219861904597376,35.63567541267707,65.91038730452493,PREHEAT_BATTERY
3873.61546235047,62.66223554589462,-3.7688244233693773,0.8103657731013335,0.6615230800827212,68.10215411623533,1.5045892400419607,20.78928650144875,49.648881274156075,8.908055664583348,42.972769294475754,62.398707115431904,REPLACE_BATTERY
5607.263284293093,49.77778640802032,-14.38649287244511,0.6701545953710178,0.5470649758130758,97.27808044435554,1.8713520524988598,14.37799877132274,59.144487418122836,13.799409416209983,36.05216567073859,72.5698685761171,PREHEAT_BATTERY
1820.313261774799,81.28485316500367,14.321018042294877,0.9850493921865516,0.8041219528053483,81.80828497148593,1.6775593518735574,16.262058620049856,76.51198434396584,18.777146069536556,29.819492230275852,33.033677028555346,REDUCE_LOAD_PAYLOAD
4691.345477981338,56.28553053719359,-11.160850698341811,0.7484381353912616,0.6109699064418461,86.83097859248394,0.7130992332881632,14.920444537861544,55.98568896949506,15.244358430443691,33.34096452446826,62.99474913307947,PREHEAT_BATTERY
4595.151863308452,57.00714292606984,-3.118868535257981,0.7354580201172762,0.6003738939732867,94.05640383161929,3.697720367137049,19.059771448858882,69.26735879168059,8.724347820807763,44.68111956763912,63.93026768328806,CRITICAL_ABORT
4149.933911199249,60.44528975215214,-6.451342291091121,0.7895580807044413,0.6445372087383194,77.61620602022394,3.0492750467759033,14.054365754254459,54.21140372656853,11.096089960683875,30.219126306633704,65.65128733552223,CRITICAL_ABORT
5793.8338516008025,48.53012290814756,-7.3456515702391325,0.6360507345479497,0.5192250894268977,80.06476678307884,1.925423328431409,24.38405004901925,55.10534212635,7.125169829789511,62.91726755742926,77.44024515557672,CRITICAL_ABORT
2361.332016637893,75.99292636608868,21.340480618795198,0.8989682568786147,0.7338516382682568,79.333146809755,2.7202441132273463,23.914498772175012,79.333146809755,10.557681467394765,46.853554775534754,45.55745006821435,CRITICAL_ABORT
784.3039415385438,92.2510117310816,15.59824037149037,1.1129976319217147,0.9085694954462977,78.11558578875159,3.5891306885420873,22.416474345173782,74.19574102529329,10.248905162228992,36.750815701004164,39.14377598871555,CRITICAL_ABORT
4030.2531554643647,61.397573050922595,1.4743938013550006,0.7788512872519315,0.6357969691852502,97.39352625764133,0.5446965694462849,23.64510459973672,76.82480136093174,13.603600568167467,52.16170661754347,44.88247821700726,REDUCE_LOAD_PAYLOAD
4375.858802863237,58.680237622526796,-7.076791743021132,0.7683041275339454,0.6271870428848534,94.01254619175542,1.0014922028279107,15.635374703809648,64.99318345885081,16.732881484206587,35.665391797901094,55.25042252410363,PREHEAT_BATTERY
3450.363440752888,66.18533848998558,7.777408504095177,0.8207485613805893,0.6699988256168076,68.81499964520417,2.17080498902658,17.119316745421365,59.22648666942668,12.665250419947348,35.17034275085896,49.45397895133955,REPLACE_BATTERY
1240.9073588003776,87.27919465454046,10.607810122371472,1.071532518047854,0.8747204228962073,68.78431733669836,3.1960414854094346,20.615574073490155,61.41951412976404,9.725910451691126,35.497632714131676,42.51861520620392,REPLACE_BATTERY
3026.7356500161322,69.87048816665566,7.729152067033704,0.8665960815540764,0.7074253726972052,79.97543301985469,0.14501958176610952,19.8344807239552,68.78785632251333,16.8640431772152,40.166083517349456,37.10906826747433,REDUCE_LOAD_PAYLOAD
1873.1384194147765,80.75537039181215,8.45965543935719,0.9990019155999766,0.8155117678367155,68.45300818564832,3.936072600785442,23.141536125293,59.447335357954636,7.8721013545559915,41.80413572828835,50.61328184306383,REPLACE_BATTERY
2564.7991690001345,74.0764650165962,7.293882456007281,0.9201883429507951,0.751174157510853,86.6682583344892,1.8196264115295886,20.17762746336382,74.11438364835413,14.508792637748703,39.509743466344915,38.55761359001715,REDUCE_LOAD_PAYLOAD
3871.3114550679834,62.68099380666463,-5.318650833678425,0.8152990069821289,0.6655502097813296,70.02920625416068,1.436924562486892,24.96404003988383,49.81649301124101,7.78584267648636,52.94016507402422,65.82170009927725,REPLACE_BATTERY
4471.288456145007,57.94733981992664,0.048377389536221393,0.7389207065877978,0.6032005768063655,83.28306423883804,1.1708977513590875,13.924598597137047,64.34045638892412,17.82707970743548,32.30725831540049,50.62101636902123,REDUCE_LOAD_PAYLOAD
1393.3481454080588,85.66850014767553,11.758335282649682,1.0475106741916969,0.8551107544422014,65.25269814513013,0.6974268306034865,22.160961618070104,59.12188234096335,13.338273822127931,39.001961961112094,36.201347416356604,REPLACE_BATTERY
2431.95216388172,75.32325890618901,11.952132231427957,0.9203882914237488,0.7513373807540806,76.08087219444263,3.1662956357201115,19.859791988155294,69.10077988426369,11.70017697602301,37.790770375016955,46.347566181432036,CRITICAL_ABORT
1614.969425949775,83.36985075804532,12.782208590014797,1.0157536556571445,0.8291866576793016,88.70167532854293,3.821656658984386,19.753569568655315,81.40305115983368,12.876131371034662,35.34808104818754,39.55842283210163,REDUCE_LOAD_PAYLOAD
1191.7896831712146,87.80336496647924,16.68100520039279,1.0553797715651647,0.8615345074001344,81.94136290797469,1.6545790193815928,13.539205112364982,78.84098519402173,24.523641243284462,23.137521522991264,27.60082385747424,NOMINAL_FLIGHT
4700.32331997503,56.21856095092496,-4.813322042837054,0.7298643220375428,0.5958076098265656,99.23943200996459,3.809682779013825,21.355230471191383,71.16738817171367,8.767583151221418,49.3375425389192,66.56018665178787,CRITICAL_ABORT
5455.516166621955,50.81161537894984,-14.269978441336946,0.6837650755598799,0.5581755718856162,95.59363286231738,3.2951904617401366,23.306392379909184,58.24732705686145,7.546913073064508,56.594884523710085,82.83084659255901,CRITICAL_ABORT
2221.3931141074604,77.33416370813832,11.612780326005943,0.946086003732926,0.7723151050881027,77.5674772665103,1.9242045099052731,11.71532384584957,70.1509168926442,22.739044442379303,22.41678899965686,35.0544706753361,NOMINAL_FLIGHT
4507.673546242601,57.66986263874916,3.3517947711951477,0.7265966833418134,0.5931401496667864,66.59202895152961,2.696104716504531,18.63344623098397,53.95355843523121,8.664801723270779,43.36241065299089,61.255858920094674,REPLACE_BATTERY
5381.971736186467,51.31887872892643,-13.873290214375603,0.6895346593242712,0.5628854361830784,94.59692050402566,1.7399367166818518,14.666292094747178,58.06779856956816,13.605404306371524,35.852225198342474,71.25839915300138,PREHEAT_BATTERY
5076.745263181389,53.468164632838096,-2.1397934943098074,0.6873090750766385,0.5610686327156232,96.8932008610135,2.2348936328502096,24.82231802801291,72.43797263906657,9.87248081446759,60.28649464762764,62.54372120037118,CRITICAL_ABORT
1096.8803312353555,88.82343299120082,25.360766014409112,1.036597135448442,0.846201743223218,93.72195876966629,0.23218534807401525,16.140157869138587,93.72195876966629,29.41754712005533,26.94080152598365,19.150572806250416,REDUCE_LOAD_PAYLOAD
5737.751289080168,48.9024739369774,-16.37615832416131,0.663471848652689,0.541609672369542,69.47824793219178,2.7850539012021325,11.881442954548026,40.66643801791092,9.770375930677174,29.71518299955744,87.3770369679309,REPLACE_BATTERY
2260.0586425767747,76.96167465815616,3.0343457977982045,0.9707734697718761,0.7924681385892866,99.92702970443007,0.21129857793654683,14.491579628771152,80.60029698625908,26.00473039953577,26.75762150907057,25.055317505647558,NOMINAL_FLIGHT
2035.443967043018,79.14597768580207,13.279418715079206,0.9626173287375297,0.7858100642755343,74.05044775434709,3.268339787678598,19.115252626882643,68.37710034652338,11.453309772035485,35.660500888787844,44.68119220698711,CRITICAL_ABORT
374.587963666682,96.90519349786857,19.828140622332203,1.152270075631109,0.9406286331682522,90.34717194829295,3.29978771784223,9.293519312942797,90.17016404859905,32.51936733678661,14.457673344473598,23.513901802493816,REDUCE_LOAD_PAYLOAD
2917.041924629298,70.85129412647052,15.382243585724572,0.855452467298869,0.6983285447337706,96.78122067175025,0.9483091502248584,18.26123264376104,91.6864227028127,20.14965188665675,36.28053846263674,32.65554955815816,REDUCE_LOAD_PAYLOAD
654.0816938455722,93.71020467156241,20.92250669250294,1.1101327416666593,0.9062308095238034,73.24904900157483,1.294651124143201,23.830820906041268,73.24904900157483,13.111216302519022,39.94899202952713,32.33174365604307,REDUCE_LOAD_PAYLOAD
1491.238925564556,84.64693586176375,11.29594994365449,1.0367019990880393,0.8462873461943177,96.78904941369731,1.9252415142331731,22.45616739018346,87.18504268026402,15.809369690635384,39.04676464365906,30.516082550150326,REDUCE_LOAD_PAYLOAD
1901.6557306036882,80.47069557609932,6.9034401960174705,1.0010120193526173,0.8171526688592794,75.83185527182034,2.386651627729926,9.150450123185717,64.51009999701684,26.92787809211541,16.591746670624673,33.99205609461638,REDUCE_LOAD_PAYLOAD
4852.957940950104,55.089830274304674,-1.0947018207215224,0.7054344994080464,0.5758648974759562,99.17446278344197,1.149414646967987,24.887627938564158,75.32502756806672,11.367113636987325,58.98802095096908,55.15438322213852,CRITICAL_ABORT
5252.931902375379,52.21882052732071,-11.999977235860896,0.6965935340322944,0.5686477828835056,74.8441007133166,2.3699456185277,19.878357702965943,47.54099219598004,7.6700029413611555,47.769771704075715,80.66095088848708,CRITICAL_ABORT
1814.7979047688182,81.3402969564336,13.422957616304824,0.9888103338264087,0.8071921092460479,98.37025386652422,1.1911482929171955,10.758774013338403,90.9946211162094,37.41783306913103,19.178238122876806,22.078802764310485,NOMINAL_FLIGHT
5152.188727467444,52.93026385892416,-3.71021300297598,0.6843602578613203,0.5586614349888328,66.87406278124362,0.2219628842842427,8.2110735158802,48.798242469982135,23.61185732400447,19.241308444162016,57.85977279929002,REPLACE_BATTERY
5143.385624218747,52.992801910185364,-10.853298317076002,0.7038279383042655,0.5745534190238901,89.82452040844345,0.010110199327635794,10.911804816966573,58.2307573508536,23.159357643192333,26.387987393092715,59.17345478313726,PREHEAT_BATTERY
4587.905702309241,57.06180314325957,-5.051031208710871,0.741468655241117,0.6052805348907078,83.62388968429514,0.4046042316737144,22.248990651657557,59.74243244315931,11.250587412465226,50.384533599558154,59.42231958419128,CRITICAL_ABORT
880.1706840910892,91.18858908737808,19.19604850429532,1.0866400730447647,0.8870531208528691,81.72569769929558,3.169002800656073,8.367868524067784,80.97667783460301,33.189934885210725,14.22231566991053,28.434816412678842,REDUCE_LOAD_PAYLOAD
4141.937081404374,60.508544163050175,1.4940315284520258,0.7675187383025844,0.6265459088184362,72.8223009989544,3.8457252495333485,11.96350416150747,57.45912284699502,12.059298927777663,26.93485401059593,59.48022864040358,REDUCE_LOAD_PAYLOAD
5670.144387483412,49.3544106693358,-8.902216841090548,0.6506644314109112,0.5311546378864581,89.69585264217721,1.707864797124877,20.87419512069288,60.142390238135114,9.19003732045424,52.512066585598525,72.29396410650055,CRITICAL_ABORT
4095.2428726029425,60.87896349509286,-2.719647328193269,0.7842495243036856,0.6402036933091311,71.67833220062074,2.050735813799771,17.963879110268294,53.11335891376927,10.38782361013957,38.30473164056803,61.53366404837528,REPLACE_BATTERY
1989.7010946470036,79.59690334095886,12.385188192277063,0.9711336088760916,0.7927621296947686,84.34946285946688,0.5873926762937045,21.30650707612326,77.02718260183303,17.74280017850475,41.19536152646123,32.07090449973613,REDUCE_LOAD_PAYLOAD
3003.475904584988,70.07753673394878,3.6185115625801387,0.8820731415975516,0.7200597074265727,73.86358770640878,2.204125410720628,20.684558565055397,60.069638915677515,10.954044178190955,40.73470376585469,49.002011966975445,CRITICAL_ABORT
3874.350260106322,62.656254086924804,-7.571338725288318,0.8218900037647485,0.670930615318162,98.44674829234746,0.5786196080279074,8.86022358107068,67.50362975563223,32.48143672205189,19.153680927934914,45.71557876405831,PREHEAT_BATTERY
3063.4224523710213,69.54492454268393,6.37575834657901,0.8667344418185011,0.7075383198518376,66.00209178424785,2.4448573247953203,23.172694124600575,55.750887475909394,7.474492125520362,48.31086934112792,52.841063623753676,REPLACE_BATTERY
719.717650385819,92.9724095236185,29.782794076657517,1.0691785683721227,0.8727988313241817,71.99048980389328,3.7330346703234154,11.859541182798568,71.99048980389328,17.499059018947776,20.86342201264434,35.11628625261324,REPLACE_BATTERY
1872.384267912124,80.76290978167997,8.41090655511588,0.9992681645795238,0.8157291139424684,73.48087122356067,0.7827941572121584,17.407671483905986,63.77289703711738,17.59119687725516,31.106599468893386,33.584017614463676,REDUCE_LOAD_PAYLOAD
4814.376183321795,55.37339297674395,-10.158593739605184,0.7335032238480487,0.5987781419167744,79.49237390187358,3.058254872228408,18.952898660972238,52.16226230897483,7.401648861143062,43.653641281842575,76.29203765868749,CRITICAL_ABORT
5168.508276573105,52.8144863748337,-12.948942655943886,0.7071091423879671,0.577231952969769,73.14555846545187,0.09400969127329617,10.866679585046622,45.670774015319,17.66946128398688,25.139160104369623,67.95996143087045,PREHEAT_BATTERY
823.8001962934214,91.81209565385562,23.268257617708375,1.0790396394645998,0.8808486852772243,82.19721815940748,1.501988965286484,24.595931363916566,82.19721815940748,15.28494251287868,42.357145684181006,31.426492227426593,REDUCE_LOAD_PAYLOAD
5714.320514392348,49.05872225729845,-9.900656072568058,0.6492192431596965,0.5299748923752624,95.53629331404886,0.4429940313220362,16.298651253484252,62.971077837371375,14.222126373629399,41.894840538674806,64.21703933066811,PREHEAT_BATTERY
1972.935707091656,79.76269375626563,11.383229441821952,0.9765832435331497,0.7972108110474692,89.92221974932097,1.4099017663827977,8.97992582515569,81.08905360277457,38.78940375605935,16.05891585168177,25.711101831467893,NOMINAL_FLIGHT
3973.8824323843196,61.85029592836801,-5.420331118692903,0.8047995591449241,0.65697923195504,85.29866931872888,0.694147678555534,23.933454761223288,60.57981655277671,10.491402063097087,50.41173372258524,57.7939705877688,CRITICAL_ABORT
4510.950875740087,57.64492223465075,-3.859296734110945,0.7457309121979386,0.6087599283248478,68.11511122939379,1.4932199604915497,17.966553334285557,49.58807460914429,9.458140547614631,39.83134140416903,64.48425411154379,REPLACE_BATTERY
4871.6774078273,54.95267289719422,-14.489013787556473,0.7401169339850878,0.6041770889674186,89.28972379362465,1.6700912244301214,19.886284365683398,54.18325832256275,9.6024407389065,46.32089113617374,73.74814414064805,CRITICAL_ABORT
5674.49821335558,49.325204834836896,-11.167105552523804,0.65590117697994,0.5354295322285224,70.8244999508829,1.2023644911236735,16.92798842888181,45.66020076220062,9.284976142291324,42.78716080485485,77.37885115716995,REPLACE_BATTERY
1877.5172881729357,80.71160530419803,17.15375955731559,0.9685583150266842,0.7906598490013748,92.52285850865943,2.6264877978925165,22.190545231208446,89.52075626859413,14.459516638584027,41.14214723702797,36.7328400838,REDUCE_LOAD_PAYLOAD
5151.038727309327,52.938430170099565,-14.737747410679017,0.7136748716404472,0.5825917319513854,73.75198654785537,3.6754082050356387,8.563268857284585,44.54543871887412,12.976201978893048,19.527143210758773,81.84056959362425,CRITICAL_ABORT
790.1214206172422,92.18625645993517,12.20161938183961,1.125455392997137,0.9187390963241934,79.59670549123153,1.6023814964210894,12.562432209711512,72.52043586998799,24.028333114994656,19.398113475654018,25.2965846357422,NOMINAL_FLIGHT
4230.245438121557,59.81299460724091,5.400594110684178,0.7480556476726209,0.6106576715694864,77.26645708112747,0.7693726259000857,15.984022058845767,64.40675127958018,16.116161047074524,37.056103465867835,45.10873232641391,REDUCE_LOAD_PAYLOAD
4451.866377083916,58.09589692553888,-6.995929648568377,0.7604222178794128,0.6207528309219695,95.05848701361998,1.0828910327839334,9.30226147733307,65.80389561534297,26.84000552076145,20.875900704484252,51.73606391584416,PREHEAT_BATTERY
4066.3394472079226,61.10916931101518,4.248532822867615,0.7674404201579773,0.6264819756391651,69.42905605496928,3.416003293985476,20.00041337855319,56.96190778245316,8.045205016455633,45.20975764385202,60.13216481494328,REPLACE_BATTERY
1513.888416810918,84.41198236051139,14.389736964739875,1.0227009919618908,0.8348579526219516,84.7975708834676,2.2865588930805916,14.692278038945894,79.3741727610236,19.792627220032088,25.662362706359286,31.54182862793645,REDUCE_LOAD_PAYLOAD
5238.258882091221,52.32195612671656,-9.85845681829957,0.6922923158164285,0.5651365843399415,69.97215633050718,1.820044129227829,12.63535583455845,46.15458539614076,12.136240473187996,30.32855283235109,73.30278259715352,REPLACE_BATTERY
1013.15078022237,89.73128986987423,20.60658342603782,1.06413995797313,0.8686856799780653,89.66785426462653,0.5985468860357068,8.057440395743008,89.66785426462653,53.777101166106625,14.368074993094456,16.605312285424247,NOMINAL_FLIGHT
321.808749124985,97.51831313461375,18.488248846955393,1.1648879350943577,0.950928926607639,96.67773447280683,1.7989092332951278,20.237115299749213,95.01159395998857,20.121201662728975,32.82042685175557,21.928189442452947,REDUCE_LOAD_PAYLOAD
4304.789943671473,59.23090640523368,-2.3186489163863464,0.7618893294782376,0.6219504730434592,80.21126788535386,1.1139680134295467,22.17475825083865,59.802906636739586,10.661288004327016,50.24536307131742,58.301944612070685,CRITICAL_ABORT
2852.854291396402,71.43036638941203,4.549000031802924,0.8960887204578082,0.7315009962920883,82.08322910927416,3.772652511413397,14.715689106585472,67.6249742472054,13.253579744351427,28.677301102378067,46.43058018848774,REDUCE_LOAD_PAYLOAD
5094.588119752057,53.34054986188768,-14.71728999541353,0.7190390142501404,0.5869706238776656,97.45979927689669,3.536280437662925,17.591705609567214,58.88744197284139,8.156447041753045,41.71147631706398,78.08432395311235,CRITICAL_ABORT
2300.382846349554,76.5747555106134,11.734921872359894,0.9363939600669413,0.7644032327077072,83.23469860272749,0.33561016731279203,11.870672640803173,75.39216793227132,29.772076165036268,23.404187259083063,27.667697137989315,NOMINAL_FLIGHT
1009.671531046277,89.76917638209665,17.120596013809617,1.0773743823704056,0.8794892917309433,82.06594533173464,2.0666139570449715,18.57735998676226,79.3721138163817,15.139732903725811,31.414762910124786,31.062888062638827,REDUCE_LOAD_PAYLOAD
5018.653154819219,53.88536191064313,-8.406369648548457,0.7090677496840467,0.5788308160686095,85.24151859465064,0.9002333820586883,8.206336791358408,57.63753480737344,27.36158703190083,19.03382893988593,58.82826606411099,PREHEAT_BATTERY
3293.45778984043,67.53144071585164,-2.4582803510335856,0.8691074901389132,0.7094755021542148,89.12304077270332,1.6431083580971624,16.30694625067889,66.30536808902967,15.518848288511924,33.907468780581866,47.91453335146834,REDUCE_LOAD_PAYLOAD
1135.1747543421293,88.41070325696262,25.578365935590178,1.031028880642645,0.8416562290960368,68.7409181280461,3.5073919930058257,18.951493191291767,68.7409181280461,10.748172960715372,32.75979640637686,42.086147277393195,REPLACE_BATTERY
4322.303991518675,59.09481393310697,1.2885949870591942,0.750147439310457,0.6123652565799649,93.73886847095307,2.1100580795541792,23.609260144905477,73.74342883002446,10.768792666032551,53.980376626660586,53.93679588649245,CRITICAL_ABORT
3066.6818309370033,69.51605989653825,9.88734751976937,0.8556257613884158,0.6984700092966659,80.24267596086408,1.3368611734830393,14.482708891078833,70.99196018559796,20.269963918549987,29.480513535028063,38.50689549603879,NOMINAL_FLIGHT
3625.877893441919,64.70542044645033,-0.09542981958088048,0.8255315249281197,0.6739032856556079,67.53219784641199,0.8315534164199883,21.00823345067751,52.06138846322729,10.082429330025375,42.60282181504127,54.35246629764551,REPLACE_BATTERY
2765.3900292394915,72.22559312151475,-1.620949637573796,0.9266532751747324,0.7564516532038631,92.51639342193747,3.201299437625957,18.16067950903951,69.71306139772479,11.496670971552287,35.640377190982726,49.59712430116185,CRITICAL_ABORT
4972.253902908038,54.22047522394615,2.4449365435453014,0.6853849036762703,0.5594978805520573,78.19324900901952,2.4980720614573886,23.75920591972637,62.54461209931493,8.184293909358516,55.64121723737511,63.32654721052006,CRITICAL_ABORT
4977.376294098299,54.18339668489075,-7.658433451668281,0.7109809191998979,0.5803925871019574,68.51286232832689,1.8722618417049248,14.77242048621032,46.91033607480561,10.055462896181474,33.340045144746576,71.12974757411392,REPLACE_BATTERY
4256.332930946317,59.60876336643126,-6.410163031251329,0.7785108676973719,0.6355190756713239,87.18226638401377,0.8699374154519122,13.424620777840797,60.93379068156581,18.013295297797114,29.940112570443173,54.324048941599436,PREHEAT_BATTERY
632.4082643787737,93.95486803812919,22.97335415395354,1.1053226657704798,0.9023042169554937,95.80459737017746,1.3369854966285253,23.081413977800445,95.80459737017746,19.324737734709835,38.76336461828184,24.019983128351306,REDUCE_LOAD_PAYLOAD
5033.123171424413,53.78119763745388,-1.8796966742422008,0.6906701154542485,0.5638123391463252,96.07137282948952,3.839373706954074,8.837154823940915,72.1084303683947,20.069376579030568,20.874294957456826,58.690484980854045,REDUCE_LOAD_PAYLOAD
4026.077883197459,61.43101308232604,-1.2847590212108149,0.7871843320093411,0.6425994547015029,98.51822161831406,2.0803597504233373,10.318551679872506,74.61314430599181,24.007221002521963,22.60662323143879,45.538267649705915,NOMINAL_FLIGHT
4182.144996025797,60.19104409067023,4.208933365529193,0.7560180545987875,0.6171575955908468,95.36969109183408,1.6027971249730117,9.400875387928755,78.20141481671753,29.25039737082987,19.136181298035964,38.61674834077957,NOMINAL_FLIGHT
2177.89704242323,77.7549317608909,16.25866891683335,0.935963381015614,0.7640517396045828,65.07493217709164,2.0856881693932956,22.332869261798844,62.29940989911573,10.5714756271709,42.94331521429928,46.149225344457605,REPLACE_BATTERY
5275.67733694204,52.05926993836476,-14.67380862713355,0.7016491064178894,0.5727747807492974,78.30844082446866,3.1159540235984347,8.180326197295429,47.354569266648696,16.80191965010286,19.746547674887466,78.56842383636284,CRITICAL_ABORT
4352.229601409144,58.86286371597188,-6.658442937456818,0.7694853953456922,0.6281513431393405,93.6489902966926,1.360435746011475,22.648171643449817,65.18847688737958,9.949563942283936,50.22934885041979,60.291527962938694,CRITICAL_ABORT
675.5427991751668,93.46844674897365,25.396657621760255,1.09067475524605,0.8903467389763673,77.8188552099466,0.7148244837304354,15.671552521311536,77.8188552099466,24.151837399589603,26.32880980378188,23.78759033181655,NOMINAL_FLIGHT
2446.668206436976,75.18431505929082,-4.466406160892536,0.9748292407765555,0.7957789720624943,86.05419772328972,2.339744473356191,8.068429740517503,62.052216455125254,29.142063624465923,15.214544698496052,44.12804901353155,REDUCE_LOAD_PAYLOAD
5318.28217176085,51.76147541569925,-10.316112582270467,0.686068907013989,0.5600562506236645,86.22109315810862,2.6608164139242687,14.82796801260471,56.422765772625404,12.536515061319907,36.05033484051423,73.10010752177033,PREHEAT_BATTERY
283.18021018427396,97.96903648790358,16.00517262567886,1.1803215051900091,0.9635277593387829,77.77588564135881,2.8508720118341984,11.175614297765605,74.23389153930607,24.85982389954839,16.115301450234114,26.82646320797029,REDUCE_LOAD_PAYLOAD
5768.499717852297,48.69803940234901,-14.878017173207553,0.6568657668128932,0.536216952500321,96.65658745484507,3.5279503630645186,18.614808287026772,58.225020119292616,8.256798681695889,48.64677792485005,83.07209551983303,CRITICAL_ABORT
4074.9754099173765,61.040313134018994,-2.9814406096089705,0.787089999878935,0.6425224488807633,82.61299208851412,1.4846964827564522,19.549099428667994,60.9693445761013,10.48147102047838,43.57024892562468,56.730942859273014,CRITICAL_ABORT
3788.2558658602597,63.360240297917386,-1.4148850176292287,0.8122944776347684,0.6630975327630761,81.26744720781252,0.3014195849155672,16.287968696884995,61.42765057881275,17.929476956877263,33.58960216732111,47.25551937750324,REDUCE_LOAD_PAYLOAD
1623.3555389279484,83.28386128520212,11.686882736405293,1.018607985941893,0.8315167232178718,99.91298109816636,3.833394334523769,8.68883193247439,90.44427415868844,30.12646316926147,15.132236748682306,29.088558506670243,REDUCE_LOAD_PAYLOAD
1492.7507324350624,84.63123672509221,9.811401991028024,1.041947741168925,0.8505695846276938,82.27251274254158,1.7400477097499008,19.15418967424243,72.71655896399328,15.137492618404174,33.16819957162393,32.93002586208923,REDUCE_LOAD_PAYLOAD
5652.3493169315725,49.473927133058794,-0.2807142259617912,0.6316320806370855,0.5156180250098658,71.24393881750034,2.4930300386925253,22.31465932129386,54.772330033718546,7.1192857485339625,58.861907798847,72.11117440500315,REPLACE_BATTERY
1789.6347254047364,81.5936415604955,22.70468430567597,0.9607719499380516,0.784303632602491,82.95742980022032,2.665221292513169,20.245512714548823,82.95742980022032,15.18671465169895,35.89380089595502,38.54632294377086,REDUCE_LOAD_PAYLOAD
4653.031780313996,56.572055389556446,-11.05503567332239,0.7519444009097658,0.613832164007972,93.49058574319756,2.186054834804814,22.109284622240416,60.39235612392476,10.485756519842809,49.58426403657166,70.150299586895,CRITICAL_ABORT
2358.730789242475,76.01768468485706,17.57883362644175,0.9108963896655062,0.7435888895228622,92.19011144143985,0.8210301189450804,11.408661900365086,89.64554482655859,34.482365912441615,20.715296105278497,26.416784019006926,NOMINAL_FLIGHT
835.5244247082238,91.68213202461642,17.571763787032282,1.0986253302893005,0.8968370043177963,92.60036177879648,3.020572200464566,23.111094974160203,90.03700848821737,14.222384730988953,38.35005051294327,32.65756859112412,REDUCE_LOAD_PAYLOAD
64.29178617215369,100.55503297123586,25.228040756539553,1.1740305651097285,0.9583922980487579,89.78083243992691,3.2150078972163265,13.477288661015368,89.78083243992691,23.25893076043148,20.95536159785978,24.094396876533594,REDUCE_LOAD_PAYLOAD
3265.5440220915048,67.77322035729605,3.457594056920638,0.8535647508339319,0.6967875517011689,73.8976240173341,2.211902344069759,8.227881842283848,59.96175677748287,25.156116040267687,16.871102409441995,43.26708841679399,REDUCE_LOAD_PAYLOAD
5854.672911293596,48.12879134402797,-16.354117129678205,0.6529190614238863,0.5329951521827643,95.1729430044081,1.9542446423393662,22.337657987594202,55.72976018424189,9.001740054985374,56.05540484579957,82.19768135461281,CRITICAL_ABORT
2214.817162855227,77.39765892638366,15.522950159471758,0.9340372205270755,0.7624793636955718,96.27052128816928,0.45575273251194126,24.010961572400355,91.35703097758852,17.220563874027057,45.03633054495218,30.3407340228229,REDUCE_LOAD_PAYLOAD
2143.154003958269,78.09235563958156,11.698931627154538,0.9550725813462172,0.7796510868132385,71.79534438164922,0.33580664599913534,19.14448935609493,65.00119446841897,16.99995756691547,36.24069945609736,35.119329692333054,REPLACE_BATTERY
2064.5497070966526,78.86013656680166,9.197669787775549,0.9730065543557508,0.7942910647802046,69.56594727929878,1.358259382254115,11.934422717878219,60.9991398712749,22.336548663801583,22.317507975183887,34.94925139115576,REPLACE_BATTERY
3123.2630238291504,69.01652782498175,-1.8241568738918392,0.8861441892600751,0.7233830116408776,99.14617390061892,1.243384622069573,12.279655892803017,74.47906306037167,25.259963575141988,24.78461666732238,38.73734755756634,NOMINAL_FLIGHT
2643.989300545761,73.34123689784198,3.346094477856952,0.9240632051077814,0.7543373102920664,95.39133872776287,3.814625803853085,15.932078848405531,77.28086161980971,14.73654105393976,30.40145985724033,42.88508306519731,REDUCE_LOAD_PAYLOAD
5279.487760362087,52.03257991104356,-17.523571020364045,0.7091074620821552,0.5788632343527798,96.26326515234814,3.134490969773719,23.263128353224133,55.08485243315066,8.011527017434872,54.66128479585354,84.84537250514644,CRITICAL_ABORT
3033.124750340942,69.81370186313698,5.345806864859725,0.8733020008070702,0.7128995924955674,96.02317346185383,2.6396971810362397,10.543160154508492,79.9817531871603,25.320943011171796,21.051468878109276,35.30987752026431,REDUCE_LOAD_PAYLOAD
3046.5470291314127,69.69452640989803,-0.785883650776162,0.8914381800879323,0.7277046368064753,83.9590388411805,2.0705923560704202,22.041552382919278,64.06418277544547,10.214261077687702,43.88893572105615,51.31857388813377,CRITICAL_ABORT
